item_id,project_id,component_id,item_name_raw,item_name_normalized,item_category_raw,item_category_normalized,article_raw,material_raw,material_normalized,thickness_mm,format_raw,decor_or_color_raw,supplier_raw,unit_raw,canonical_unit,calculated_quantity,order_quantity,length_mm,width_mm,area_m2,linear_length_m,coefficient,historical_unit_price,historical_line_cost,currency_code,price_effective_date,manual_value_raw,comment_raw,value_provenance,status_codes,source_container,source_file,source_sheet_or_section,source_row_or_range,source_value_raw,source_formula,source_formula_cell
I-20240801-63FDF80F16562782,P-2024-08-01,,AGT 18mm Фасад Белый,AGT 18mm Фасад Белый,Деталь,detail,,,,,,Цвета\Белый,,шт.,pcs,3,,930,612,,,,,,,,,,"{""calculated_quantity"":{""status_codes"":[""static""],""source_cell"":""Детали из PRO100!D3""},""length_mm"":{""status_codes"":[""static""],""source_cell"":""Детали из PRO100!B3""},""width_mm"":{""status_codes"":[""static""],""source_cell"":""Детали из PRO100!C3""}}",static,source-materials/Medvedev.Works.Calc.zip,Medvedev.Works.Calc/Примеры расчетов/Кукня_01.08.24.xls,Детали из PRO100,A3:E3,"{""A3"":""AGT 18mm Фасад Белый"",""B3"":""930"",""C3"":""612"",""D3"":""3"",""E3"":""Цвета\\Белый""}",,
I-20240801-E713E0C83ADC1B08,P-2024-08-01,,AGT 18mm Фасад Белый,AGT 18mm Фасад Белый,Деталь,detail,,,,,,Цвета\Белый,,шт.,pcs,2,,930,372,,,,,,,,,,"{""calculated_quantity"":{""status_codes"":[""static""],""source_cell"":""Детали из PRO100!D4""},""length_mm"":{""status_codes"":[""static""],""source_cell"":""Детали из PRO100!B4""},""width_mm"":{""status_codes"":[""static""],""source_cell"":""Детали из PRO100!C4""}}",static,source-materials/Medvedev.Works.Calc.zip,Medvedev.Works.Calc/Примеры расчетов/Кукня_01.08.24.xls,Детали из PRO100,A4:E4,"{""A4"":""AGT 18mm Фасад Белый"",""B4"":""930"",""C4"":""372"",""D4"":""2"",""E4"":""Цвета\\Белый""}",,
I-20240801-9FA7BFC2DD6E13B5,P-2024-08-01,,AGT 18mm Фасад Белый,AGT 18mm Фасад Белый,Деталь,detail,,,,,,Цвета\Белый,,шт.,pcs,1,,512,350,,,,,,,,,,"{""calculated_quantity"":{""status_codes"":[""static""],""source_cell"":""Детали из PRO100!D5""},""length_mm"":{""status_codes"":[""static""],""source_cell"":""Детали из PRO100!B5""},""width_mm"":{""status_codes"":[""static""],""source_cell"":""Детали из PRO100!C5""}}",static,source-materials/Medvedev.Works.Calc.zip,Medvedev.Works.Calc/Примеры расчетов/Кукня_01.08.24.xls,Детали из PRO100,A5:E5,"{""A5"":""AGT 18mm Фасад Белый"",""B5"":""512"",""C5"":""350"",""D5"":""1"",""E5"":""Цвета\\Белый""}",,
I-20240801-41FF05B839B674CC,P-2024-08-01,,AGT 18mm Фасад Белый,AGT 18mm Фасад Белый,Деталь,detail,,,,,,Цвета\Белый,,шт.,pcs,3,,512,600,,,,,,,,,,"{""calculated_quantity"":{""status_codes"":[""static""],""source_cell"":""Детали из PRO100!D6""},""length_mm"":{""status_codes"":[""static""],""source_cell"":""Детали из PRO100!B6""},""width_mm"":{""status_codes"":[""static""],""source_cell"":""Детали из PRO100!C6""}}",static,source-materials/Medvedev.Works.Calc.zip,Medvedev.Works.Calc/Примеры расчетов/Кукня_01.08.24.xls,Детали из PRO100,A6:E6,"{""A6"":""AGT 18mm Фасад Белый"",""B6"":""512"",""C6"":""600"",""D6"":""3"",""E6"":""Цвета\\Белый""}",,
I-20240801-BB87947812EA6FD3,P-2024-08-01,,AGT 18mm Фасад Белый,AGT 18mm Фасад Белый,Деталь,detail,,,,,,Цвета\Белый,,шт.,pcs,1,,1818,350,,,,,,,,,,"{""calculated_quantity"":{""status_codes"":[""static""],""source_cell"":""Детали из PRO100!D7""},""length_mm"":{""status_codes"":[""static""],""source_cell"":""Детали из PRO100!B7""},""width_mm"":{""status_codes"":[""static""],""source_cell"":""Детали из PRO100!C7""}}",static,source-materials/Medvedev.Works.Calc.zip,Medvedev.Works.Calc/Примеры расчетов/Кукня_01.08.24.xls,Детали из PRO100,A7:E7,"{""A7"":""AGT 18mm Фасад Белый"",""B7"":""1818"",""C7"":""350"",""D7"":""1"",""E7"":""Цвета\\Белый""}",,
I-20240801-96BAA1AF38FDC9AC,P-2024-08-01,,AGT 18mm Фасад Белый,AGT 18mm Фасад Белый,Деталь,detail,,,,,,Цвета\Белый,,шт.,pcs,1,,380,600,,,,,,,,,,"{""calculated_quantity"":{""status_codes"":[""static""],""source_cell"":""Детали из PRO100!D8""},""length_mm"":{""status_codes"":[""static""],""source_cell"":""Детали из PRO100!B8""},""width_mm"":{""status_codes"":[""static""],""source_cell"":""Детали из PRO100!C8""}}",static,source-materials/Medvedev.Works.Calc.zip,Medvedev.Works.Calc/Примеры расчетов/Кукня_01.08.24.xls,Детали из PRO100,A8:E8,"{""A8"":""AGT 18mm Фасад Белый"",""B8"":""380"",""C8"":""600"",""D8"":""1"",""E8"":""Цвета\\Белый""}",,
I-20240801-D240D0C3EE421947,P-2024-08-01,,AGT 18mm Фасад Белый,AGT 18mm Фасад Белый,Деталь,detail,,,,,,Цвета\Белый,,шт.,pcs,1,,453,600,,,,,,,,,,"{""calculated_quantity"":{""status_codes"":[""static""],""source_cell"":""Детали из PRO100!D9""},""length_mm"":{""status_codes"":[""static""],""source_cell"":""Детали из PRO100!B9""},""width_mm"":{""status_codes"":[""static""],""source_cell"":""Детали из PRO100!C9""}}",static,source-materials/Medvedev.Works.Calc.zip,Medvedev.Works.Calc/Примеры расчетов/Кукня_01.08.24.xls,Детали из PRO100,A9:E9,"{""A9"":""AGT 18mm Фасад Белый"",""B9"":""453"",""C9"":""600"",""D9"":""1"",""E9"":""Цвета\\Белый""}",,
I-20240801-BE9BFEDDF99D8C0B,P-2024-08-01,,AGT 18mm Фасад Белый,AGT 18mm Фасад Белый,Деталь,detail,,,,,,Цвета\Белый,,шт.,pcs,2,,720,600,,,,,,,,,,"{""calculated_quantity"":{""status_codes"":[""static""],""source_cell"":""Детали из PRO100!D10""},""length_mm"":{""status_codes"":[""static""],""source_cell"":""Детали из PRO100!B10""},""width_mm"":{""status_codes"":[""static""],""source_cell"":""Детали из PRO100!C10""}}",static,source-materials/Medvedev.Works.Calc.zip,Medvedev.Works.Calc/Примеры расчетов/Кукня_01.08.24.xls,Детали из PRO100,A10:E10,"{""A10"":""AGT 18mm Фасад Белый"",""B10"":""720"",""C10"":""600"",""D10"":""2"",""E10"":""Цвета\\Белый""}",,
I-20240801-7F0947412ED46CAF,P-2024-08-01,,AGT 18mm Фасад Белый,AGT 18mm Фасад Белый,Деталь,detail,,,,,,Цвета\Белый,,шт.,pcs,2,,1098,600,,,,,,,,,,"{""calculated_quantity"":{""status_codes"":[""static""],""source_cell"":""Детали из PRO100!D11""},""length_mm"":{""status_codes"":[""static""],""source_cell"":""Детали из PRO100!B11""},""width_mm"":{""status_codes"":[""static""],""source_cell"":""Детали из PRO100!C11""}}",static,source-materials/Medvedev.Works.Calc.zip,Medvedev.Works.Calc/Примеры расчетов/Кукня_01.08.24.xls,Детали из PRO100,A11:E11,"{""A11"":""AGT 18mm Фасад Белый"",""B11"":""1098"",""C11"":""600"",""D11"":""2"",""E11"":""Цвета\\Белый""}",,
I-20240801-DDC9F592E0D41A9D,P-2024-08-01,,AGT 18mm Фасад Белый,AGT 18mm Фасад Белый,Деталь,detail,,,,,,Цвета\Белый,,шт.,pcs,1,,720,40,,,,,,,,,,"{""calculated_quantity"":{""status_codes"":[""static""],""source_cell"":""Детали из PRO100!D12""},""length_mm"":{""status_codes"":[""static""],""source_cell"":""Детали из PRO100!B12""},""width_mm"":{""status_codes"":[""static""],""source_cell"":""Детали из PRO100!C12""}}",static,source-materials/Medvedev.Works.Calc.zip,Medvedev.Works.Calc/Примеры расчетов/Кукня_01.08.24.xls,Детали из PRO100,A12:E12,"{""A12"":""AGT 18mm Фасад Белый"",""B12"":""720"",""C12"":""40"",""D12"":""1"",""E12"":""Цвета\\Белый""}",,
I-20240801-85B7D752845BFDF3,P-2024-08-01,,AGT 18mm Фасад Белый,AGT 18mm Фасад Белый,Деталь,detail,,,,,,Цвета\Белый,,шт.,pcs,1,,1098,40,,,,,,,,,,"{""calculated_quantity"":{""status_codes"":[""static""],""source_cell"":""Детали из PRO100!D13""},""length_mm"":{""status_codes"":[""static""],""source_cell"":""Детали из PRO100!B13""},""width_mm"":{""status_codes"":[""static""],""source_cell"":""Детали из PRO100!C13""}}",static,source-materials/Medvedev.Works.Calc.zip,Medvedev.Works.Calc/Примеры расчетов/Кукня_01.08.24.xls,Детали из PRO100,A13:E13,"{""A13"":""AGT 18mm Фасад Белый"",""B13"":""1098"",""C13"":""40"",""D13"":""1"",""E13"":""Цвета\\Белый""}",,
I-20240801-20AEE91BA91B34C6,P-2024-08-01,,AGT 18mm Фасад Белый,AGT 18mm Фасад Белый,Деталь,detail,,,,,,Цвета\Белый,,шт.,pcs,1,,512,40,,,,,,,,,,"{""calculated_quantity"":{""status_codes"":[""static""],""source_cell"":""Детали из PRO100!D14""},""length_mm"":{""status_codes"":[""static""],""source_cell"":""Детали из PRO100!B14""},""width_mm"":{""status_codes"":[""static""],""source_cell"":""Детали из PRO100!C14""}}",static,source-materials/Medvedev.Works.Calc.zip,Medvedev.Works.Calc/Примеры расчетов/Кукня_01.08.24.xls,Детали из PRO100,A14:E14,"{""A14"":""AGT 18mm Фасад Белый"",""B14"":""512"",""C14"":""40"",""D14"":""1"",""E14"":""Цвета\\Белый""}",,
I-20240801-61B7FEDEAA6F330E,P-2024-08-01,,AGT 18mm Фасад Белый,AGT 18mm Фасад Белый,Деталь,detail,,,,,,Цвета\Белый,,шт.,pcs,1,,2330,40,,,,,,,,,,"{""calculated_quantity"":{""status_codes"":[""static""],""source_cell"":""Детали из PRO100!D15""},""length_mm"":{""status_codes"":[""static""],""source_cell"":""Детали из PRO100!B15""},""width_mm"":{""status_codes"":[""static""],""source_cell"":""Детали из PRO100!C15""}}",static,source-materials/Medvedev.Works.Calc.zip,Medvedev.Works.Calc/Примеры расчетов/Кукня_01.08.24.xls,Детали из PRO100,A15:E15,"{""A15"":""AGT 18mm Фасад Белый"",""B15"":""2330"",""C15"":""40"",""D15"":""1"",""E15"":""Цвета\\Белый""}",,
I-20240801-7D5F78C59AD491B6,P-2024-08-01,,AGT 18mm Фасад Белый,AGT 18mm Фасад Белый,Деталь,detail,,,,,,Цвета\Белый,,шт.,pcs,9,,2330,35,,,,,,,,,,"{""calculated_quantity"":{""status_codes"":[""static""],""source_cell"":""Детали из PRO100!D16""},""length_mm"":{""status_codes"":[""static""],""source_cell"":""Детали из PRO100!B16""},""width_mm"":{""status_codes"":[""static""],""source_cell"":""Детали из PRO100!C16""}}",static,source-materials/Medvedev.Works.Calc.zip,Medvedev.Works.Calc/Примеры расчетов/Кукня_01.08.24.xls,Детали из PRO100,A16:E16,"{""A16"":""AGT 18mm Фасад Белый"",""B16"":""2330"",""C16"":""35"",""D16"":""9"",""E16"":""Цвета\\Белый""}",,
I-20240801-0D1BCEC419D4E267,P-2024-08-01,,AGT 18mm Фасад Белый цоколь,AGT 18mm Фасад Белый цоколь,Деталь,detail,,,,,,Цвета\Белый,,шт.,pcs,1,,2580,100,,,,,,,,,,"{""calculated_quantity"":{""status_codes"":[""static""],""source_cell"":""Детали из PRO100!D17""},""length_mm"":{""status_codes"":[""static""],""source_cell"":""Детали из PRO100!B17""},""width_mm"":{""status_codes"":[""static""],""source_cell"":""Детали из PRO100!C17""}}",static,source-materials/Medvedev.Works.Calc.zip,Medvedev.Works.Calc/Примеры расчетов/Кукня_01.08.24.xls,Детали из PRO100,A17:E17,"{""A17"":""AGT 18mm Фасад Белый цоколь"",""B17"":""2580"",""C17"":""100"",""D17"":""1"",""E17"":""Цвета\\Белый""}",,
I-20240801-E6891C19C3A6302F,P-2024-08-01,,AGT 18mm Фасад дерево,AGT 18mm Фасад дерево,Деталь,detail,,,,,,Дерево\Дуб 4,,шт.,pcs,1,,380,600,,,,,,,,,,"{""calculated_quantity"":{""status_codes"":[""static""],""source_cell"":""Детали из PRO100!D18""},""length_mm"":{""status_codes"":[""static""],""source_cell"":""Детали из PRO100!B18""},""width_mm"":{""status_codes"":[""static""],""source_cell"":""Детали из PRO100!C18""}}",static,source-materials/Medvedev.Works.Calc.zip,Medvedev.Works.Calc/Примеры расчетов/Кукня_01.08.24.xls,Детали из PRO100,A18:E18,"{""A18"":""AGT 18mm Фасад дерево"",""B18"":""380"",""C18"":""600"",""D18"":""1"",""E18"":""Дерево\\Дуб 4""}",,
I-20240801-0C4D3D24B2837746,P-2024-08-01,,AGT 18mm Фасад дерево,AGT 18mm Фасад дерево,Деталь,detail,,,,,,Дерево\Дуб 4,,шт.,pcs,2,,190,600,,,,,,,,,,"{""calculated_quantity"":{""status_codes"":[""static""],""source_cell"":""Детали из PRO100!D19""},""length_mm"":{""status_codes"":[""static""],""source_cell"":""Детали из PRO100!B19""},""width_mm"":{""status_codes"":[""static""],""source_cell"":""Детали из PRO100!C19""}}",static,source-materials/Medvedev.Works.Calc.zip,Medvedev.Works.Calc/Примеры расчетов/Кукня_01.08.24.xls,Детали из PRO100,A19:E19,"{""A19"":""AGT 18mm Фасад дерево"",""B19"":""190"",""C19"":""600"",""D19"":""2"",""E19"":""Дерево\\Дуб 4""}",,
I-20240801-B201A6BD4709BB8C,P-2024-08-01,,AGT 18mm Фасад дерево,AGT 18mm Фасад дерево,Деталь,detail,,,,,,Дерево\Дуб 4,,шт.,pcs,2,,380,700,,,,,,,,,,"{""calculated_quantity"":{""status_codes"":[""static""],""source_cell"":""Детали из PRO100!D20""},""length_mm"":{""status_codes"":[""static""],""source_cell"":""Детали из PRO100!B20""},""width_mm"":{""status_codes"":[""static""],""source_cell"":""Детали из PRO100!C20""}}",static,source-materials/Medvedev.Works.Calc.zip,Medvedev.Works.Calc/Примеры расчетов/Кукня_01.08.24.xls,Детали из PRO100,A20:E20,"{""A20"":""AGT 18mm Фасад дерево"",""B20"":""380"",""C20"":""700"",""D20"":""2"",""E20"":""Дерево\\Дуб 4""}",,
I-20240801-25FEBEA350EB04EC,P-2024-08-01,,AGT 18mm Фасад дерево,AGT 18mm Фасад дерево,Деталь,detail,,,,,,Дерево\Дуб 4,,шт.,pcs,1,,760,55,,,,,,,,,,"{""calculated_quantity"":{""status_codes"":[""static""],""source_cell"":""Детали из PRO100!D21""},""length_mm"":{""status_codes"":[""static""],""source_cell"":""Детали из PRO100!B21""},""width_mm"":{""status_codes"":[""static""],""source_cell"":""Детали из PRO100!C21""}}",static,source-materials/Medvedev.Works.Calc.zip,Medvedev.Works.Calc/Примеры расчетов/Кукня_01.08.24.xls,Детали из PRO100,A21:E21,"{""A21"":""AGT 18mm Фасад дерево"",""B21"":""760"",""C21"":""55"",""D21"":""1"",""E21"":""Дерево\\Дуб 4""}",,
I-20240801-C94219BDA7DA2423,P-2024-08-01,,AGT 18mm Фасад дерево,AGT 18mm Фасад дерево,Деталь,detail,,,,,,Дерево\Дуб 4,,шт.,pcs,3,,760,600,,,,,,,,,,"{""calculated_quantity"":{""status_codes"":[""static""],""source_cell"":""Детали из PRO100!D22""},""length_mm"":{""status_codes"":[""static""],""source_cell"":""Детали из PRO100!B22""},""width_mm"":{""status_codes"":[""static""],""source_cell"":""Детали из PRO100!C22""}}",static,source-materials/Medvedev.Works.Calc.zip,Medvedev.Works.Calc/Примеры расчетов/Кукня_01.08.24.xls,Детали из PRO100,A22:E22,"{""A22"":""AGT 18mm Фасад дерево"",""B22"":""760"",""C22"":""600"",""D22"":""3"",""E22"":""Дерево\\Дуб 4""}",,
I-20240801-2C7737245BE0EA46,P-2024-08-01,,AGT 18mm Фасад дерево,AGT 18mm Фасад дерево,Деталь,detail,,,,,,Дерево\Дуб 4,,шт.,pcs,1,,760,50,,,,,,,,,,"{""calculated_quantity"":{""status_codes"":[""static""],""source_cell"":""Детали из PRO100!D23""},""length_mm"":{""status_codes"":[""static""],""source_cell"":""Детали из PRO100!B23""},""width_mm"":{""status_codes"":[""static""],""source_cell"":""Детали из PRO100!C23""}}",static,source-materials/Medvedev.Works.Calc.zip,Medvedev.Works.Calc/Примеры расчетов/Кукня_01.08.24.xls,Детали из PRO100,A23:E23,"{""A23"":""AGT 18mm Фасад дерево"",""B23"":""760"",""C23"":""50"",""D23"":""1"",""E23"":""Дерево\\Дуб 4""}",,
I-20240801-14C8F51B52D78E8C,P-2024-08-01,,AGT 18mm Фасад дерево,AGT 18mm Фасад дерево,Деталь,detail,,,,,,Дерево\Дуб 4,,шт.,pcs,1,,760,65,,,,,,,,,,"{""calculated_quantity"":{""status_codes"":[""static""],""source_cell"":""Детали из PRO100!D24""},""length_mm"":{""status_codes"":[""static""],""source_cell"":""Детали из PRO100!B24""},""width_mm"":{""status_codes"":[""static""],""source_cell"":""Детали из PRO100!C24""}}",static,source-materials/Medvedev.Works.Calc.zip,Medvedev.Works.Calc/Примеры расчетов/Кукня_01.08.24.xls,Детали из PRO100,A24:E24,"{""A24"":""AGT 18mm Фасад дерево"",""B24"":""760"",""C24"":""65"",""D24"":""1"",""E24"":""Дерево\\Дуб 4""}",,
I-20240801-034ECC7BF5454BD8,P-2024-08-01,,AGT 18mm Фасад дерево,AGT 18mm Фасад дерево,Деталь,detail,,,,,,Дерево\Дуб 4,,шт.,pcs,1,,760,450,,,,,,,,,,"{""calculated_quantity"":{""status_codes"":[""static""],""source_cell"":""Детали из PRO100!D25""},""length_mm"":{""status_codes"":[""static""],""source_cell"":""Детали из PRO100!B25""},""width_mm"":{""status_codes"":[""static""],""source_cell"":""Детали из PRO100!C25""}}",static,source-materials/Medvedev.Works.Calc.zip,Medvedev.Works.Calc/Примеры расчетов/Кукня_01.08.24.xls,Детали из PRO100,A25:E25,"{""A25"":""AGT 18mm Фасад дерево"",""B25"":""760"",""C25"":""450"",""D25"":""1"",""E25"":""Дерево\\Дуб 4""}",,
I-20240801-2C701131B50234E6,P-2024-08-01,,AGT 18mm Фасад дерево цоколь,AGT 18mm Фасад дерево цоколь,Деталь,detail,,,,,,Дерево\Дуб 4,,шт.,pcs,1,,1772,100,,,,,,,,,,"{""calculated_quantity"":{""status_codes"":[""static""],""source_cell"":""Детали из PRO100!D26""},""length_mm"":{""status_codes"":[""static""],""source_cell"":""Детали из PRO100!B26""},""width_mm"":{""status_codes"":[""static""],""source_cell"":""Детали из PRO100!C26""}}",static,source-materials/Medvedev.Works.Calc.zip,Medvedev.Works.Calc/Примеры расчетов/Кукня_01.08.24.xls,Детали из PRO100,A26:E26,"{""A26"":""AGT 18mm Фасад дерево цоколь"",""B26"":""1772"",""C26"":""100"",""D26"":""1"",""E26"":""Дерево\\Дуб 4""}",,
I-20240801-F4F10228BE329A8D,P-2024-08-01,,AGT 18mm Фасад дерево цоколь,AGT 18mm Фасад дерево цоколь,Деталь,detail,,,,,,Дерево\Дуб 4,,шт.,pcs,1,,2029,100,,,,,,,,,,"{""calculated_quantity"":{""status_codes"":[""static""],""source_cell"":""Детали из PRO100!D27""},""length_mm"":{""status_codes"":[""static""],""source_cell"":""Детали из PRO100!B27""},""width_mm"":{""status_codes"":[""static""],""source_cell"":""Детали из PRO100!C27""}}",static,source-materials/Medvedev.Works.Calc.zip,Medvedev.Works.Calc/Примеры расчетов/Кукня_01.08.24.xls,Детали из PRO100,A27:E27,"{""A27"":""AGT 18mm Фасад дерево цоколь"",""B27"":""2029"",""C27"":""100"",""D27"":""1"",""E27"":""Дерево\\Дуб 4""}",,
I-20240801-2ECD88A9704C61DE,P-2024-08-01,,ЛДСП 16мм верхний задник,ЛДСП 16мм верхний задник,Деталь,detail,,,,,,Цвета\Белый,,шт.,pcs,3,,898,580,,,,,,,,,,"{""calculated_quantity"":{""status_codes"":[""static""],""source_cell"":""Детали из PRO100!D28""},""length_mm"":{""status_codes"":[""static""],""source_cell"":""Детали из PRO100!B28""},""width_mm"":{""status_codes"":[""static""],""source_cell"":""Детали из PRO100!C28""}}",static,source-materials/Medvedev.Works.Calc.zip,Medvedev.Works.Calc/Примеры расчетов/Кукня_01.08.24.xls,Детали из PRO100,A28:E28,"{""A28"":""ЛДСП 16мм верхний задник"",""B28"":""898"",""C28"":""580"",""D28"":""3"",""E28"":""Цвета\\Белый""}",,
I-20240801-F40A422F27671E16,P-2024-08-01,,ЛДСП 16мм верхний задник,ЛДСП 16мм верхний задник,Деталь,detail,,,,,,Цвета\Белый,,шт.,pcs,1,,898,713,,,,,,,,,,"{""calculated_quantity"":{""status_codes"":[""static""],""source_cell"":""Детали из PRO100!D29""},""length_mm"":{""status_codes"":[""static""],""source_cell"":""Детали из PRO100!B29""},""width_mm"":{""status_codes"":[""static""],""source_cell"":""Детали из PRO100!C29""}}",static,source-materials/Medvedev.Works.Calc.zip,Medvedev.Works.Calc/Примеры расчетов/Кукня_01.08.24.xls,Детали из PRO100,A29:E29,"{""A29"":""ЛДСП 16мм верхний задник"",""B29"":""898"",""C29"":""713"",""D29"":""1"",""E29"":""Цвета\\Белый""}",,
I-20240801-92392242A3E04796,P-2024-08-01,,ЛДСП 16мм верхний полка,ЛДСП 16мм верхний полка,Деталь,detail,,,,,,Цвета\Белый,,шт.,pcs,6,,580,300,,,,,,,,,,"{""calculated_quantity"":{""status_codes"":[""static""],""source_cell"":""Детали из PRO100!D30""},""length_mm"":{""status_codes"":[""static""],""source_cell"":""Детали из PRO100!B30""},""width_mm"":{""status_codes"":[""static""],""source_cell"":""Детали из PRO100!C30""}}",static,source-materials/Medvedev.Works.Calc.zip,Medvedev.Works.Calc/Примеры расчетов/Кукня_01.08.24.xls,Детали из PRO100,A30:E30,"{""A30"":""ЛДСП 16мм верхний полка"",""B30"":""580"",""C30"":""300"",""D30"":""6"",""E30"":""Цвета\\Белый""}",,
I-20240801-A5C5D40B5F99A3D5,P-2024-08-01,,ЛДСП 16мм верхний полка,ЛДСП 16мм верхний полка,Деталь,detail,,,,,,Цвета\Белый,,шт.,pcs,2,,713,300,,,,,,,,,,"{""calculated_quantity"":{""status_codes"":[""static""],""source_cell"":""Детали из PRO100!D31""},""length_mm"":{""status_codes"":[""static""],""source_cell"":""Детали из PRO100!B31""},""width_mm"":{""status_codes"":[""static""],""source_cell"":""Детали из PRO100!C31""}}",static,source-materials/Medvedev.Works.Calc.zip,Medvedev.Works.Calc/Примеры расчетов/Кукня_01.08.24.xls,Детали из PRO100,A31:E31,"{""A31"":""ЛДСП 16мм верхний полка"",""B31"":""713"",""C31"":""300"",""D31"":""2"",""E31"":""Цвета\\Белый""}",,
I-20240801-C508E069F99B3E81,P-2024-08-01,,ЛДСП 16мм верхний стоеевая,ЛДСП 16мм верхний стоеевая,Деталь,detail,,,,,,Цвета\Белый,,шт.,pcs,8,,930,324,,,,,,,,,,"{""calculated_quantity"":{""status_codes"":[""static""],""source_cell"":""Детали из PRO100!D32""},""length_mm"":{""status_codes"":[""static""],""source_cell"":""Детали из PRO100!B32""},""width_mm"":{""status_codes"":[""static""],""source_cell"":""Детали из PRO100!C32""}}",static,source-materials/Medvedev.Works.Calc.zip,Medvedev.Works.Calc/Примеры расчетов/Кукня_01.08.24.xls,Детали из PRO100,A32:E32,"{""A32"":""ЛДСП 16мм верхний стоеевая"",""B32"":""930"",""C32"":""324"",""D32"":""8"",""E32"":""Цвета\\Белый""}",,
I-20240801-94D57FF7D946C8CE,P-2024-08-01,,ЛДСП 16мм верхний стяжка,ЛДСП 16мм верхний стяжка,Деталь,detail,,,,,,Цвета\Белый,,шт.,pcs,6,,580,324,,,,,,,,,,"{""calculated_quantity"":{""status_codes"":[""static""],""source_cell"":""Детали из PRO100!D33""},""length_mm"":{""status_codes"":[""static""],""source_cell"":""Детали из PRO100!B33""},""width_mm"":{""status_codes"":[""static""],""source_cell"":""Детали из PRO100!C33""}}",static,source-materials/Medvedev.Works.Calc.zip,Medvedev.Works.Calc/Примеры расчетов/Кукня_01.08.24.xls,Детали из PRO100,A33:E33,"{""A33"":""ЛДСП 16мм верхний стяжка"",""B33"":""580"",""C33"":""324"",""D33"":""6"",""E33"":""Цвета\\Белый""}",,
I-20240801-BEE5ECCCE89FA976,P-2024-08-01,,ЛДСП 16мм верхний стяжка,ЛДСП 16мм верхний стяжка,Деталь,detail,,,,,,Цвета\Белый,,шт.,pcs,2,,713,324,,,,,,,,,,"{""calculated_quantity"":{""status_codes"":[""static""],""source_cell"":""Детали из PRO100!D34""},""length_mm"":{""status_codes"":[""static""],""source_cell"":""Детали из PRO100!B34""},""width_mm"":{""status_codes"":[""static""],""source_cell"":""Детали из PRO100!C34""}}",static,source-materials/Medvedev.Works.Calc.zip,Medvedev.Works.Calc/Примеры расчетов/Кукня_01.08.24.xls,Детали из PRO100,A34:E34,"{""A34"":""ЛДСП 16мм верхний стяжка"",""B34"":""713"",""C34"":""324"",""D34"":""2"",""E34"":""Цвета\\Белый""}",,
I-20240801-46143220EFE61B82,P-2024-08-01,,ЛДСП 16мм корпус дно,ЛДСП 16мм корпус дно,Деталь,detail,,,,,,Цвета\Белый,,шт.,pcs,5,,600,514,,,,,,,,,,"{""calculated_quantity"":{""status_codes"":[""static""],""source_cell"":""Детали из PRO100!D35""},""length_mm"":{""status_codes"":[""static""],""source_cell"":""Детали из PRO100!B35""},""width_mm"":{""status_codes"":[""static""],""source_cell"":""Детали из PRO100!C35""}}",static,source-materials/Medvedev.Works.Calc.zip,Medvedev.Works.Calc/Примеры расчетов/Кукня_01.08.24.xls,Детали из PRO100,A35:E35,"{""A35"":""ЛДСП 16мм корпус дно"",""B35"":""600"",""C35"":""514"",""D35"":""5"",""E35"":""Цвета\\Белый""}",,
I-20240801-D119FAFBBEF752B4,P-2024-08-01,,ЛДСП 16мм корпус дно,ЛДСП 16мм корпус дно,Деталь,detail,,,,,,Цвета\Белый,,шт.,pcs,1,,700,514,,,,,,,,,,"{""calculated_quantity"":{""status_codes"":[""static""],""source_cell"":""Детали из PRO100!D36""},""length_mm"":{""status_codes"":[""static""],""source_cell"":""Детали из PRO100!B36""},""width_mm"":{""status_codes"":[""static""],""source_cell"":""Детали из PRO100!C36""}}",static,source-materials/Medvedev.Works.Calc.zip,Medvedev.Works.Calc/Примеры расчетов/Кукня_01.08.24.xls,Детали из PRO100,A36:E36,"{""A36"":""ЛДСП 16мм корпус дно"",""B36"":""700"",""C36"":""514"",""D36"":""1"",""E36"":""Цвета\\Белый""}",,
I-20240801-7A0EC63CF6C057EC,P-2024-08-01,,ЛДСП 16мм корпус дно,ЛДСП 16мм корпус дно,Деталь,detail,,,,,,Цвета\Белый,,шт.,pcs,1,,1200,514,,,,,,,,,,"{""calculated_quantity"":{""status_codes"":[""static""],""source_cell"":""Детали из PRO100!D37""},""length_mm"":{""status_codes"":[""static""],""source_cell"":""Детали из PRO100!B37""},""width_mm"":{""status_codes"":[""static""],""source_cell"":""Детали из PRO100!C37""}}",static,source-materials/Medvedev.Works.Calc.zip,Medvedev.Works.Calc/Примеры расчетов/Кукня_01.08.24.xls,Детали из PRO100,A37:E37,"{""A37"":""ЛДСП 16мм корпус дно"",""B37"":""1200"",""C37"":""514"",""D37"":""1"",""E37"":""Цвета\\Белый""}",,
I-20240801-853A196EE7B37C5E,P-2024-08-01,,ЛДСП 16мм корпус дно,ЛДСП 16мм корпус дно,Деталь,detail,,,,,,Цвета\Белый,,шт.,pcs,1,,450,514,,,,,,,,,,"{""calculated_quantity"":{""status_codes"":[""static""],""source_cell"":""Детали из PRO100!D38""},""length_mm"":{""status_codes"":[""static""],""source_cell"":""Детали из PRO100!B38""},""width_mm"":{""status_codes"":[""static""],""source_cell"":""Детали из PRO100!C38""}}",static,source-materials/Medvedev.Works.Calc.zip,Medvedev.Works.Calc/Примеры расчетов/Кукня_01.08.24.xls,Детали из PRO100,A38:E38,"{""A38"":""ЛДСП 16мм корпус дно"",""B38"":""450"",""C38"":""514"",""D38"":""1"",""E38"":""Цвета\\Белый""}",,
I-20240801-12A85885DC6ADF5C,P-2024-08-01,,ЛДСП 16мм корпус дно,ЛДСП 16мм корпус дно,Деталь,detail,,,,,,Цвета\Белый,,шт.,pcs,1,,350,514,,,,,,,,,,"{""calculated_quantity"":{""status_codes"":[""static""],""source_cell"":""Детали из PRO100!D39""},""length_mm"":{""status_codes"":[""static""],""source_cell"":""Детали из PRO100!B39""},""width_mm"":{""status_codes"":[""static""],""source_cell"":""Детали из PRO100!C39""}}",static,source-materials/Medvedev.Works.Calc.zip,Medvedev.Works.Calc/Примеры расчетов/Кукня_01.08.24.xls,Детали из PRO100,A39:E39,"{""A39"":""ЛДСП 16мм корпус дно"",""B39"":""350"",""C39"":""514"",""D39"":""1"",""E39"":""Цвета\\Белый""}",,
I-20240801-C73BFB0B975A3615,P-2024-08-01,,ЛДСП 16мм корпус перемычка,ЛДСП 16мм корпус перемычка,Деталь,detail,,,,,,Цвета\Белый,,шт.,pcs,1,,568,150,,,,,,,,,,"{""calculated_quantity"":{""status_codes"":[""static""],""source_cell"":""Детали из PRO100!D40""},""length_mm"":{""status_codes"":[""static""],""source_cell"":""Детали из PRO100!B40""},""width_mm"":{""status_codes"":[""static""],""source_cell"":""Детали из PRO100!C40""}}",static,source-materials/Medvedev.Works.Calc.zip,Medvedev.Works.Calc/Примеры расчетов/Кукня_01.08.24.xls,Детали из PRO100,A40:E40,"{""A40"":""ЛДСП 16мм корпус перемычка"",""B40"":""568"",""C40"":""150"",""D40"":""1"",""E40"":""Цвета\\Белый""}",,
I-20240801-22420D5C0C69D006,P-2024-08-01,,ЛДСП 16мм корпус перемычка,ЛДСП 16мм корпус перемычка,Деталь,detail,,,,,,Цвета\Белый,,шт.,pcs,2,,668,70,,,,,,,,,,"{""calculated_quantity"":{""status_codes"":[""static""],""source_cell"":""Детали из PRO100!D41""},""length_mm"":{""status_codes"":[""static""],""source_cell"":""Детали из PRO100!B41""},""width_mm"":{""status_codes"":[""static""],""source_cell"":""Детали из PRO100!C41""}}",static,source-materials/Medvedev.Works.Calc.zip,Medvedev.Works.Calc/Примеры расчетов/Кукня_01.08.24.xls,Детали из PRO100,A41:E41,"{""A41"":""ЛДСП 16мм корпус перемычка"",""B41"":""668"",""C41"":""70"",""D41"":""2"",""E41"":""Цвета\\Белый""}",,
I-20240801-1C5431B41650C009,P-2024-08-01,,ЛДСП 16мм корпус перемычка,ЛДСП 16мм корпус перемычка,Деталь,detail,,,,,,Цвета\Белый,,шт.,pcs,1,,1168,150,,,,,,,,,,"{""calculated_quantity"":{""status_codes"":[""static""],""source_cell"":""Детали из PRO100!D42""},""length_mm"":{""status_codes"":[""static""],""source_cell"":""Детали из PRO100!B42""},""width_mm"":{""status_codes"":[""static""],""source_cell"":""Детали из PRO100!C42""}}",static,source-materials/Medvedev.Works.Calc.zip,Medvedev.Works.Calc/Примеры расчетов/Кукня_01.08.24.xls,Детали из PRO100,A42:E42,"{""A42"":""ЛДСП 16мм корпус перемычка"",""B42"":""1168"",""C42"":""150"",""D42"":""1"",""E42"":""Цвета\\Белый""}",,
I-20240801-023F8368A961457E,P-2024-08-01,,ЛДСП 16мм корпус перемычка,ЛДСП 16мм корпус перемычка,Деталь,detail,,,,,,Цвета\Белый,,шт.,pcs,2,,568,100,,,,,,,,,,"{""calculated_quantity"":{""status_codes"":[""static""],""source_cell"":""Детали из PRO100!D43""},""length_mm"":{""status_codes"":[""static""],""source_cell"":""Детали из PRO100!B43""},""width_mm"":{""status_codes"":[""static""],""source_cell"":""Детали из PRO100!C43""}}",static,source-materials/Medvedev.Works.Calc.zip,Medvedev.Works.Calc/Примеры расчетов/Кукня_01.08.24.xls,Детали из PRO100,A43:E43,"{""A43"":""ЛДСП 16мм корпус перемычка"",""B43"":""568"",""C43"":""100"",""D43"":""2"",""E43"":""Цвета\\Белый""}",,
I-20240801-21735235811D01DC,P-2024-08-01,,ЛДСП 16мм корпус перемычка,ЛДСП 16мм корпус перемычка,Деталь,detail,,,,,,Цвета\Белый,,шт.,pcs,2,,418,100,,,,,,,,,,"{""calculated_quantity"":{""status_codes"":[""static""],""source_cell"":""Детали из PRO100!D44""},""length_mm"":{""status_codes"":[""static""],""source_cell"":""Детали из PRO100!B44""},""width_mm"":{""status_codes"":[""static""],""source_cell"":""Детали из PRO100!C44""}}",static,source-materials/Medvedev.Works.Calc.zip,Medvedev.Works.Calc/Примеры расчетов/Кукня_01.08.24.xls,Детали из PRO100,A44:E44,"{""A44"":""ЛДСП 16мм корпус перемычка"",""B44"":""418"",""C44"":""100"",""D44"":""2"",""E44"":""Цвета\\Белый""}",,
I-20240801-9E55C1B5CA1AEA7F,P-2024-08-01,,ЛДСП 16мм корпус стоевая,ЛДСП 16мм корпус стоевая,Деталь,detail,,,,,,Цвета\Белый,,шт.,pcs,10,,747,560,,,,,,,,,,"{""calculated_quantity"":{""status_codes"":[""static""],""source_cell"":""Детали из PRO100!D45""},""length_mm"":{""status_codes"":[""static""],""source_cell"":""Детали из PRO100!B45""},""width_mm"":{""status_codes"":[""static""],""source_cell"":""Детали из PRO100!C45""}}",static,source-materials/Medvedev.Works.Calc.zip,Medvedev.Works.Calc/Примеры расчетов/Кукня_01.08.24.xls,Детали из PRO100,A45:E45,"{""A45"":""ЛДСП 16мм корпус стоевая"",""B45"":""747"",""C45"":""560"",""D45"":""10"",""E45"":""Цвета\\Белый""}",,
I-20240801-AA3E2376FEB067E3,P-2024-08-01,,ЛДСП 16мм корпус стоевая,ЛДСП 16мм корпус стоевая,Деталь,detail,,,,,,Цвета\Белый,,шт.,pcs,8,,2314,560,,,,,,,,,,"{""calculated_quantity"":{""status_codes"":[""static""],""source_cell"":""Детали из PRO100!D46""},""length_mm"":{""status_codes"":[""static""],""source_cell"":""Детали из PRO100!B46""},""width_mm"":{""status_codes"":[""static""],""source_cell"":""Детали из PRO100!C46""}}",static,source-materials/Medvedev.Works.Calc.zip,Medvedev.Works.Calc/Примеры расчетов/Кукня_01.08.24.xls,Детали из PRO100,A46:E46,"{""A46"":""ЛДСП 16мм корпус стоевая"",""B46"":""2314"",""C46"":""560"",""D46"":""8"",""E46"":""Цвета\\Белый""}",,
I-20240801-6431280CAEA1D814,P-2024-08-01,,ЛДСП 16мм корпус стяжка,ЛДСП 16мм корпус стяжка,Деталь,detail,,,,,,Цвета\Белый,,шт.,pcs,8,,568,514,,,,,,,,,,"{""calculated_quantity"":{""status_codes"":[""static""],""source_cell"":""Детали из PRO100!D47""},""length_mm"":{""status_codes"":[""static""],""source_cell"":""Детали из PRO100!B47""},""width_mm"":{""status_codes"":[""static""],""source_cell"":""Детали из PRO100!C47""}}",static,source-materials/Medvedev.Works.Calc.zip,Medvedev.Works.Calc/Примеры расчетов/Кукня_01.08.24.xls,Детали из PRO100,A47:E47,"{""A47"":""ЛДСП 16мм корпус стяжка"",""B47"":""568"",""C47"":""514"",""D47"":""8"",""E47"":""Цвета\\Белый""}",,
I-20240801-2AE47F4A21FD8748,P-2024-08-01,,ЛДСП 16мм корпус стяжка,ЛДСП 16мм корпус стяжка,Деталь,detail,,,,,,Цвета\Белый,,шт.,pcs,2,,568,488,,,,,,,,,,"{""calculated_quantity"":{""status_codes"":[""static""],""source_cell"":""Детали из PRO100!D48""},""length_mm"":{""status_codes"":[""static""],""source_cell"":""Детали из PRO100!B48""},""width_mm"":{""status_codes"":[""static""],""source_cell"":""Детали из PRO100!C48""}}",static,source-materials/Medvedev.Works.Calc.zip,Medvedev.Works.Calc/Примеры расчетов/Кукня_01.08.24.xls,Детали из PRO100,A48:E48,"{""A48"":""ЛДСП 16мм корпус стяжка"",""B48"":""568"",""C48"":""488"",""D48"":""2"",""E48"":""Цвета\\Белый""}",,
I-20240801-D25345F045108BB0,P-2024-08-01,,ЛДСП 16мм корпус стяжка,ЛДСП 16мм корпус стяжка,Деталь,detail,,,,,,Цвета\Белый,,шт.,pcs,1,,568,498,,,,,,,,,,"{""calculated_quantity"":{""status_codes"":[""static""],""source_cell"":""Детали из PRO100!D49""},""length_mm"":{""status_codes"":[""static""],""source_cell"":""Детали из PRO100!B49""},""width_mm"":{""status_codes"":[""static""],""source_cell"":""Детали из PRO100!C49""}}",static,source-materials/Medvedev.Works.Calc.zip,Medvedev.Works.Calc/Примеры расчетов/Кукня_01.08.24.xls,Детали из PRO100,A49:E49,"{""A49"":""ЛДСП 16мм корпус стяжка"",""B49"":""568"",""C49"":""498"",""D49"":""1"",""E49"":""Цвета\\Белый""}",,
I-20240801-E17BF3B63525EDE4,P-2024-08-01,,ЛДСП 16мм корпус стяжка,ЛДСП 16мм корпус стяжка,Деталь,detail,,,,,,Цвета\Белый,,шт.,pcs,1,,568,938,,,,,,,,,,"{""calculated_quantity"":{""status_codes"":[""static""],""source_cell"":""Детали из PRO100!D50""},""length_mm"":{""status_codes"":[""static""],""source_cell"":""Детали из PRO100!B50""},""width_mm"":{""status_codes"":[""static""],""source_cell"":""Детали из PRO100!C50""}}",static,source-materials/Medvedev.Works.Calc.zip,Medvedev.Works.Calc/Примеры расчетов/Кукня_01.08.24.xls,Детали из PRO100,A50:E50,"{""A50"":""ЛДСП 16мм корпус стяжка"",""B50"":""568"",""C50"":""938"",""D50"":""1"",""E50"":""Цвета\\Белый""}",,
I-20240801-C569A9601C7567B4,P-2024-08-01,,ЛДСП 16мм корпус стяжка,ЛДСП 16мм корпус стяжка,Деталь,detail,,,,,,Цвета\Белый,,шт.,pcs,6,,318,498,,,,,,,,,,"{""calculated_quantity"":{""status_codes"":[""static""],""source_cell"":""Детали из PRO100!D51""},""length_mm"":{""status_codes"":[""static""],""source_cell"":""Детали из PRO100!B51""},""width_mm"":{""status_codes"":[""static""],""source_cell"":""Детали из PRO100!C51""}}",static,source-materials/Medvedev.Works.Calc.zip,Medvedev.Works.Calc/Примеры расчетов/Кукня_01.08.24.xls,Детали из PRO100,A51:E51,"{""A51"":""ЛДСП 16мм корпус стяжка"",""B51"":""318"",""C51"":""498"",""D51"":""6"",""E51"":""Цвета\\Белый""}",,
I-20240801-3C232224674517A7,P-2024-08-01,,ЛДСП 16мм корпус стяжка,ЛДСП 16мм корпус стяжка,Деталь,detail,,,,,,Цвета\Белый,,шт.,pcs,1,,318,514,,,,,,,,,,"{""calculated_quantity"":{""status_codes"":[""static""],""source_cell"":""Детали из PRO100!D52""},""length_mm"":{""status_codes"":[""static""],""source_cell"":""Детали из PRO100!B52""},""width_mm"":{""status_codes"":[""static""],""source_cell"":""Детали из PRO100!C52""}}",static,source-materials/Medvedev.Works.Calc.zip,Medvedev.Works.Calc/Примеры расчетов/Кукня_01.08.24.xls,Детали из PRO100,A52:E52,"{""A52"":""ЛДСП 16мм корпус стяжка"",""B52"":""318"",""C52"":""514"",""D52"":""1"",""E52"":""Цвета\\Белый""}",,
I-20240801-CB8D71CF3B7CF35C,P-2024-08-01,,ЛДСП 16мм корпус стяжка,ЛДСП 16мм корпус стяжка,Деталь,detail,,,,,,Цвета\Белый,,шт.,pcs,1,,318,2298,,,,,,,,,,"{""calculated_quantity"":{""status_codes"":[""static""],""source_cell"":""Детали из PRO100!D53""},""length_mm"":{""status_codes"":[""static""],""source_cell"":""Детали из PRO100!B53""},""width_mm"":{""status_codes"":[""static""],""source_cell"":""Детали из PRO100!C53""}}",static,source-materials/Medvedev.Works.Calc.zip,Medvedev.Works.Calc/Примеры расчетов/Кукня_01.08.24.xls,Детали из PRO100,A53:E53,"{""A53"":""ЛДСП 16мм корпус стяжка"",""B53"":""318"",""C53"":""2298"",""D53"":""1"",""E53"":""Цвета\\Белый""}",,
I-20240801-00697761884FFF14,P-2024-08-01,,ЛДСП 16мм корпус фальшпанель,ЛДСП 16мм корпус фальшпанель,Деталь,detail,,,,,,Цвета\Белый,,шт.,pcs,1,,763,550,,,,,,,,,,"{""calculated_quantity"":{""status_codes"":[""static""],""source_cell"":""Детали из PRO100!D54""},""length_mm"":{""status_codes"":[""static""],""source_cell"":""Детали из PRO100!B54""},""width_mm"":{""status_codes"":[""static""],""source_cell"":""Детали из PRO100!C54""}}",static,source-materials/Medvedev.Works.Calc.zip,Medvedev.Works.Calc/Примеры расчетов/Кукня_01.08.24.xls,Детали из PRO100,A54:E54,"{""A54"":""ЛДСП 16мм корпус фальшпанель"",""B54"":""763"",""C54"":""550"",""D54"":""1"",""E54"":""Цвета\\Белый""}",,
I-20240801-7FD2180DE091CC2E,P-2024-08-01,,ЛДСП 16мм корпус фиксатор планки,ЛДСП 16мм корпус фиксатор планки,Деталь,detail,,,,,,Цвета\Белый,,шт.,pcs,1,,763,100,,,,,,,,,,"{""calculated_quantity"":{""status_codes"":[""static""],""source_cell"":""Детали из PRO100!D55""},""length_mm"":{""status_codes"":[""static""],""source_cell"":""Детали из PRO100!B55""},""width_mm"":{""status_codes"":[""static""],""source_cell"":""Детали из PRO100!C55""}}",static,source-materials/Medvedev.Works.Calc.zip,Medvedev.Works.Calc/Примеры расчетов/Кукня_01.08.24.xls,Детали из PRO100,A55:E55,"{""A55"":""ЛДСП 16мм корпус фиксатор планки"",""B55"":""763"",""C55"":""100"",""D55"":""1"",""E55"":""Цвета\\Белый""}",,
I-20240801-E4063E941D531A32,P-2024-08-01,,ЛДСП 16мм корпус фиксатор планки,ЛДСП 16мм корпус фиксатор планки,Деталь,detail,,,,,,Цвета\Белый,,шт.,pcs,3,,763,150,,,,,,,,,,"{""calculated_quantity"":{""status_codes"":[""static""],""source_cell"":""Детали из PRO100!D56""},""length_mm"":{""status_codes"":[""static""],""source_cell"":""Детали из PRO100!B56""},""width_mm"":{""status_codes"":[""static""],""source_cell"":""Детали из PRO100!C56""}}",static,source-materials/Medvedev.Works.Calc.zip,Medvedev.Works.Calc/Примеры расчетов/Кукня_01.08.24.xls,Детали из PRO100,A56:E56,"{""A56"":""ЛДСП 16мм корпус фиксатор планки"",""B56"":""763"",""C56"":""150"",""D56"":""3"",""E56"":""Цвета\\Белый""}",,
I-20240801-56A80F4A34293571,P-2024-08-01,,ЛДСП 16мм корпус фиксатор планки,ЛДСП 16мм корпус фиксатор планки,Деталь,detail,,,,,,Цвета\Белый,,шт.,pcs,1,,2330,100,,,,,,,,,,"{""calculated_quantity"":{""status_codes"":[""static""],""source_cell"":""Детали из PRO100!D57""},""length_mm"":{""status_codes"":[""static""],""source_cell"":""Детали из PRO100!B57""},""width_mm"":{""status_codes"":[""static""],""source_cell"":""Детали из PRO100!C57""}}",static,source-materials/Medvedev.Works.Calc.zip,Medvedev.Works.Calc/Примеры расчетов/Кукня_01.08.24.xls,Детали из PRO100,A57:E57,"{""A57"":""ЛДСП 16мм корпус фиксатор планки"",""B57"":""2330"",""C57"":""100"",""D57"":""1"",""E57"":""Цвета\\Белый""}",,
I-20240801-B33C70A2DA814597,P-2024-08-01,,ЛДСП 16мм корпус фиксатор планки,ЛДСП 16мм корпус фиксатор планки,Деталь,detail,,,,,,Цвета\Белый,,шт.,pcs,2,,2330,84,,,,,,,,,,"{""calculated_quantity"":{""status_codes"":[""static""],""source_cell"":""Детали из PRO100!D58""},""length_mm"":{""status_codes"":[""static""],""source_cell"":""Детали из PRO100!B58""},""width_mm"":{""status_codes"":[""static""],""source_cell"":""Детали из PRO100!C58""}}",static,source-materials/Medvedev.Works.Calc.zip,Medvedev.Works.Calc/Примеры расчетов/Кукня_01.08.24.xls,Детали из PRO100,A58:E58,"{""A58"":""ЛДСП 16мм корпус фиксатор планки"",""B58"":""2330"",""C58"":""84"",""D58"":""2"",""E58"":""Цвета\\Белый""}",,
I-20240801-434B18F07FA4CC27,P-2024-08-01,,ЛДСП 16мм корпус фиксатор планки,ЛДСП 16мм корпус фиксатор планки,Деталь,detail,,,,,,Цвета\Белый,,шт.,pcs,5,,350,120,,,,,,,,,,"{""calculated_quantity"":{""status_codes"":[""static""],""source_cell"":""Детали из PRO100!D59""},""length_mm"":{""status_codes"":[""static""],""source_cell"":""Детали из PRO100!B59""},""width_mm"":{""status_codes"":[""static""],""source_cell"":""Детали из PRO100!C59""}}",static,source-materials/Medvedev.Works.Calc.zip,Medvedev.Works.Calc/Примеры расчетов/Кукня_01.08.24.xls,Детали из PRO100,A59:E59,"{""A59"":""ЛДСП 16мм корпус фиксатор планки"",""B59"":""350"",""C59"":""120"",""D59"":""5"",""E59"":""Цвета\\Белый""}",,
I-20240801-A11452E35A2B7511,P-2024-08-01,,ЛДСП 16мм ящик дно,ЛДСП 16мм ящик дно,Деталь,detail,,,,,,Цвета\Белый,,шт.,pcs,4,,493,476,,,,,,,,,,"{""calculated_quantity"":{""status_codes"":[""static""],""source_cell"":""Детали из PRO100!D60""},""length_mm"":{""status_codes"":[""static""],""source_cell"":""Детали из PRO100!B60""},""width_mm"":{""status_codes"":[""static""],""source_cell"":""Детали из PRO100!C60""}}",static,source-materials/Medvedev.Works.Calc.zip,Medvedev.Works.Calc/Примеры расчетов/Кукня_01.08.24.xls,Детали из PRO100,A60:E60,"{""A60"":""ЛДСП 16мм ящик дно"",""B60"":""493"",""C60"":""476"",""D60"":""4"",""E60"":""Цвета\\Белый""}",,
I-20240801-9EF5A808394FBFA2,P-2024-08-01,,ЛДСП 16мм ящик дно,ЛДСП 16мм ящик дно,Деталь,detail,,,,,,Цвета\Белый,,шт.,pcs,2,,593,476,,,,,,,,,,"{""calculated_quantity"":{""status_codes"":[""static""],""source_cell"":""Детали из PRO100!D61""},""length_mm"":{""status_codes"":[""static""],""source_cell"":""Детали из PRO100!B61""},""width_mm"":{""status_codes"":[""static""],""source_cell"":""Детали из PRO100!C61""}}",static,source-materials/Medvedev.Works.Calc.zip,Medvedev.Works.Calc/Примеры расчетов/Кукня_01.08.24.xls,Детали из PRO100,A61:E61,"{""A61"":""ЛДСП 16мм ящик дно"",""B61"":""593"",""C61"":""476"",""D61"":""2"",""E61"":""Цвета\\Белый""}",,
I-20240801-A2CC686A53E93BA9,P-2024-08-01,,ЛДСП 16мм ящик задник,ЛДСП 16мм ящик задник,Деталь,detail,,,,,,Цвета\Белый,,шт.,pcs,2,,199,481,,,,,,,,,,"{""calculated_quantity"":{""status_codes"":[""static""],""source_cell"":""Детали из PRO100!D62""},""length_mm"":{""status_codes"":[""static""],""source_cell"":""Детали из PRO100!B62""},""width_mm"":{""status_codes"":[""static""],""source_cell"":""Детали из PRO100!C62""}}",static,source-materials/Medvedev.Works.Calc.zip,Medvedev.Works.Calc/Примеры расчетов/Кукня_01.08.24.xls,Детали из PRO100,A62:E62,"{""A62"":""ЛДСП 16мм ящик задник"",""B62"":""199"",""C62"":""481"",""D62"":""2"",""E62"":""Цвета\\Белый""}",,
I-20240801-BD37F4604D18E265,P-2024-08-01,,ЛДСП 16мм ящик задник,ЛДСП 16мм ящик задник,Деталь,detail,,,,,,Цвета\Белый,,шт.,pcs,1,,118,481,,,,,,,,,,"{""calculated_quantity"":{""status_codes"":[""static""],""source_cell"":""Детали из PRO100!D63""},""length_mm"":{""status_codes"":[""static""],""source_cell"":""Детали из PRO100!B63""},""width_mm"":{""status_codes"":[""static""],""source_cell"":""Детали из PRO100!C63""}}",static,source-materials/Medvedev.Works.Calc.zip,Medvedev.Works.Calc/Примеры расчетов/Кукня_01.08.24.xls,Детали из PRO100,A63:E63,"{""A63"":""ЛДСП 16мм ящик задник"",""B63"":""118"",""C63"":""481"",""D63"":""1"",""E63"":""Цвета\\Белый""}",,
I-20240801-58C50981B12C7BF7,P-2024-08-01,,ЛДСП 16мм ящик задник,ЛДСП 16мм ящик задник,Деталь,detail,,,,,,Цвета\Белый,,шт.,pcs,1,,86,481,,,,,,,,,,"{""calculated_quantity"":{""status_codes"":[""static""],""source_cell"":""Детали из PRO100!D64""},""length_mm"":{""status_codes"":[""static""],""source_cell"":""Детали из PRO100!B64""},""width_mm"":{""status_codes"":[""static""],""source_cell"":""Детали из PRO100!C64""}}",static,source-materials/Medvedev.Works.Calc.zip,Medvedev.Works.Calc/Примеры расчетов/Кукня_01.08.24.xls,Детали из PRO100,A64:E64,"{""A64"":""ЛДСП 16мм ящик задник"",""B64"":""86"",""C64"":""481"",""D64"":""1"",""E64"":""Цвета\\Белый""}",,
I-20240801-E1955B1979F986EB,P-2024-08-01,,ЛДСП 16мм ящик задник,ЛДСП 16мм ящик задник,Деталь,detail,,,,,,Цвета\Белый,,шт.,pcs,2,,199,581,,,,,,,,,,"{""calculated_quantity"":{""status_codes"":[""static""],""source_cell"":""Детали из PRO100!D65""},""length_mm"":{""status_codes"":[""static""],""source_cell"":""Детали из PRO100!B65""},""width_mm"":{""status_codes"":[""static""],""source_cell"":""Детали из PRO100!C65""}}",static,source-materials/Medvedev.Works.Calc.zip,Medvedev.Works.Calc/Примеры расчетов/Кукня_01.08.24.xls,Детали из PRO100,A65:E65,"{""A65"":""ЛДСП 16мм ящик задник"",""B65"":""199"",""C65"":""581"",""D65"":""2"",""E65"":""Цвета\\Белый""}",,
I-20240801-E656458B223A7FD3,P-2024-08-01,,ЛДСП 25мм Подложка столешницы,ЛДСП 25мм Подложка столешницы,Деталь,detail,,,,,,Цвета\Белый,,шт.,pcs,1,,2580,588,,,,,,,,,,"{""calculated_quantity"":{""status_codes"":[""static""],""source_cell"":""Детали из PRO100!D66""},""length_mm"":{""status_codes"":[""static""],""source_cell"":""Детали из PRO100!B66""},""width_mm"":{""status_codes"":[""static""],""source_cell"":""Детали из PRO100!C66""}}",static,source-materials/Medvedev.Works.Calc.zip,Medvedev.Works.Calc/Примеры расчетов/Кукня_01.08.24.xls,Детали из PRO100,A66:E66,"{""A66"":""ЛДСП 25мм Подложка столешницы"",""B66"":""2580"",""C66"":""588"",""D66"":""1"",""E66"":""Цвета\\Белый""}",,
I-20240801-752EC3975E459BEC,P-2024-08-01,,ЛДСП 25мм Подложка столешницы,ЛДСП 25мм Подложка столешницы,Деталь,detail,,,,,,Цвета\Белый,,шт.,pcs,1,,1810,588,,,,,,,,,,"{""calculated_quantity"":{""status_codes"":[""static""],""source_cell"":""Детали из PRO100!D67""},""length_mm"":{""status_codes"":[""static""],""source_cell"":""Детали из PRO100!B67""},""width_mm"":{""status_codes"":[""static""],""source_cell"":""Детали из PRO100!C67""}}",static,source-materials/Medvedev.Works.Calc.zip,Medvedev.Works.Calc/Примеры расчетов/Кукня_01.08.24.xls,Детали из PRO100,A67:E67,"{""A67"":""ЛДСП 25мм Подложка столешницы"",""B67"":""1810"",""C67"":""588"",""D67"":""1"",""E67"":""Цвета\\Белый""}",,
I-20240801-B1048718935FB040,P-2024-08-01,,ЛДСП 16мм подложка столешницы,ЛДСП 16мм подложка столешницы,Деталь,detail,,,,,,Цвета\Белый,,шт.,pcs,1,,863,588,,,,,,,,,,"{""calculated_quantity"":{""status_codes"":[""static""],""source_cell"":""Детали из PRO100!D68""},""length_mm"":{""status_codes"":[""static""],""source_cell"":""Детали из PRO100!B68""},""width_mm"":{""status_codes"":[""static""],""source_cell"":""Детали из PRO100!C68""}}",static,source-materials/Medvedev.Works.Calc.zip,Medvedev.Works.Calc/Примеры расчетов/Кукня_01.08.24.xls,Детали из PRO100,A68:E68,"{""A68"":""ЛДСП 16мм подложка столешницы"",""B68"":""863"",""C68"":""588"",""D68"":""1"",""E68"":""Цвета\\Белый""}",,
I-20240801-91D2870D0C457E1A,P-2024-08-01,,Акрил 12мм пласть,Акрил 12мм пласть,Деталь,detail,,,,,,Рабочие_поверхности\Разное\C9,,шт.,pcs,1,,2410,750,,,,,,,,,,"{""calculated_quantity"":{""status_codes"":[""static""],""source_cell"":""Детали из PRO100!D69""},""length_mm"":{""status_codes"":[""static""],""source_cell"":""Детали из PRO100!B69""},""width_mm"":{""status_codes"":[""static""],""source_cell"":""Детали из PRO100!C69""}}",static,source-materials/Medvedev.Works.Calc.zip,Medvedev.Works.Calc/Примеры расчетов/Кукня_01.08.24.xls,Детали из PRO100,A69:E69,"{""A69"":""Акрил 12мм пласть"",""B69"":""2410"",""C69"":""750"",""D69"":""1"",""E69"":""Рабочие_поверхности\\Разное\\C9""}",,
I-20240801-A851C4FE61904CD3,P-2024-08-01,,Акрил 12мм пласть,Акрил 12мм пласть,Деталь,detail,,,,,,Рабочие_поверхности\Разное\C9,,шт.,pcs,1,,1830,690,,,,,,,,,,"{""calculated_quantity"":{""status_codes"":[""static""],""source_cell"":""Детали из PRO100!D70""},""length_mm"":{""status_codes"":[""static""],""source_cell"":""Детали из PRO100!B70""},""width_mm"":{""status_codes"":[""static""],""source_cell"":""Детали из PRO100!C70""}}",static,source-materials/Medvedev.Works.Calc.zip,Medvedev.Works.Calc/Примеры расчетов/Кукня_01.08.24.xls,Детали из PRO100,A70:E70,"{""A70"":""Акрил 12мм пласть"",""B70"":""1830"",""C70"":""690"",""D70"":""1"",""E70"":""Рабочие_поверхности\\Разное\\C9""}",,
I-20240801-28CDA7E22040E050,P-2024-08-01,,Акрил 12мм пласть,Акрил 12мм пласть,Деталь,detail,,,,,,Рабочие_поверхности\Разное\C9,,шт.,pcs,1,,860,600,,,,,,,,,,"{""calculated_quantity"":{""status_codes"":[""static""],""source_cell"":""Детали из PRO100!D71""},""length_mm"":{""status_codes"":[""static""],""source_cell"":""Детали из PRO100!B71""},""width_mm"":{""status_codes"":[""static""],""source_cell"":""Детали из PRO100!C71""}}",static,source-materials/Medvedev.Works.Calc.zip,Medvedev.Works.Calc/Примеры расчетов/Кукня_01.08.24.xls,Детали из PRO100,A71:E71,"{""A71"":""Акрил 12мм пласть"",""B71"":""860"",""C71"":""600"",""D71"":""1"",""E71"":""Рабочие_поверхности\\Разное\\C9""}",,
I-20240801-1AABA822B5188DC2,P-2024-08-01,,Акрил 12мм подгиб,Акрил 12мм подгиб,Деталь,detail,,,,,,Рабочие_поверхности\Разное\C9,,шт.,pcs,1,,860,120,,,,,,,,,,"{""calculated_quantity"":{""status_codes"":[""static""],""source_cell"":""Детали из PRO100!D72""},""length_mm"":{""status_codes"":[""static""],""source_cell"":""Детали из PRO100!B72""},""width_mm"":{""status_codes"":[""static""],""source_cell"":""Детали из PRO100!C72""}}",static,source-materials/Medvedev.Works.Calc.zip,Medvedev.Works.Calc/Примеры расчетов/Кукня_01.08.24.xls,Детали из PRO100,A72:E72,"{""A72"":""Акрил 12мм подгиб"",""B72"":""860"",""C72"":""120"",""D72"":""1"",""E72"":""Рабочие_поверхности\\Разное\\C9""}",,
I-20240801-9EEFC380735FA3BE,P-2024-08-01,,Акрил 12мм Торец,Акрил 12мм Торец,Деталь,detail,,,,,,Рабочие_поверхности\Разное\C9,,шт.,pcs,1,,1830,28,,,,,,,,,,"{""calculated_quantity"":{""status_codes"":[""static""],""source_cell"":""Детали из PRO100!D73""},""length_mm"":{""status_codes"":[""static""],""source_cell"":""Детали из PRO100!B73""},""width_mm"":{""status_codes"":[""static""],""source_cell"":""Детали из PRO100!C73""}}",static,source-materials/Medvedev.Works.Calc.zip,Medvedev.Works.Calc/Примеры расчетов/Кукня_01.08.24.xls,Детали из PRO100,A73:E73,"{""A73"":""Акрил 12мм Торец"",""B73"":""1830"",""C73"":""28"",""D73"":""1"",""E73"":""Рабочие_поверхности\\Разное\\C9""}",,
I-20240801-6B796E857BB2A679,P-2024-08-01,,Акрил 12мм Торец,Акрил 12мм Торец,Деталь,detail,,,,,,Рабочие_поверхности\Разное\C9,,шт.,pcs,1,,162,28,,,,,,,,,,"{""calculated_quantity"":{""status_codes"":[""static""],""source_cell"":""Детали из PRO100!D74""},""length_mm"":{""status_codes"":[""static""],""source_cell"":""Детали из PRO100!B74""},""width_mm"":{""status_codes"":[""static""],""source_cell"":""Детали из PRO100!C74""}}",static,source-materials/Medvedev.Works.Calc.zip,Medvedev.Works.Calc/Примеры расчетов/Кукня_01.08.24.xls,Детали из PRO100,A74:E74,"{""A74"":""Акрил 12мм Торец"",""B74"":""162"",""C74"":""28"",""D74"":""1"",""E74"":""Рабочие_поверхности\\Разное\\C9""}",,
I-20240801-78BC5CD5D2C96449,P-2024-08-01,,Акрил 12мм Торец,Акрил 12мм Торец,Деталь,detail,,,,,,Рабочие_поверхности\Разное\C9,,шт.,pcs,1,,600,28,,,,,,,,,,"{""calculated_quantity"":{""status_codes"":[""static""],""source_cell"":""Детали из PRO100!D75""},""length_mm"":{""status_codes"":[""static""],""source_cell"":""Детали из PRO100!B75""},""width_mm"":{""status_codes"":[""static""],""source_cell"":""Детали из PRO100!C75""}}",static,source-materials/Medvedev.Works.Calc.zip,Medvedev.Works.Calc/Примеры расчетов/Кукня_01.08.24.xls,Детали из PRO100,A75:E75,"{""A75"":""Акрил 12мм Торец"",""B75"":""600"",""C75"":""28"",""D75"":""1"",""E75"":""Рабочие_поверхности\\Разное\\C9""}",,
I-20240801-BF0BFDD92B7BF6D0,P-2024-08-01,,Акрил 12мм Торец,Акрил 12мм Торец,Деталь,detail,,,,,,Рабочие_поверхности\Разное\C9,,шт.,pcs,1,,1708,28,,,,,,,,,,"{""calculated_quantity"":{""status_codes"":[""static""],""source_cell"":""Детали из PRO100!D76""},""length_mm"":{""status_codes"":[""static""],""source_cell"":""Детали из PRO100!B76""},""width_mm"":{""status_codes"":[""static""],""source_cell"":""Детали из PRO100!C76""}}",static,source-materials/Medvedev.Works.Calc.zip,Medvedev.Works.Calc/Примеры расчетов/Кукня_01.08.24.xls,Детали из PRO100,A76:E76,"{""A76"":""Акрил 12мм Торец"",""B76"":""1708"",""C76"":""28"",""D76"":""1"",""E76"":""Рабочие_поверхности\\Разное\\C9""}",,
I-20240801-7C2C7E5BBE80C430,P-2024-08-01,,Акрил 12мм Торец,Акрил 12мм Торец,Деталь,detail,,,,,,Рабочие_поверхности\Разное\C9,,шт.,pcs,1,,860,28,,,,,,,,,,"{""calculated_quantity"":{""status_codes"":[""static""],""source_cell"":""Детали из PRO100!D77""},""length_mm"":{""status_codes"":[""static""],""source_cell"":""Детали из PRO100!B77""},""width_mm"":{""status_codes"":[""static""],""source_cell"":""Детали из PRO100!C77""}}",static,source-materials/Medvedev.Works.Calc.zip,Medvedev.Works.Calc/Примеры расчетов/Кукня_01.08.24.xls,Детали из PRO100,A77:E77,"{""A77"":""Акрил 12мм Торец"",""B77"":""860"",""C77"":""28"",""D77"":""1"",""E77"":""Рабочие_поверхности\\Разное\\C9""}",,
I-20240801-08B059D9084607F4,P-2024-08-01,C-20240801-7958F2A2A13E54EB,AGT 18mm Фасад Белый,Материал — AGT 18mm Фасад Белый,цена материала,material,,,,,,,,м²,m2,,,,,1.70748,,,4000,6829.92,,,,,"{""area_m2"":{""status_codes"":[""derived""],""source_cell"":""Расчет!J5"",""source_formula"":""=((C5*D5)*E5)*0.000001""},""historical_unit_price"":{""status_codes"":[""static"",""historical_price""],""source_cell"":""Расчет!H5""},""historical_line_cost"":{""status_codes"":[""derived"",""historical_price""],""source_cell"":""Расчет!K5"",""source_formula"":""=J5*H5""}}",derived;static;historical_price,source-materials/Medvedev.Works.Calc.zip,Medvedev.Works.Calc/Примеры расчетов/Кукня_01.08.24.xls,Расчет,B5:P5,"{""B5"":""AGT 18mm Фасад Белый"",""C5"":""930"",""D5"":""612"",""E5"":""3"",""F5"":""2"",""G5"":""2"",""H5"":""           4 000р. "",""I5"":""       200,00р. "",""J5"":""1,71"",""K5"":""      6 829,92р. "",""L5"":""               -  р. "",""M5"":""               -  р. "",""N5"":""               -  р. "",""O5"":""               -  р. "",""P5"":""            8 680,32р. ""}",,
I-20240801-1F98E37988169EF3,P-2024-08-01,C-20240801-7958F2A2A13E54EB,AGT 18mm Фасад Белый,Кромка — AGT 18mm Фасад Белый,цена кромки,material,,,,,,,,м,m,,,,,,,,200,1850.4,,,,,"{""historical_unit_price"":{""status_codes"":[""static"",""historical_price""],""source_cell"":""Расчет!I5""},""historical_line_cost"":{""status_codes"":[""derived"",""historical_price""],""source_cell"":""Данные!C2"",""source_formula"":""=((((Расчет!C5*Расчет!F5)+(Расчет!D5*Расчет!G5))*Расчет!E5)/1000)*Расчет!I5""}}",derived;static;historical_price,source-materials/Medvedev.Works.Calc.zip,Medvedev.Works.Calc/Примеры расчетов/Кукня_01.08.24.xls,Расчет,B5:P5,"{""B5"":""AGT 18mm Фасад Белый"",""C5"":""930"",""D5"":""612"",""E5"":""3"",""F5"":""2"",""G5"":""2"",""H5"":""           4 000р. "",""I5"":""       200,00р. "",""J5"":""1,71"",""K5"":""      6 829,92р. "",""L5"":""               -  р. "",""M5"":""               -  р. "",""N5"":""               -  р. "",""O5"":""               -  р. "",""P5"":""            8 680,32р. ""}",,
I-20240801-182021CDB6CFBD9F,P-2024-08-01,C-20240801-4B7CD5B2A18B9279,AGT 18mm Фасад Белый,Работа по площади — AGT 18mm Фасад Белый,работа с площадью,work,,,,,,,,м²,m2,,,,,1.70748,,,0,0,,,,,"{""area_m2"":{""status_codes"":[""derived""],""source_cell"":""Расчет!J5"",""source_formula"":""=((C5*D5)*E5)*0.000001""},""historical_unit_price"":{""status_codes"":[""static"",""historical_price""],""source_cell"":""Расчет!L5""},""historical_line_cost"":{""status_codes"":[""derived"",""historical_price""],""source_cell"":""Расчет!M5"",""source_formula"":""=(C5*D5*E5*0.000001)*L5""}}",derived;static;historical_price,source-materials/Medvedev.Works.Calc.zip,Medvedev.Works.Calc/Примеры расчетов/Кукня_01.08.24.xls,Расчет,B5:P5,"{""B5"":""AGT 18mm Фасад Белый"",""C5"":""930"",""D5"":""612"",""E5"":""3"",""F5"":""2"",""G5"":""2"",""H5"":""           4 000р. "",""I5"":""       200,00р. "",""J5"":""1,71"",""K5"":""      6 829,92р. "",""L5"":""               -  р. "",""M5"":""               -  р. "",""N5"":""               -  р. "",""O5"":""               -  р. "",""P5"":""            8 680,32р. ""}",,
I-20240801-21BD03BC266D124E,P-2024-08-01,C-20240801-4B7CD5B2A18B9279,AGT 18mm Фасад Белый,Работа с кромкой — AGT 18mm Фасад Белый,раб. с кр-ой,work,,,,,,,,м,m,,,,,,,,0,0,,,,,"{""historical_unit_price"":{""status_codes"":[""static"",""historical_price""],""source_cell"":""Расчет!N5""},""historical_line_cost"":{""status_codes"":[""derived"",""historical_price""],""source_cell"":""Расчет!O5"",""source_formula"":""=((C5*E5*F5*0.001)+(D5*E5*G5*0.001))*N5""}}",derived;static;historical_price,source-materials/Medvedev.Works.Calc.zip,Medvedev.Works.Calc/Примеры расчетов/Кукня_01.08.24.xls,Расчет,B5:P5,"{""B5"":""AGT 18mm Фасад Белый"",""C5"":""930"",""D5"":""612"",""E5"":""3"",""F5"":""2"",""G5"":""2"",""H5"":""           4 000р. "",""I5"":""       200,00р. "",""J5"":""1,71"",""K5"":""      6 829,92р. "",""L5"":""               -  р. "",""M5"":""               -  р. "",""N5"":""               -  р. "",""O5"":""               -  р. "",""P5"":""            8 680,32р. ""}",,
I-20240801-556F1ECCD93C1D36,P-2024-08-01,,AGT 18mm Фасад Белый,Стоимость детали — AGT 18mm Фасад Белый,стоимость детали,subtotal,,,,,,,,р.,currency,,,,,,,,,8680.32,,,,,"{""historical_line_cost"":{""status_codes"":[""derived"",""historical_price""],""source_cell"":""Расчет!P5"",""source_formula"":""=IF($K$2=0,(((C5*D5*E5*0.000001*H5)+(C5*E5*F5*0.001*I5)+(D5*E5*G5*0.001*I5)+M5+O5)*$J$2),(((C5*D5*E5*0.000001*H5)+(C5*E5*F5*0.001*I5)+(D5*E5*G5*0.001*I5)+M5+O5)*$J$2)/$K$2)""}}",derived;historical_price,source-materials/Medvedev.Works.Calc.zip,Medvedev.Works.Calc/Примеры расчетов/Кукня_01.08.24.xls,Расчет,B5:P5,"{""B5"":""AGT 18mm Фасад Белый"",""C5"":""930"",""D5"":""612"",""E5"":""3"",""F5"":""2"",""G5"":""2"",""H5"":""           4 000р. "",""I5"":""       200,00р. "",""J5"":""1,71"",""K5"":""      6 829,92р. "",""L5"":""               -  р. "",""M5"":""               -  р. "",""N5"":""               -  р. "",""O5"":""               -  р. "",""P5"":""            8 680,32р. ""}",,
I-20240801-1E7B2493406B2CD7,P-2024-08-01,C-20240801-7958F2A2A13E54EB,AGT 18mm Фасад Белый,Материал — AGT 18mm Фасад Белый,цена материала,material,,,,,,,,м²,m2,,,,,0.69192,,,4000,2767.68,,,,,"{""area_m2"":{""status_codes"":[""derived""],""source_cell"":""Расчет!J6"",""source_formula"":""=((C6*D6)*E6)*0.000001""},""historical_unit_price"":{""status_codes"":[""static"",""historical_price""],""source_cell"":""Расчет!H6""},""historical_line_cost"":{""status_codes"":[""derived"",""historical_price""],""source_cell"":""Расчет!K6"",""source_formula"":""=J6*H6""}}",derived;static;historical_price,source-materials/Medvedev.Works.Calc.zip,Medvedev.Works.Calc/Примеры расчетов/Кукня_01.08.24.xls,Расчет,B6:P6,"{""B6"":""AGT 18mm Фасад Белый"",""C6"":""930"",""D6"":""372"",""E6"":""2"",""F6"":""2"",""G6"":""2"",""H6"":""           4 000р. "",""I6"":""       200,00р. "",""J6"":""0,69"",""K6"":""      2 767,68р. "",""L6"":""               -  р. "",""M6"":""               -  р. "",""N6"":""               -  р. "",""O6"":""               -  р. "",""P6"":""            3 809,28р. ""}",,
I-20240801-824341A6DAD10568,P-2024-08-01,C-20240801-7958F2A2A13E54EB,AGT 18mm Фасад Белый,Кромка — AGT 18mm Фасад Белый,цена кромки,material,,,,,,,,м,m,,,,,,,,200,1041.6,,,,,"{""historical_unit_price"":{""status_codes"":[""static"",""historical_price""],""source_cell"":""Расчет!I6""},""historical_line_cost"":{""status_codes"":[""derived"",""historical_price""],""source_cell"":""Данные!C3"",""source_formula"":""=((((Расчет!C6*Расчет!F6)+(Расчет!D6*Расчет!G6))*Расчет!E6)/1000)*Расчет!I6""}}",derived;static;historical_price,source-materials/Medvedev.Works.Calc.zip,Medvedev.Works.Calc/Примеры расчетов/Кукня_01.08.24.xls,Расчет,B6:P6,"{""B6"":""AGT 18mm Фасад Белый"",""C6"":""930"",""D6"":""372"",""E6"":""2"",""F6"":""2"",""G6"":""2"",""H6"":""           4 000р. "",""I6"":""       200,00р. "",""J6"":""0,69"",""K6"":""      2 767,68р. "",""L6"":""               -  р. "",""M6"":""               -  р. "",""N6"":""               -  р. "",""O6"":""               -  р. "",""P6"":""            3 809,28р. ""}",,
I-20240801-A7BB470A5BF1688D,P-2024-08-01,C-20240801-4B7CD5B2A18B9279,AGT 18mm Фасад Белый,Работа по площади — AGT 18mm Фасад Белый,работа с площадью,work,,,,,,,,м²,m2,,,,,0.69192,,,0,0,,,,,"{""area_m2"":{""status_codes"":[""derived""],""source_cell"":""Расчет!J6"",""source_formula"":""=((C6*D6)*E6)*0.000001""},""historical_unit_price"":{""status_codes"":[""static"",""historical_price""],""source_cell"":""Расчет!L6""},""historical_line_cost"":{""status_codes"":[""derived"",""historical_price""],""source_cell"":""Расчет!M6"",""source_formula"":""=(C6*D6*E6*0.000001)*L6""}}",derived;static;historical_price,source-materials/Medvedev.Works.Calc.zip,Medvedev.Works.Calc/Примеры расчетов/Кукня_01.08.24.xls,Расчет,B6:P6,"{""B6"":""AGT 18mm Фасад Белый"",""C6"":""930"",""D6"":""372"",""E6"":""2"",""F6"":""2"",""G6"":""2"",""H6"":""           4 000р. "",""I6"":""       200,00р. "",""J6"":""0,69"",""K6"":""      2 767,68р. "",""L6"":""               -  р. "",""M6"":""               -  р. "",""N6"":""               -  р. "",""O6"":""               -  р. "",""P6"":""            3 809,28р. ""}",,
I-20240801-35AF7C9695D6E647,P-2024-08-01,C-20240801-4B7CD5B2A18B9279,AGT 18mm Фасад Белый,Работа с кромкой — AGT 18mm Фасад Белый,раб. с кр-ой,work,,,,,,,,м,m,,,,,,,,0,0,,,,,"{""historical_unit_price"":{""status_codes"":[""static"",""historical_price""],""source_cell"":""Расчет!N6""},""historical_line_cost"":{""status_codes"":[""derived"",""historical_price""],""source_cell"":""Расчет!O6"",""source_formula"":""=((C6*E6*F6*0.001)+(D6*E6*G6*0.001))*N6""}}",derived;static;historical_price,source-materials/Medvedev.Works.Calc.zip,Medvedev.Works.Calc/Примеры расчетов/Кукня_01.08.24.xls,Расчет,B6:P6,"{""B6"":""AGT 18mm Фасад Белый"",""C6"":""930"",""D6"":""372"",""E6"":""2"",""F6"":""2"",""G6"":""2"",""H6"":""           4 000р. "",""I6"":""       200,00р. "",""J6"":""0,69"",""K6"":""      2 767,68р. "",""L6"":""               -  р. "",""M6"":""               -  р. "",""N6"":""               -  р. "",""O6"":""               -  р. "",""P6"":""            3 809,28р. ""}",,
I-20240801-8988329CCD95622F,P-2024-08-01,,AGT 18mm Фасад Белый,Стоимость детали — AGT 18mm Фасад Белый,стоимость детали,subtotal,,,,,,,,р.,currency,,,,,,,,,3809.28,,,,,"{""historical_line_cost"":{""status_codes"":[""derived"",""historical_price""],""source_cell"":""Расчет!P6"",""source_formula"":""=IF($K$2=0,(((C6*D6*E6*0.000001*H6)+(C6*E6*F6*0.001*I6)+(D6*E6*G6*0.001*I6)+M6+O6)*$J$2),(((C6*D6*E6*0.000001*H6)+(C6*E6*F6*0.001*I6)+(D6*E6*G6*0.001*I6)+M6+O6)*$J$2)/$K$2)""}}",derived;historical_price,source-materials/Medvedev.Works.Calc.zip,Medvedev.Works.Calc/Примеры расчетов/Кукня_01.08.24.xls,Расчет,B6:P6,"{""B6"":""AGT 18mm Фасад Белый"",""C6"":""930"",""D6"":""372"",""E6"":""2"",""F6"":""2"",""G6"":""2"",""H6"":""           4 000р. "",""I6"":""       200,00р. "",""J6"":""0,69"",""K6"":""      2 767,68р. "",""L6"":""               -  р. "",""M6"":""               -  р. "",""N6"":""               -  р. "",""O6"":""               -  р. "",""P6"":""            3 809,28р. ""}",,
I-20240801-27C49E78A2C1CB79,P-2024-08-01,C-20240801-7958F2A2A13E54EB,AGT 18mm Фасад Белый,Материал — AGT 18mm Фасад Белый,цена материала,material,,,,,,,,м²,m2,,,,,0.1792,,,4000,716.8,,,,,"{""area_m2"":{""status_codes"":[""derived""],""source_cell"":""Расчет!J7"",""source_formula"":""=((C7*D7)*E7)*0.000001""},""historical_unit_price"":{""status_codes"":[""static"",""historical_price""],""source_cell"":""Расчет!H7""},""historical_line_cost"":{""status_codes"":[""derived"",""historical_price""],""source_cell"":""Расчет!K7"",""source_formula"":""=J7*H7""}}",derived;static;historical_price,source-materials/Medvedev.Works.Calc.zip,Medvedev.Works.Calc/Примеры расчетов/Кукня_01.08.24.xls,Расчет,B7:P7,"{""B7"":""AGT 18mm Фасад Белый"",""C7"":""512"",""D7"":""350"",""E7"":""1"",""F7"":""2"",""G7"":""2"",""H7"":""           4 000р. "",""I7"":""       200,00р. "",""J7"":""0,18"",""K7"":""         716,80р. "",""L7"":""               -  р. "",""M7"":""               -  р. "",""N7"":""               -  р. "",""O7"":""               -  р. "",""P7"":""            1 061,60р. ""}",,
I-20240801-71FC44D84403ADB0,P-2024-08-01,C-20240801-7958F2A2A13E54EB,AGT 18mm Фасад Белый,Кромка — AGT 18mm Фасад Белый,цена кромки,material,,,,,,,,м,m,,,,,,,,200,344.8,,,,,"{""historical_unit_price"":{""status_codes"":[""static"",""historical_price""],""source_cell"":""Расчет!I7""},""historical_line_cost"":{""status_codes"":[""derived"",""historical_price""],""source_cell"":""Данные!C4"",""source_formula"":""=((((Расчет!C7*Расчет!F7)+(Расчет!D7*Расчет!G7))*Расчет!E7)/1000)*Расчет!I7""}}",derived;static;historical_price,source-materials/Medvedev.Works.Calc.zip,Medvedev.Works.Calc/Примеры расчетов/Кукня_01.08.24.xls,Расчет,B7:P7,"{""B7"":""AGT 18mm Фасад Белый"",""C7"":""512"",""D7"":""350"",""E7"":""1"",""F7"":""2"",""G7"":""2"",""H7"":""           4 000р. "",""I7"":""       200,00р. "",""J7"":""0,18"",""K7"":""         716,80р. "",""L7"":""               -  р. "",""M7"":""               -  р. "",""N7"":""               -  р. "",""O7"":""               -  р. "",""P7"":""            1 061,60р. ""}",,
I-20240801-E23BDCAE79AAD5AC,P-2024-08-01,C-20240801-4B7CD5B2A18B9279,AGT 18mm Фасад Белый,Работа по площади — AGT 18mm Фасад Белый,работа с площадью,work,,,,,,,,м²,m2,,,,,0.1792,,,0,0,,,,,"{""area_m2"":{""status_codes"":[""derived""],""source_cell"":""Расчет!J7"",""source_formula"":""=((C7*D7)*E7)*0.000001""},""historical_unit_price"":{""status_codes"":[""static"",""historical_price""],""source_cell"":""Расчет!L7""},""historical_line_cost"":{""status_codes"":[""derived"",""historical_price""],""source_cell"":""Расчет!M7"",""source_formula"":""=(C7*D7*E7*0.000001)*L7""}}",derived;static;historical_price,source-materials/Medvedev.Works.Calc.zip,Medvedev.Works.Calc/Примеры расчетов/Кукня_01.08.24.xls,Расчет,B7:P7,"{""B7"":""AGT 18mm Фасад Белый"",""C7"":""512"",""D7"":""350"",""E7"":""1"",""F7"":""2"",""G7"":""2"",""H7"":""           4 000р. "",""I7"":""       200,00р. "",""J7"":""0,18"",""K7"":""         716,80р. "",""L7"":""               -  р. "",""M7"":""               -  р. "",""N7"":""               -  р. "",""O7"":""               -  р. "",""P7"":""            1 061,60р. ""}",,
I-20240801-29258A22D8143F8E,P-2024-08-01,C-20240801-4B7CD5B2A18B9279,AGT 18mm Фасад Белый,Работа с кромкой — AGT 18mm Фасад Белый,раб. с кр-ой,work,,,,,,,,м,m,,,,,,,,0,0,,,,,"{""historical_unit_price"":{""status_codes"":[""static"",""historical_price""],""source_cell"":""Расчет!N7""},""historical_line_cost"":{""status_codes"":[""derived"",""historical_price""],""source_cell"":""Расчет!O7"",""source_formula"":""=((C7*E7*F7*0.001)+(D7*E7*G7*0.001))*N7""}}",derived;static;historical_price,source-materials/Medvedev.Works.Calc.zip,Medvedev.Works.Calc/Примеры расчетов/Кукня_01.08.24.xls,Расчет,B7:P7,"{""B7"":""AGT 18mm Фасад Белый"",""C7"":""512"",""D7"":""350"",""E7"":""1"",""F7"":""2"",""G7"":""2"",""H7"":""           4 000р. "",""I7"":""       200,00р. "",""J7"":""0,18"",""K7"":""         716,80р. "",""L7"":""               -  р. "",""M7"":""               -  р. "",""N7"":""               -  р. "",""O7"":""               -  р. "",""P7"":""            1 061,60р. ""}",,
I-20240801-2AB3901310C1035D,P-2024-08-01,,AGT 18mm Фасад Белый,Стоимость детали — AGT 18mm Фасад Белый,стоимость детали,subtotal,,,,,,,,р.,currency,,,,,,,,,1061.6,,,,,"{""historical_line_cost"":{""status_codes"":[""derived"",""historical_price""],""source_cell"":""Расчет!P7"",""source_formula"":""=IF($K$2=0,(((C7*D7*E7*0.000001*H7)+(C7*E7*F7*0.001*I7)+(D7*E7*G7*0.001*I7)+M7+O7)*$J$2),(((C7*D7*E7*0.000001*H7)+(C7*E7*F7*0.001*I7)+(D7*E7*G7*0.001*I7)+M7+O7)*$J$2)/$K$2)""}}",derived;historical_price,source-materials/Medvedev.Works.Calc.zip,Medvedev.Works.Calc/Примеры расчетов/Кукня_01.08.24.xls,Расчет,B7:P7,"{""B7"":""AGT 18mm Фасад Белый"",""C7"":""512"",""D7"":""350"",""E7"":""1"",""F7"":""2"",""G7"":""2"",""H7"":""           4 000р. "",""I7"":""       200,00р. "",""J7"":""0,18"",""K7"":""         716,80р. "",""L7"":""               -  р. "",""M7"":""               -  р. "",""N7"":""               -  р. "",""O7"":""               -  р. "",""P7"":""            1 061,60р. ""}",,
I-20240801-18D4C420651D10A6,P-2024-08-01,C-20240801-7958F2A2A13E54EB,AGT 18mm Фасад Белый,Материал — AGT 18mm Фасад Белый,цена материала,material,,,,,,,,м²,m2,,,,,0.9216,,,4000,3686.4,,,,,"{""area_m2"":{""status_codes"":[""derived""],""source_cell"":""Расчет!J8"",""source_formula"":""=((C8*D8)*E8)*0.000001""},""historical_unit_price"":{""status_codes"":[""static"",""historical_price""],""source_cell"":""Расчет!H8""},""historical_line_cost"":{""status_codes"":[""derived"",""historical_price""],""source_cell"":""Расчет!K8"",""source_formula"":""=J8*H8""}}",derived;static;historical_price,source-materials/Medvedev.Works.Calc.zip,Medvedev.Works.Calc/Примеры расчетов/Кукня_01.08.24.xls,Расчет,B8:P8,"{""B8"":""AGT 18mm Фасад Белый"",""C8"":""512"",""D8"":""600"",""E8"":""3"",""F8"":""2"",""G8"":""2"",""H8"":""           4 000р. "",""I8"":""       200,00р. "",""J8"":""0,92"",""K8"":""      3 686,40р. "",""L8"":""               -  р. "",""M8"":""               -  р. "",""N8"":""               -  р. "",""O8"":""               -  р. "",""P8"":""            5 020,80р. ""}",,
I-20240801-2403133942280013,P-2024-08-01,C-20240801-7958F2A2A13E54EB,AGT 18mm Фасад Белый,Кромка — AGT 18mm Фасад Белый,цена кромки,material,,,,,,,,м,m,,,,,,,,200,1334.4,,,,,"{""historical_unit_price"":{""status_codes"":[""static"",""historical_price""],""source_cell"":""Расчет!I8""},""historical_line_cost"":{""status_codes"":[""derived"",""historical_price""],""source_cell"":""Данные!C5"",""source_formula"":""=((((Расчет!C8*Расчет!F8)+(Расчет!D8*Расчет!G8))*Расчет!E8)/1000)*Расчет!I8""}}",derived;static;historical_price,source-materials/Medvedev.Works.Calc.zip,Medvedev.Works.Calc/Примеры расчетов/Кукня_01.08.24.xls,Расчет,B8:P8,"{""B8"":""AGT 18mm Фасад Белый"",""C8"":""512"",""D8"":""600"",""E8"":""3"",""F8"":""2"",""G8"":""2"",""H8"":""           4 000р. "",""I8"":""       200,00р. "",""J8"":""0,92"",""K8"":""      3 686,40р. "",""L8"":""               -  р. "",""M8"":""               -  р. "",""N8"":""               -  р. "",""O8"":""               -  р. "",""P8"":""            5 020,80р. ""}",,
I-20240801-0F381ABAF3D510F5,P-2024-08-01,C-20240801-4B7CD5B2A18B9279,AGT 18mm Фасад Белый,Работа по площади — AGT 18mm Фасад Белый,работа с площадью,work,,,,,,,,м²,m2,,,,,0.9216,,,0,0,,,,,"{""area_m2"":{""status_codes"":[""derived""],""source_cell"":""Расчет!J8"",""source_formula"":""=((C8*D8)*E8)*0.000001""},""historical_unit_price"":{""status_codes"":[""static"",""historical_price""],""source_cell"":""Расчет!L8""},""historical_line_cost"":{""status_codes"":[""derived"",""historical_price""],""source_cell"":""Расчет!M8"",""source_formula"":""=(C8*D8*E8*0.000001)*L8""}}",derived;static;historical_price,source-materials/Medvedev.Works.Calc.zip,Medvedev.Works.Calc/Примеры расчетов/Кукня_01.08.24.xls,Расчет,B8:P8,"{""B8"":""AGT 18mm Фасад Белый"",""C8"":""512"",""D8"":""600"",""E8"":""3"",""F8"":""2"",""G8"":""2"",""H8"":""           4 000р. "",""I8"":""       200,00р. "",""J8"":""0,92"",""K8"":""      3 686,40р. "",""L8"":""               -  р. "",""M8"":""               -  р. "",""N8"":""               -  р. "",""O8"":""               -  р. "",""P8"":""            5 020,80р. ""}",,
I-20240801-75B19596E9771806,P-2024-08-01,C-20240801-4B7CD5B2A18B9279,AGT 18mm Фасад Белый,Работа с кромкой — AGT 18mm Фасад Белый,раб. с кр-ой,work,,,,,,,,м,m,,,,,,,,0,0,,,,,"{""historical_unit_price"":{""status_codes"":[""static"",""historical_price""],""source_cell"":""Расчет!N8""},""historical_line_cost"":{""status_codes"":[""derived"",""historical_price""],""source_cell"":""Расчет!O8"",""source_formula"":""=((C8*E8*F8*0.001)+(D8*E8*G8*0.001))*N8""}}",derived;static;historical_price,source-materials/Medvedev.Works.Calc.zip,Medvedev.Works.Calc/Примеры расчетов/Кукня_01.08.24.xls,Расчет,B8:P8,"{""B8"":""AGT 18mm Фасад Белый"",""C8"":""512"",""D8"":""600"",""E8"":""3"",""F8"":""2"",""G8"":""2"",""H8"":""           4 000р. "",""I8"":""       200,00р. "",""J8"":""0,92"",""K8"":""      3 686,40р. "",""L8"":""               -  р. "",""M8"":""               -  р. "",""N8"":""               -  р. "",""O8"":""               -  р. "",""P8"":""            5 020,80р. ""}",,
I-20240801-8DC27181D630F5FB,P-2024-08-01,,AGT 18mm Фасад Белый,Стоимость детали — AGT 18mm Фасад Белый,стоимость детали,subtotal,,,,,,,,р.,currency,,,,,,,,,5020.8,,,,,"{""historical_line_cost"":{""status_codes"":[""derived"",""historical_price""],""source_cell"":""Расчет!P8"",""source_formula"":""=IF($K$2=0,(((C8*D8*E8*0.000001*H8)+(C8*E8*F8*0.001*I8)+(D8*E8*G8*0.001*I8)+M8+O8)*$J$2),(((C8*D8*E8*0.000001*H8)+(C8*E8*F8*0.001*I8)+(D8*E8*G8*0.001*I8)+M8+O8)*$J$2)/$K$2)""}}",derived;historical_price,source-materials/Medvedev.Works.Calc.zip,Medvedev.Works.Calc/Примеры расчетов/Кукня_01.08.24.xls,Расчет,B8:P8,"{""B8"":""AGT 18mm Фасад Белый"",""C8"":""512"",""D8"":""600"",""E8"":""3"",""F8"":""2"",""G8"":""2"",""H8"":""           4 000р. "",""I8"":""       200,00р. "",""J8"":""0,92"",""K8"":""      3 686,40р. "",""L8"":""               -  р. "",""M8"":""               -  р. "",""N8"":""               -  р. "",""O8"":""               -  р. "",""P8"":""            5 020,80р. ""}",,
I-20240801-ECCD26DE76E34249,P-2024-08-01,C-20240801-7958F2A2A13E54EB,AGT 18mm Фасад Белый,Материал — AGT 18mm Фасад Белый,цена материала,material,,,,,,,,м²,m2,,,,,0.6363,,,4000,2545.2,,,,,"{""area_m2"":{""status_codes"":[""derived""],""source_cell"":""Расчет!J9"",""source_formula"":""=((C9*D9)*E9)*0.000001""},""historical_unit_price"":{""status_codes"":[""static"",""historical_price""],""source_cell"":""Расчет!H9""},""historical_line_cost"":{""status_codes"":[""derived"",""historical_price""],""source_cell"":""Расчет!K9"",""source_formula"":""=J9*H9""}}",derived;static;historical_price,source-materials/Medvedev.Works.Calc.zip,Medvedev.Works.Calc/Примеры расчетов/Кукня_01.08.24.xls,Расчет,B9:P9,"{""B9"":""AGT 18mm Фасад Белый"",""C9"":""1818"",""D9"":""350"",""E9"":""1"",""F9"":""2"",""G9"":""2"",""H9"":""           4 000р. "",""I9"":""       200,00р. "",""J9"":""0,64"",""K9"":""      2 545,20р. "",""L9"":""               -  р. "",""M9"":""               -  р. "",""N9"":""               -  р. "",""O9"":""               -  р. "",""P9"":""            3 412,40р. ""}",,
I-20240801-C3B49C556561E666,P-2024-08-01,C-20240801-7958F2A2A13E54EB,AGT 18mm Фасад Белый,Кромка — AGT 18mm Фасад Белый,цена кромки,material,,,,,,,,м,m,,,,,,,,200,867.2,,,,,"{""historical_unit_price"":{""status_codes"":[""static"",""historical_price""],""source_cell"":""Расчет!I9""},""historical_line_cost"":{""status_codes"":[""derived"",""historical_price""],""source_cell"":""Данные!C6"",""source_formula"":""=((((Расчет!C9*Расчет!F9)+(Расчет!D9*Расчет!G9))*Расчет!E9)/1000)*Расчет!I9""}}",derived;static;historical_price,source-materials/Medvedev.Works.Calc.zip,Medvedev.Works.Calc/Примеры расчетов/Кукня_01.08.24.xls,Расчет,B9:P9,"{""B9"":""AGT 18mm Фасад Белый"",""C9"":""1818"",""D9"":""350"",""E9"":""1"",""F9"":""2"",""G9"":""2"",""H9"":""           4 000р. "",""I9"":""       200,00р. "",""J9"":""0,64"",""K9"":""      2 545,20р. "",""L9"":""               -  р. "",""M9"":""               -  р. "",""N9"":""               -  р. "",""O9"":""               -  р. "",""P9"":""            3 412,40р. ""}",,
I-20240801-26EF1F9C549D70F0,P-2024-08-01,C-20240801-4B7CD5B2A18B9279,AGT 18mm Фасад Белый,Работа по площади — AGT 18mm Фасад Белый,работа с площадью,work,,,,,,,,м²,m2,,,,,0.6363,,,0,0,,,,,"{""area_m2"":{""status_codes"":[""derived""],""source_cell"":""Расчет!J9"",""source_formula"":""=((C9*D9)*E9)*0.000001""},""historical_unit_price"":{""status_codes"":[""static"",""historical_price""],""source_cell"":""Расчет!L9""},""historical_line_cost"":{""status_codes"":[""derived"",""historical_price""],""source_cell"":""Расчет!M9"",""source_formula"":""=(C9*D9*E9*0.000001)*L9""}}",derived;static;historical_price,source-materials/Medvedev.Works.Calc.zip,Medvedev.Works.Calc/Примеры расчетов/Кукня_01.08.24.xls,Расчет,B9:P9,"{""B9"":""AGT 18mm Фасад Белый"",""C9"":""1818"",""D9"":""350"",""E9"":""1"",""F9"":""2"",""G9"":""2"",""H9"":""           4 000р. "",""I9"":""       200,00р. "",""J9"":""0,64"",""K9"":""      2 545,20р. "",""L9"":""               -  р. "",""M9"":""               -  р. "",""N9"":""               -  р. "",""O9"":""               -  р. "",""P9"":""            3 412,40р. ""}",,
I-20240801-2431A91B1B6BABAC,P-2024-08-01,C-20240801-4B7CD5B2A18B9279,AGT 18mm Фасад Белый,Работа с кромкой — AGT 18mm Фасад Белый,раб. с кр-ой,work,,,,,,,,м,m,,,,,,,,0,0,,,,,"{""historical_unit_price"":{""status_codes"":[""static"",""historical_price""],""source_cell"":""Расчет!N9""},""historical_line_cost"":{""status_codes"":[""derived"",""historical_price""],""source_cell"":""Расчет!O9"",""source_formula"":""=((C9*E9*F9*0.001)+(D9*E9*G9*0.001))*N9""}}",derived;static;historical_price,source-materials/Medvedev.Works.Calc.zip,Medvedev.Works.Calc/Примеры расчетов/Кукня_01.08.24.xls,Расчет,B9:P9,"{""B9"":""AGT 18mm Фасад Белый"",""C9"":""1818"",""D9"":""350"",""E9"":""1"",""F9"":""2"",""G9"":""2"",""H9"":""           4 000р. "",""I9"":""       200,00р. "",""J9"":""0,64"",""K9"":""      2 545,20р. "",""L9"":""               -  р. "",""M9"":""               -  р. "",""N9"":""               -  р. "",""O9"":""               -  р. "",""P9"":""            3 412,40р. ""}",,
I-20240801-41FC5502057B7C80,P-2024-08-01,,AGT 18mm Фасад Белый,Стоимость детали — AGT 18mm Фасад Белый,стоимость детали,subtotal,,,,,,,,р.,currency,,,,,,,,,3412.4,,,,,"{""historical_line_cost"":{""status_codes"":[""derived"",""historical_price""],""source_cell"":""Расчет!P9"",""source_formula"":""=IF($K$2=0,(((C9*D9*E9*0.000001*H9)+(C9*E9*F9*0.001*I9)+(D9*E9*G9*0.001*I9)+M9+O9)*$J$2),(((C9*D9*E9*0.000001*H9)+(C9*E9*F9*0.001*I9)+(D9*E9*G9*0.001*I9)+M9+O9)*$J$2)/$K$2)""}}",derived;historical_price,source-materials/Medvedev.Works.Calc.zip,Medvedev.Works.Calc/Примеры расчетов/Кукня_01.08.24.xls,Расчет,B9:P9,"{""B9"":""AGT 18mm Фасад Белый"",""C9"":""1818"",""D9"":""350"",""E9"":""1"",""F9"":""2"",""G9"":""2"",""H9"":""           4 000р. "",""I9"":""       200,00р. "",""J9"":""0,64"",""K9"":""      2 545,20р. "",""L9"":""               -  р. "",""M9"":""               -  р. "",""N9"":""               -  р. "",""O9"":""               -  р. "",""P9"":""            3 412,40р. ""}",,
I-20240801-DBE4B59CAF20A6C2,P-2024-08-01,C-20240801-7958F2A2A13E54EB,AGT 18mm Фасад Белый,Материал — AGT 18mm Фасад Белый,цена материала,material,,,,,,,,м²,m2,,,,,0.228,,,4000,912,,,,,"{""area_m2"":{""status_codes"":[""derived""],""source_cell"":""Расчет!J10"",""source_formula"":""=((C10*D10)*E10)*0.000001""},""historical_unit_price"":{""status_codes"":[""static"",""historical_price""],""source_cell"":""Расчет!H10""},""historical_line_cost"":{""status_codes"":[""derived"",""historical_price""],""source_cell"":""Расчет!K10"",""source_formula"":""=J10*H10""}}",derived;static;historical_price,source-materials/Medvedev.Works.Calc.zip,Medvedev.Works.Calc/Примеры расчетов/Кукня_01.08.24.xls,Расчет,B10:P10,"{""B10"":""AGT 18mm Фасад Белый"",""C10"":""380"",""D10"":""600"",""E10"":""1"",""F10"":""2"",""G10"":""2"",""H10"":""           4 000р. "",""I10"":""       200,00р. "",""J10"":""0,23"",""K10"":""         912,00р. "",""L10"":""               -  р. "",""M10"":""               -  р. "",""N10"":""               -  р. "",""O10"":""               -  р. "",""P10"":""            1 304,00р. ""}",,
I-20240801-B7ECF59C43EF99CE,P-2024-08-01,C-20240801-7958F2A2A13E54EB,AGT 18mm Фасад Белый,Кромка — AGT 18mm Фасад Белый,цена кромки,material,,,,,,,,м,m,,,,,,,,200,392,,,,,"{""historical_unit_price"":{""status_codes"":[""static"",""historical_price""],""source_cell"":""Расчет!I10""},""historical_line_cost"":{""status_codes"":[""derived"",""historical_price""],""source_cell"":""Данные!C7"",""source_formula"":""=((((Расчет!C10*Расчет!F10)+(Расчет!D10*Расчет!G10))*Расчет!E10)/1000)*Расчет!I10""}}",derived;static;historical_price,source-materials/Medvedev.Works.Calc.zip,Medvedev.Works.Calc/Примеры расчетов/Кукня_01.08.24.xls,Расчет,B10:P10,"{""B10"":""AGT 18mm Фасад Белый"",""C10"":""380"",""D10"":""600"",""E10"":""1"",""F10"":""2"",""G10"":""2"",""H10"":""           4 000р. "",""I10"":""       200,00р. "",""J10"":""0,23"",""K10"":""         912,00р. "",""L10"":""               -  р. "",""M10"":""               -  р. "",""N10"":""               -  р. "",""O10"":""               -  р. "",""P10"":""            1 304,00р. ""}",,
I-20240801-3784FD1356F520CE,P-2024-08-01,C-20240801-4B7CD5B2A18B9279,AGT 18mm Фасад Белый,Работа по площади — AGT 18mm Фасад Белый,работа с площадью,work,,,,,,,,м²,m2,,,,,0.228,,,0,0,,,,,"{""area_m2"":{""status_codes"":[""derived""],""source_cell"":""Расчет!J10"",""source_formula"":""=((C10*D10)*E10)*0.000001""},""historical_unit_price"":{""status_codes"":[""static"",""historical_price""],""source_cell"":""Расчет!L10""},""historical_line_cost"":{""status_codes"":[""derived"",""historical_price""],""source_cell"":""Расчет!M10"",""source_formula"":""=(C10*D10*E10*0.000001)*L10""}}",derived;static;historical_price,source-materials/Medvedev.Works.Calc.zip,Medvedev.Works.Calc/Примеры расчетов/Кукня_01.08.24.xls,Расчет,B10:P10,"{""B10"":""AGT 18mm Фасад Белый"",""C10"":""380"",""D10"":""600"",""E10"":""1"",""F10"":""2"",""G10"":""2"",""H10"":""           4 000р. "",""I10"":""       200,00р. "",""J10"":""0,23"",""K10"":""         912,00р. "",""L10"":""               -  р. "",""M10"":""               -  р. "",""N10"":""               -  р. "",""O10"":""               -  р. "",""P10"":""            1 304,00р. ""}",,
I-20240801-6806B02D67F0C968,P-2024-08-01,C-20240801-4B7CD5B2A18B9279,AGT 18mm Фасад Белый,Работа с кромкой — AGT 18mm Фасад Белый,раб. с кр-ой,work,,,,,,,,м,m,,,,,,,,0,0,,,,,"{""historical_unit_price"":{""status_codes"":[""static"",""historical_price""],""source_cell"":""Расчет!N10""},""historical_line_cost"":{""status_codes"":[""derived"",""historical_price""],""source_cell"":""Расчет!O10"",""source_formula"":""=((C10*E10*F10*0.001)+(D10*E10*G10*0.001))*N10""}}",derived;static;historical_price,source-materials/Medvedev.Works.Calc.zip,Medvedev.Works.Calc/Примеры расчетов/Кукня_01.08.24.xls,Расчет,B10:P10,"{""B10"":""AGT 18mm Фасад Белый"",""C10"":""380"",""D10"":""600"",""E10"":""1"",""F10"":""2"",""G10"":""2"",""H10"":""           4 000р. "",""I10"":""       200,00р. "",""J10"":""0,23"",""K10"":""         912,00р. "",""L10"":""               -  р. "",""M10"":""               -  р. "",""N10"":""               -  р. "",""O10"":""               -  р. "",""P10"":""            1 304,00р. ""}",,
I-20240801-3089818A8D9F3C82,P-2024-08-01,,AGT 18mm Фасад Белый,Стоимость детали — AGT 18mm Фасад Белый,стоимость детали,subtotal,,,,,,,,р.,currency,,,,,,,,,1304,,,,,"{""historical_line_cost"":{""status_codes"":[""derived"",""historical_price""],""source_cell"":""Расчет!P10"",""source_formula"":""=IF($K$2=0,(((C10*D10*E10*0.000001*H10)+(C10*E10*F10*0.001*I10)+(D10*E10*G10*0.001*I10)+M10+O10)*$J$2),(((C10*D10*E10*0.000001*H10)+(C10*E10*F10*0.001*I10)+(D10*E10*G10*0.001*I10)+M10+O10)*$J$2)/$K$2)""}}",derived;historical_price,source-materials/Medvedev.Works.Calc.zip,Medvedev.Works.Calc/Примеры расчетов/Кукня_01.08.24.xls,Расчет,B10:P10,"{""B10"":""AGT 18mm Фасад Белый"",""C10"":""380"",""D10"":""600"",""E10"":""1"",""F10"":""2"",""G10"":""2"",""H10"":""           4 000р. "",""I10"":""       200,00р. "",""J10"":""0,23"",""K10"":""         912,00р. "",""L10"":""               -  р. "",""M10"":""               -  р. "",""N10"":""               -  р. "",""O10"":""               -  р. "",""P10"":""            1 304,00р. ""}",,
I-20240801-D3F6005171926B7F,P-2024-08-01,C-20240801-7958F2A2A13E54EB,AGT 18mm Фасад Белый,Материал — AGT 18mm Фасад Белый,цена материала,material,,,,,,,,м²,m2,,,,,0.2718,,,4000,1087.2,,,,,"{""area_m2"":{""status_codes"":[""derived""],""source_cell"":""Расчет!J11"",""source_formula"":""=((C11*D11)*E11)*0.000001""},""historical_unit_price"":{""status_codes"":[""static"",""historical_price""],""source_cell"":""Расчет!H11""},""historical_line_cost"":{""status_codes"":[""derived"",""historical_price""],""source_cell"":""Расчет!K11"",""source_formula"":""=J11*H11""}}",derived;static;historical_price,source-materials/Medvedev.Works.Calc.zip,Medvedev.Works.Calc/Примеры расчетов/Кукня_01.08.24.xls,Расчет,B11:P11,"{""B11"":""AGT 18mm Фасад Белый"",""C11"":""453"",""D11"":""600"",""E11"":""1"",""F11"":""2"",""G11"":""2"",""H11"":""           4 000р. "",""I11"":""       200,00р. "",""J11"":""0,27"",""K11"":""      1 087,20р. "",""L11"":""               -  р. "",""M11"":""               -  р. "",""N11"":""               -  р. "",""O11"":""               -  р. "",""P11"":""            1 508,40р. ""}",,
I-20240801-8731AB0AE2C25DA0,P-2024-08-01,C-20240801-7958F2A2A13E54EB,AGT 18mm Фасад Белый,Кромка — AGT 18mm Фасад Белый,цена кромки,material,,,,,,,,м,m,,,,,,,,200,421.2,,,,,"{""historical_unit_price"":{""status_codes"":[""static"",""historical_price""],""source_cell"":""Расчет!I11""},""historical_line_cost"":{""status_codes"":[""derived"",""historical_price""],""source_cell"":""Данные!C8"",""source_formula"":""=((((Расчет!C11*Расчет!F11)+(Расчет!D11*Расчет!G11))*Расчет!E11)/1000)*Расчет!I11""}}",derived;static;historical_price,source-materials/Medvedev.Works.Calc.zip,Medvedev.Works.Calc/Примеры расчетов/Кукня_01.08.24.xls,Расчет,B11:P11,"{""B11"":""AGT 18mm Фасад Белый"",""C11"":""453"",""D11"":""600"",""E11"":""1"",""F11"":""2"",""G11"":""2"",""H11"":""           4 000р. "",""I11"":""       200,00р. "",""J11"":""0,27"",""K11"":""      1 087,20р. "",""L11"":""               -  р. "",""M11"":""               -  р. "",""N11"":""               -  р. "",""O11"":""               -  р. "",""P11"":""            1 508,40р. ""}",,
I-20240801-1288D54E84A1BD81,P-2024-08-01,C-20240801-4B7CD5B2A18B9279,AGT 18mm Фасад Белый,Работа по площади — AGT 18mm Фасад Белый,работа с площадью,work,,,,,,,,м²,m2,,,,,0.2718,,,0,0,,,,,"{""area_m2"":{""status_codes"":[""derived""],""source_cell"":""Расчет!J11"",""source_formula"":""=((C11*D11)*E11)*0.000001""},""historical_unit_price"":{""status_codes"":[""static"",""historical_price""],""source_cell"":""Расчет!L11""},""historical_line_cost"":{""status_codes"":[""derived"",""historical_price""],""source_cell"":""Расчет!M11"",""source_formula"":""=(C11*D11*E11*0.000001)*L11""}}",derived;static;historical_price,source-materials/Medvedev.Works.Calc.zip,Medvedev.Works.Calc/Примеры расчетов/Кукня_01.08.24.xls,Расчет,B11:P11,"{""B11"":""AGT 18mm Фасад Белый"",""C11"":""453"",""D11"":""600"",""E11"":""1"",""F11"":""2"",""G11"":""2"",""H11"":""           4 000р. "",""I11"":""       200,00р. "",""J11"":""0,27"",""K11"":""      1 087,20р. "",""L11"":""               -  р. "",""M11"":""               -  р. "",""N11"":""               -  р. "",""O11"":""               -  р. "",""P11"":""            1 508,40р. ""}",,
I-20240801-EF13D03482602396,P-2024-08-01,C-20240801-4B7CD5B2A18B9279,AGT 18mm Фасад Белый,Работа с кромкой — AGT 18mm Фасад Белый,раб. с кр-ой,work,,,,,,,,м,m,,,,,,,,0,0,,,,,"{""historical_unit_price"":{""status_codes"":[""static"",""historical_price""],""source_cell"":""Расчет!N11""},""historical_line_cost"":{""status_codes"":[""derived"",""historical_price""],""source_cell"":""Расчет!O11"",""source_formula"":""=((C11*E11*F11*0.001)+(D11*E11*G11*0.001))*N11""}}",derived;static;historical_price,source-materials/Medvedev.Works.Calc.zip,Medvedev.Works.Calc/Примеры расчетов/Кукня_01.08.24.xls,Расчет,B11:P11,"{""B11"":""AGT 18mm Фасад Белый"",""C11"":""453"",""D11"":""600"",""E11"":""1"",""F11"":""2"",""G11"":""2"",""H11"":""           4 000р. "",""I11"":""       200,00р. "",""J11"":""0,27"",""K11"":""      1 087,20р. "",""L11"":""               -  р. "",""M11"":""               -  р. "",""N11"":""               -  р. "",""O11"":""               -  р. "",""P11"":""            1 508,40р. ""}",,
I-20240801-9E9C2BBD1E815762,P-2024-08-01,,AGT 18mm Фасад Белый,Стоимость детали — AGT 18mm Фасад Белый,стоимость детали,subtotal,,,,,,,,р.,currency,,,,,,,,,1508.4,,,,,"{""historical_line_cost"":{""status_codes"":[""derived"",""historical_price""],""source_cell"":""Расчет!P11"",""source_formula"":""=IF($K$2=0,(((C11*D11*E11*0.000001*H11)+(C11*E11*F11*0.001*I11)+(D11*E11*G11*0.001*I11)+M11+O11)*$J$2),(((C11*D11*E11*0.000001*H11)+(C11*E11*F11*0.001*I11)+(D11*E11*G11*0.001*I11)+M11+O11)*$J$2)/$K$2)""}}",derived;historical_price,source-materials/Medvedev.Works.Calc.zip,Medvedev.Works.Calc/Примеры расчетов/Кукня_01.08.24.xls,Расчет,B11:P11,"{""B11"":""AGT 18mm Фасад Белый"",""C11"":""453"",""D11"":""600"",""E11"":""1"",""F11"":""2"",""G11"":""2"",""H11"":""           4 000р. "",""I11"":""       200,00р. "",""J11"":""0,27"",""K11"":""      1 087,20р. "",""L11"":""               -  р. "",""M11"":""               -  р. "",""N11"":""               -  р. "",""O11"":""               -  р. "",""P11"":""            1 508,40р. ""}",,
I-20240801-DF4629A156F93D45,P-2024-08-01,C-20240801-7958F2A2A13E54EB,AGT 18mm Фасад Белый,Материал — AGT 18mm Фасад Белый,цена материала,material,,,,,,,,м²,m2,,,,,0.864,,,4000,3456,,,,,"{""area_m2"":{""status_codes"":[""derived""],""source_cell"":""Расчет!J12"",""source_formula"":""=((C12*D12)*E12)*0.000001""},""historical_unit_price"":{""status_codes"":[""static"",""historical_price""],""source_cell"":""Расчет!H12""},""historical_line_cost"":{""status_codes"":[""derived"",""historical_price""],""source_cell"":""Расчет!K12"",""source_formula"":""=J12*H12""}}",derived;static;historical_price,source-materials/Medvedev.Works.Calc.zip,Medvedev.Works.Calc/Примеры расчетов/Кукня_01.08.24.xls,Расчет,B12:P12,"{""B12"":""AGT 18mm Фасад Белый"",""C12"":""720"",""D12"":""600"",""E12"":""2"",""F12"":""2"",""G12"":""2"",""H12"":""           4 000р. "",""I12"":""       200,00р. "",""J12"":""0,86"",""K12"":""      3 456,00р. "",""L12"":""               -  р. "",""M12"":""               -  р. "",""N12"":""               -  р. "",""O12"":""               -  р. "",""P12"":""            4 512,00р. ""}",,
I-20240801-FFB399E706AEE22E,P-2024-08-01,C-20240801-7958F2A2A13E54EB,AGT 18mm Фасад Белый,Кромка — AGT 18mm Фасад Белый,цена кромки,material,,,,,,,,м,m,,,,,,,,200,1056,,,,,"{""historical_unit_price"":{""status_codes"":[""static"",""historical_price""],""source_cell"":""Расчет!I12""},""historical_line_cost"":{""status_codes"":[""derived"",""historical_price""],""source_cell"":""Данные!C9"",""source_formula"":""=((((Расчет!C12*Расчет!F12)+(Расчет!D12*Расчет!G12))*Расчет!E12)/1000)*Расчет!I12""}}",derived;static;historical_price,source-materials/Medvedev.Works.Calc.zip,Medvedev.Works.Calc/Примеры расчетов/Кукня_01.08.24.xls,Расчет,B12:P12,"{""B12"":""AGT 18mm Фасад Белый"",""C12"":""720"",""D12"":""600"",""E12"":""2"",""F12"":""2"",""G12"":""2"",""H12"":""           4 000р. "",""I12"":""       200,00р. "",""J12"":""0,86"",""K12"":""      3 456,00р. "",""L12"":""               -  р. "",""M12"":""               -  р. "",""N12"":""               -  р. "",""O12"":""               -  р. "",""P12"":""            4 512,00р. ""}",,
I-20240801-015CC34674B22ED1,P-2024-08-01,C-20240801-4B7CD5B2A18B9279,AGT 18mm Фасад Белый,Работа по площади — AGT 18mm Фасад Белый,работа с площадью,work,,,,,,,,м²,m2,,,,,0.864,,,0,0,,,,,"{""area_m2"":{""status_codes"":[""derived""],""source_cell"":""Расчет!J12"",""source_formula"":""=((C12*D12)*E12)*0.000001""},""historical_unit_price"":{""status_codes"":[""static"",""historical_price""],""source_cell"":""Расчет!L12""},""historical_line_cost"":{""status_codes"":[""derived"",""historical_price""],""source_cell"":""Расчет!M12"",""source_formula"":""=(C12*D12*E12*0.000001)*L12""}}",derived;static;historical_price,source-materials/Medvedev.Works.Calc.zip,Medvedev.Works.Calc/Примеры расчетов/Кукня_01.08.24.xls,Расчет,B12:P12,"{""B12"":""AGT 18mm Фасад Белый"",""C12"":""720"",""D12"":""600"",""E12"":""2"",""F12"":""2"",""G12"":""2"",""H12"":""           4 000р. "",""I12"":""       200,00р. "",""J12"":""0,86"",""K12"":""      3 456,00р. "",""L12"":""               -  р. "",""M12"":""               -  р. "",""N12"":""               -  р. "",""O12"":""               -  р. "",""P12"":""            4 512,00р. ""}",,
I-20240801-D6FD8307496FB82E,P-2024-08-01,C-20240801-4B7CD5B2A18B9279,AGT 18mm Фасад Белый,Работа с кромкой — AGT 18mm Фасад Белый,раб. с кр-ой,work,,,,,,,,м,m,,,,,,,,0,0,,,,,"{""historical_unit_price"":{""status_codes"":[""static"",""historical_price""],""source_cell"":""Расчет!N12""},""historical_line_cost"":{""status_codes"":[""derived"",""historical_price""],""source_cell"":""Расчет!O12"",""source_formula"":""=((C12*E12*F12*0.001)+(D12*E12*G12*0.001))*N12""}}",derived;static;historical_price,source-materials/Medvedev.Works.Calc.zip,Medvedev.Works.Calc/Примеры расчетов/Кукня_01.08.24.xls,Расчет,B12:P12,"{""B12"":""AGT 18mm Фасад Белый"",""C12"":""720"",""D12"":""600"",""E12"":""2"",""F12"":""2"",""G12"":""2"",""H12"":""           4 000р. "",""I12"":""       200,00р. "",""J12"":""0,86"",""K12"":""      3 456,00р. "",""L12"":""               -  р. "",""M12"":""               -  р. "",""N12"":""               -  р. "",""O12"":""               -  р. "",""P12"":""            4 512,00р. ""}",,
I-20240801-1DF1F42435F3E3D8,P-2024-08-01,,AGT 18mm Фасад Белый,Стоимость детали — AGT 18mm Фасад Белый,стоимость детали,subtotal,,,,,,,,р.,currency,,,,,,,,,4512,,,,,"{""historical_line_cost"":{""status_codes"":[""derived"",""historical_price""],""source_cell"":""Расчет!P12"",""source_formula"":""=IF($K$2=0,(((C12*D12*E12*0.000001*H12)+(C12*E12*F12*0.001*I12)+(D12*E12*G12*0.001*I12)+M12+O12)*$J$2),(((C12*D12*E12*0.000001*H12)+(C12*E12*F12*0.001*I12)+(D12*E12*G12*0.001*I12)+M12+O12)*$J$2)/$K$2)""}}",derived;historical_price,source-materials/Medvedev.Works.Calc.zip,Medvedev.Works.Calc/Примеры расчетов/Кукня_01.08.24.xls,Расчет,B12:P12,"{""B12"":""AGT 18mm Фасад Белый"",""C12"":""720"",""D12"":""600"",""E12"":""2"",""F12"":""2"",""G12"":""2"",""H12"":""           4 000р. "",""I12"":""       200,00р. "",""J12"":""0,86"",""K12"":""      3 456,00р. "",""L12"":""               -  р. "",""M12"":""               -  р. "",""N12"":""               -  р. "",""O12"":""               -  р. "",""P12"":""            4 512,00р. ""}",,
I-20240801-DDCBCE738690F81D,P-2024-08-01,C-20240801-7958F2A2A13E54EB,AGT 18mm Фасад Белый,Материал — AGT 18mm Фасад Белый,цена материала,material,,,,,,,,м²,m2,,,,,1.3176,,,4000,5270.4,,,,,"{""area_m2"":{""status_codes"":[""derived""],""source_cell"":""Расчет!J13"",""source_formula"":""=((C13*D13)*E13)*0.000001""},""historical_unit_price"":{""status_codes"":[""static"",""historical_price""],""source_cell"":""Расчет!H13""},""historical_line_cost"":{""status_codes"":[""derived"",""historical_price""],""source_cell"":""Расчет!K13"",""source_formula"":""=J13*H13""}}",derived;static;historical_price,source-materials/Medvedev.Works.Calc.zip,Medvedev.Works.Calc/Примеры расчетов/Кукня_01.08.24.xls,Расчет,B13:P13,"{""B13"":""AGT 18mm Фасад Белый"",""C13"":""1098"",""D13"":""600"",""E13"":""2"",""F13"":""2"",""G13"":""2"",""H13"":""           4 000р. "",""I13"":""       200,00р. "",""J13"":""1,32"",""K13"":""      5 270,40р. "",""L13"":""               -  р. "",""M13"":""               -  р. "",""N13"":""               -  р. "",""O13"":""               -  р. "",""P13"":""            6 628,80р. ""}",,
I-20240801-3F8D91D63BEB50B5,P-2024-08-01,C-20240801-7958F2A2A13E54EB,AGT 18mm Фасад Белый,Кромка — AGT 18mm Фасад Белый,цена кромки,material,,,,,,,,м,m,,,,,,,,200,1358.4,,,,,"{""historical_unit_price"":{""status_codes"":[""static"",""historical_price""],""source_cell"":""Расчет!I13""},""historical_line_cost"":{""status_codes"":[""derived"",""historical_price""],""source_cell"":""Данные!C10"",""source_formula"":""=((((Расчет!C13*Расчет!F13)+(Расчет!D13*Расчет!G13))*Расчет!E13)/1000)*Расчет!I13""}}",derived;static;historical_price,source-materials/Medvedev.Works.Calc.zip,Medvedev.Works.Calc/Примеры расчетов/Кукня_01.08.24.xls,Расчет,B13:P13,"{""B13"":""AGT 18mm Фасад Белый"",""C13"":""1098"",""D13"":""600"",""E13"":""2"",""F13"":""2"",""G13"":""2"",""H13"":""           4 000р. "",""I13"":""       200,00р. "",""J13"":""1,32"",""K13"":""      5 270,40р. "",""L13"":""               -  р. "",""M13"":""               -  р. "",""N13"":""               -  р. "",""O13"":""               -  р. "",""P13"":""            6 628,80р. ""}",,
I-20240801-2AD56C6E282B58AE,P-2024-08-01,C-20240801-4B7CD5B2A18B9279,AGT 18mm Фасад Белый,Работа по площади — AGT 18mm Фасад Белый,работа с площадью,work,,,,,,,,м²,m2,,,,,1.3176,,,0,0,,,,,"{""area_m2"":{""status_codes"":[""derived""],""source_cell"":""Расчет!J13"",""source_formula"":""=((C13*D13)*E13)*0.000001""},""historical_unit_price"":{""status_codes"":[""static"",""historical_price""],""source_cell"":""Расчет!L13""},""historical_line_cost"":{""status_codes"":[""derived"",""historical_price""],""source_cell"":""Расчет!M13"",""source_formula"":""=(C13*D13*E13*0.000001)*L13""}}",derived;static;historical_price,source-materials/Medvedev.Works.Calc.zip,Medvedev.Works.Calc/Примеры расчетов/Кукня_01.08.24.xls,Расчет,B13:P13,"{""B13"":""AGT 18mm Фасад Белый"",""C13"":""1098"",""D13"":""600"",""E13"":""2"",""F13"":""2"",""G13"":""2"",""H13"":""           4 000р. "",""I13"":""       200,00р. "",""J13"":""1,32"",""K13"":""      5 270,40р. "",""L13"":""               -  р. "",""M13"":""               -  р. "",""N13"":""               -  р. "",""O13"":""               -  р. "",""P13"":""            6 628,80р. ""}",,
I-20240801-57A603EAC7D7EED1,P-2024-08-01,C-20240801-4B7CD5B2A18B9279,AGT 18mm Фасад Белый,Работа с кромкой — AGT 18mm Фасад Белый,раб. с кр-ой,work,,,,,,,,м,m,,,,,,,,0,0,,,,,"{""historical_unit_price"":{""status_codes"":[""static"",""historical_price""],""source_cell"":""Расчет!N13""},""historical_line_cost"":{""status_codes"":[""derived"",""historical_price""],""source_cell"":""Расчет!O13"",""source_formula"":""=((C13*E13*F13*0.001)+(D13*E13*G13*0.001))*N13""}}",derived;static;historical_price,source-materials/Medvedev.Works.Calc.zip,Medvedev.Works.Calc/Примеры расчетов/Кукня_01.08.24.xls,Расчет,B13:P13,"{""B13"":""AGT 18mm Фасад Белый"",""C13"":""1098"",""D13"":""600"",""E13"":""2"",""F13"":""2"",""G13"":""2"",""H13"":""           4 000р. "",""I13"":""       200,00р. "",""J13"":""1,32"",""K13"":""      5 270,40р. "",""L13"":""               -  р. "",""M13"":""               -  р. "",""N13"":""               -  р. "",""O13"":""               -  р. "",""P13"":""            6 628,80р. ""}",,
I-20240801-71F3E08948EFBD5E,P-2024-08-01,,AGT 18mm Фасад Белый,Стоимость детали — AGT 18mm Фасад Белый,стоимость детали,subtotal,,,,,,,,р.,currency,,,,,,,,,6628.8,,,,,"{""historical_line_cost"":{""status_codes"":[""derived"",""historical_price""],""source_cell"":""Расчет!P13"",""source_formula"":""=IF($K$2=0,(((C13*D13*E13*0.000001*H13)+(C13*E13*F13*0.001*I13)+(D13*E13*G13*0.001*I13)+M13+O13)*$J$2),(((C13*D13*E13*0.000001*H13)+(C13*E13*F13*0.001*I13)+(D13*E13*G13*0.001*I13)+M13+O13)*$J$2)/$K$2)""}}",derived;historical_price,source-materials/Medvedev.Works.Calc.zip,Medvedev.Works.Calc/Примеры расчетов/Кукня_01.08.24.xls,Расчет,B13:P13,"{""B13"":""AGT 18mm Фасад Белый"",""C13"":""1098"",""D13"":""600"",""E13"":""2"",""F13"":""2"",""G13"":""2"",""H13"":""           4 000р. "",""I13"":""       200,00р. "",""J13"":""1,32"",""K13"":""      5 270,40р. "",""L13"":""               -  р. "",""M13"":""               -  р. "",""N13"":""               -  р. "",""O13"":""               -  р. "",""P13"":""            6 628,80р. ""}",,
I-20240801-984935249B9FBF2C,P-2024-08-01,C-20240801-7958F2A2A13E54EB,AGT 18mm Фасад Белый,Материал — AGT 18mm Фасад Белый,цена материала,material,,,,,,,,м²,m2,,,,,0.0288,,,4000,115.2,,,,,"{""area_m2"":{""status_codes"":[""derived""],""source_cell"":""Расчет!J14"",""source_formula"":""=((C14*D14)*E14)*0.000001""},""historical_unit_price"":{""status_codes"":[""static"",""historical_price""],""source_cell"":""Расчет!H14""},""historical_line_cost"":{""status_codes"":[""derived"",""historical_price""],""source_cell"":""Расчет!K14"",""source_formula"":""=J14*H14""}}",derived;static;historical_price,source-materials/Medvedev.Works.Calc.zip,Medvedev.Works.Calc/Примеры расчетов/Кукня_01.08.24.xls,Расчет,B14:P14,"{""B14"":""AGT 18mm Фасад Белый"",""C14"":""720"",""D14"":""40"",""E14"":""1"",""F14"":""2"",""G14"":""2"",""H14"":""           4 000р. "",""I14"":""       200,00р. "",""J14"":""0,03"",""K14"":""         115,20р. "",""L14"":""               -  р. "",""M14"":""               -  р. "",""N14"":""               -  р. "",""O14"":""               -  р. "",""P14"":""               419,20р. ""}",,
I-20240801-D002C8E415A807EA,P-2024-08-01,C-20240801-7958F2A2A13E54EB,AGT 18mm Фасад Белый,Кромка — AGT 18mm Фасад Белый,цена кромки,material,,,,,,,,м,m,,,,,,,,200,304,,,,,"{""historical_unit_price"":{""status_codes"":[""static"",""historical_price""],""source_cell"":""Расчет!I14""},""historical_line_cost"":{""status_codes"":[""derived"",""historical_price""],""source_cell"":""Данные!C11"",""source_formula"":""=((((Расчет!C14*Расчет!F14)+(Расчет!D14*Расчет!G14))*Расчет!E14)/1000)*Расчет!I14""}}",derived;static;historical_price,source-materials/Medvedev.Works.Calc.zip,Medvedev.Works.Calc/Примеры расчетов/Кукня_01.08.24.xls,Расчет,B14:P14,"{""B14"":""AGT 18mm Фасад Белый"",""C14"":""720"",""D14"":""40"",""E14"":""1"",""F14"":""2"",""G14"":""2"",""H14"":""           4 000р. "",""I14"":""       200,00р. "",""J14"":""0,03"",""K14"":""         115,20р. "",""L14"":""               -  р. "",""M14"":""               -  р. "",""N14"":""               -  р. "",""O14"":""               -  р. "",""P14"":""               419,20р. ""}",,
I-20240801-0553C456ED0EEF77,P-2024-08-01,C-20240801-4B7CD5B2A18B9279,AGT 18mm Фасад Белый,Работа по площади — AGT 18mm Фасад Белый,работа с площадью,work,,,,,,,,м²,m2,,,,,0.0288,,,0,0,,,,,"{""area_m2"":{""status_codes"":[""derived""],""source_cell"":""Расчет!J14"",""source_formula"":""=((C14*D14)*E14)*0.000001""},""historical_unit_price"":{""status_codes"":[""static"",""historical_price""],""source_cell"":""Расчет!L14""},""historical_line_cost"":{""status_codes"":[""derived"",""historical_price""],""source_cell"":""Расчет!M14"",""source_formula"":""=(C14*D14*E14*0.000001)*L14""}}",derived;static;historical_price,source-materials/Medvedev.Works.Calc.zip,Medvedev.Works.Calc/Примеры расчетов/Кукня_01.08.24.xls,Расчет,B14:P14,"{""B14"":""AGT 18mm Фасад Белый"",""C14"":""720"",""D14"":""40"",""E14"":""1"",""F14"":""2"",""G14"":""2"",""H14"":""           4 000р. "",""I14"":""       200,00р. "",""J14"":""0,03"",""K14"":""         115,20р. "",""L14"":""               -  р. "",""M14"":""               -  р. "",""N14"":""               -  р. "",""O14"":""               -  р. "",""P14"":""               419,20р. ""}",,
I-20240801-D976FAA27B42308D,P-2024-08-01,C-20240801-4B7CD5B2A18B9279,AGT 18mm Фасад Белый,Работа с кромкой — AGT 18mm Фасад Белый,раб. с кр-ой,work,,,,,,,,м,m,,,,,,,,0,0,,,,,"{""historical_unit_price"":{""status_codes"":[""static"",""historical_price""],""source_cell"":""Расчет!N14""},""historical_line_cost"":{""status_codes"":[""derived"",""historical_price""],""source_cell"":""Расчет!O14"",""source_formula"":""=((C14*E14*F14*0.001)+(D14*E14*G14*0.001))*N14""}}",derived;static;historical_price,source-materials/Medvedev.Works.Calc.zip,Medvedev.Works.Calc/Примеры расчетов/Кукня_01.08.24.xls,Расчет,B14:P14,"{""B14"":""AGT 18mm Фасад Белый"",""C14"":""720"",""D14"":""40"",""E14"":""1"",""F14"":""2"",""G14"":""2"",""H14"":""           4 000р. "",""I14"":""       200,00р. "",""J14"":""0,03"",""K14"":""         115,20р. "",""L14"":""               -  р. "",""M14"":""               -  р. "",""N14"":""               -  р. "",""O14"":""               -  р. "",""P14"":""               419,20р. ""}",,
I-20240801-6EAAF30E3DA9D1F4,P-2024-08-01,,AGT 18mm Фасад Белый,Стоимость детали — AGT 18mm Фасад Белый,стоимость детали,subtotal,,,,,,,,р.,currency,,,,,,,,,419.2,,,,,"{""historical_line_cost"":{""status_codes"":[""derived"",""historical_price""],""source_cell"":""Расчет!P14"",""source_formula"":""=IF($K$2=0,(((C14*D14*E14*0.000001*H14)+(C14*E14*F14*0.001*I14)+(D14*E14*G14*0.001*I14)+M14+O14)*$J$2),(((C14*D14*E14*0.000001*H14)+(C14*E14*F14*0.001*I14)+(D14*E14*G14*0.001*I14)+M14+O14)*$J$2)/$K$2)""}}",derived;historical_price,source-materials/Medvedev.Works.Calc.zip,Medvedev.Works.Calc/Примеры расчетов/Кукня_01.08.24.xls,Расчет,B14:P14,"{""B14"":""AGT 18mm Фасад Белый"",""C14"":""720"",""D14"":""40"",""E14"":""1"",""F14"":""2"",""G14"":""2"",""H14"":""           4 000р. "",""I14"":""       200,00р. "",""J14"":""0,03"",""K14"":""         115,20р. "",""L14"":""               -  р. "",""M14"":""               -  р. "",""N14"":""               -  р. "",""O14"":""               -  р. "",""P14"":""               419,20р. ""}",,
I-20240801-C1C88F1DE4C20307,P-2024-08-01,C-20240801-7958F2A2A13E54EB,AGT 18mm Фасад Белый,Материал — AGT 18mm Фасад Белый,цена материала,material,,,,,,,,м²,m2,,,,,0.04392,,,4000,175.68,,,,,"{""area_m2"":{""status_codes"":[""derived""],""source_cell"":""Расчет!J15"",""source_formula"":""=((C15*D15)*E15)*0.000001""},""historical_unit_price"":{""status_codes"":[""static"",""historical_price""],""source_cell"":""Расчет!H15""},""historical_line_cost"":{""status_codes"":[""derived"",""historical_price""],""source_cell"":""Расчет!K15"",""source_formula"":""=J15*H15""}}",derived;static;historical_price,source-materials/Medvedev.Works.Calc.zip,Medvedev.Works.Calc/Примеры расчетов/Кукня_01.08.24.xls,Расчет,B15:P15,"{""B15"":""AGT 18mm Фасад Белый"",""C15"":""1098"",""D15"":""40"",""E15"":""1"",""F15"":""2"",""G15"":""2"",""H15"":""           4 000р. "",""I15"":""       200,00р. "",""J15"":""0,04"",""K15"":""         175,68р. "",""L15"":""               -  р. "",""M15"":""               -  р. "",""N15"":""               -  р. "",""O15"":""               -  р. "",""P15"":""               630,88р. ""}",,
I-20240801-FA9B3D2B98795D0D,P-2024-08-01,C-20240801-7958F2A2A13E54EB,AGT 18mm Фасад Белый,Кромка — AGT 18mm Фасад Белый,цена кромки,material,,,,,,,,м,m,,,,,,,,200,455.2,,,,,"{""historical_unit_price"":{""status_codes"":[""static"",""historical_price""],""source_cell"":""Расчет!I15""},""historical_line_cost"":{""status_codes"":[""derived"",""historical_price""],""source_cell"":""Данные!C12"",""source_formula"":""=((((Расчет!C15*Расчет!F15)+(Расчет!D15*Расчет!G15))*Расчет!E15)/1000)*Расчет!I15""}}",derived;static;historical_price,source-materials/Medvedev.Works.Calc.zip,Medvedev.Works.Calc/Примеры расчетов/Кукня_01.08.24.xls,Расчет,B15:P15,"{""B15"":""AGT 18mm Фасад Белый"",""C15"":""1098"",""D15"":""40"",""E15"":""1"",""F15"":""2"",""G15"":""2"",""H15"":""           4 000р. "",""I15"":""       200,00р. "",""J15"":""0,04"",""K15"":""         175,68р. "",""L15"":""               -  р. "",""M15"":""               -  р. "",""N15"":""               -  р. "",""O15"":""               -  р. "",""P15"":""               630,88р. ""}",,
I-20240801-3EAFCFFD7DA3D721,P-2024-08-01,C-20240801-4B7CD5B2A18B9279,AGT 18mm Фасад Белый,Работа по площади — AGT 18mm Фасад Белый,работа с площадью,work,,,,,,,,м²,m2,,,,,0.04392,,,0,0,,,,,"{""area_m2"":{""status_codes"":[""derived""],""source_cell"":""Расчет!J15"",""source_formula"":""=((C15*D15)*E15)*0.000001""},""historical_unit_price"":{""status_codes"":[""static"",""historical_price""],""source_cell"":""Расчет!L15""},""historical_line_cost"":{""status_codes"":[""derived"",""historical_price""],""source_cell"":""Расчет!M15"",""source_formula"":""=(C15*D15*E15*0.000001)*L15""}}",derived;static;historical_price,source-materials/Medvedev.Works.Calc.zip,Medvedev.Works.Calc/Примеры расчетов/Кукня_01.08.24.xls,Расчет,B15:P15,"{""B15"":""AGT 18mm Фасад Белый"",""C15"":""1098"",""D15"":""40"",""E15"":""1"",""F15"":""2"",""G15"":""2"",""H15"":""           4 000р. "",""I15"":""       200,00р. "",""J15"":""0,04"",""K15"":""         175,68р. "",""L15"":""               -  р. "",""M15"":""               -  р. "",""N15"":""               -  р. "",""O15"":""               -  р. "",""P15"":""               630,88р. ""}",,
I-20240801-DC2872900F51681E,P-2024-08-01,C-20240801-4B7CD5B2A18B9279,AGT 18mm Фасад Белый,Работа с кромкой — AGT 18mm Фасад Белый,раб. с кр-ой,work,,,,,,,,м,m,,,,,,,,0,0,,,,,"{""historical_unit_price"":{""status_codes"":[""static"",""historical_price""],""source_cell"":""Расчет!N15""},""historical_line_cost"":{""status_codes"":[""derived"",""historical_price""],""source_cell"":""Расчет!O15"",""source_formula"":""=((C15*E15*F15*0.001)+(D15*E15*G15*0.001))*N15""}}",derived;static;historical_price,source-materials/Medvedev.Works.Calc.zip,Medvedev.Works.Calc/Примеры расчетов/Кукня_01.08.24.xls,Расчет,B15:P15,"{""B15"":""AGT 18mm Фасад Белый"",""C15"":""1098"",""D15"":""40"",""E15"":""1"",""F15"":""2"",""G15"":""2"",""H15"":""           4 000р. "",""I15"":""       200,00р. "",""J15"":""0,04"",""K15"":""         175,68р. "",""L15"":""               -  р. "",""M15"":""               -  р. "",""N15"":""               -  р. "",""O15"":""               -  р. "",""P15"":""               630,88р. ""}",,
I-20240801-164019E8FB26C165,P-2024-08-01,,AGT 18mm Фасад Белый,Стоимость детали — AGT 18mm Фасад Белый,стоимость детали,subtotal,,,,,,,,р.,currency,,,,,,,,,630.88,,,,,"{""historical_line_cost"":{""status_codes"":[""derived"",""historical_price""],""source_cell"":""Расчет!P15"",""source_formula"":""=IF($K$2=0,(((C15*D15*E15*0.000001*H15)+(C15*E15*F15*0.001*I15)+(D15*E15*G15*0.001*I15)+M15+O15)*$J$2),(((C15*D15*E15*0.000001*H15)+(C15*E15*F15*0.001*I15)+(D15*E15*G15*0.001*I15)+M15+O15)*$J$2)/$K$2)""}}",derived;historical_price,source-materials/Medvedev.Works.Calc.zip,Medvedev.Works.Calc/Примеры расчетов/Кукня_01.08.24.xls,Расчет,B15:P15,"{""B15"":""AGT 18mm Фасад Белый"",""C15"":""1098"",""D15"":""40"",""E15"":""1"",""F15"":""2"",""G15"":""2"",""H15"":""           4 000р. "",""I15"":""       200,00р. "",""J15"":""0,04"",""K15"":""         175,68р. "",""L15"":""               -  р. "",""M15"":""               -  р. "",""N15"":""               -  р. "",""O15"":""               -  р. "",""P15"":""               630,88р. ""}",,
I-20240801-67FC1BE2AA0D6F89,P-2024-08-01,C-20240801-7958F2A2A13E54EB,AGT 18mm Фасад Белый,Материал — AGT 18mm Фасад Белый,цена материала,material,,,,,,,,м²,m2,,,,,0.02048,,,4000,81.92,,,,,"{""area_m2"":{""status_codes"":[""derived""],""source_cell"":""Расчет!J16"",""source_formula"":""=((C16*D16)*E16)*0.000001""},""historical_unit_price"":{""status_codes"":[""static"",""historical_price""],""source_cell"":""Расчет!H16""},""historical_line_cost"":{""status_codes"":[""derived"",""historical_price""],""source_cell"":""Расчет!K16"",""source_formula"":""=J16*H16""}}",derived;static;historical_price,source-materials/Medvedev.Works.Calc.zip,Medvedev.Works.Calc/Примеры расчетов/Кукня_01.08.24.xls,Расчет,B16:P16,"{""B16"":""AGT 18mm Фасад Белый"",""C16"":""512"",""D16"":""40"",""E16"":""1"",""F16"":""2"",""G16"":""2"",""H16"":""           4 000р. "",""I16"":""       200,00р. "",""J16"":""0,02"",""K16"":""           81,92р. "",""L16"":""               -  р. "",""M16"":""               -  р. "",""N16"":""               -  р. "",""O16"":""               -  р. "",""P16"":""               302,72р. ""}",,
I-20240801-25C897D1FF1D7DAF,P-2024-08-01,C-20240801-7958F2A2A13E54EB,AGT 18mm Фасад Белый,Кромка — AGT 18mm Фасад Белый,цена кромки,material,,,,,,,,м,m,,,,,,,,200,220.8,,,,,"{""historical_unit_price"":{""status_codes"":[""static"",""historical_price""],""source_cell"":""Расчет!I16""},""historical_line_cost"":{""status_codes"":[""derived"",""historical_price""],""source_cell"":""Данные!C13"",""source_formula"":""=((((Расчет!C16*Расчет!F16)+(Расчет!D16*Расчет!G16))*Расчет!E16)/1000)*Расчет!I16""}}",derived;static;historical_price,source-materials/Medvedev.Works.Calc.zip,Medvedev.Works.Calc/Примеры расчетов/Кукня_01.08.24.xls,Расчет,B16:P16,"{""B16"":""AGT 18mm Фасад Белый"",""C16"":""512"",""D16"":""40"",""E16"":""1"",""F16"":""2"",""G16"":""2"",""H16"":""           4 000р. "",""I16"":""       200,00р. "",""J16"":""0,02"",""K16"":""           81,92р. "",""L16"":""               -  р. "",""M16"":""               -  р. "",""N16"":""               -  р. "",""O16"":""               -  р. "",""P16"":""               302,72р. ""}",,
I-20240801-15DE081F332AE7FA,P-2024-08-01,C-20240801-4B7CD5B2A18B9279,AGT 18mm Фасад Белый,Работа по площади — AGT 18mm Фасад Белый,работа с площадью,work,,,,,,,,м²,m2,,,,,0.02048,,,0,0,,,,,"{""area_m2"":{""status_codes"":[""derived""],""source_cell"":""Расчет!J16"",""source_formula"":""=((C16*D16)*E16)*0.000001""},""historical_unit_price"":{""status_codes"":[""static"",""historical_price""],""source_cell"":""Расчет!L16""},""historical_line_cost"":{""status_codes"":[""derived"",""historical_price""],""source_cell"":""Расчет!M16"",""source_formula"":""=(C16*D16*E16*0.000001)*L16""}}",derived;static;historical_price,source-materials/Medvedev.Works.Calc.zip,Medvedev.Works.Calc/Примеры расчетов/Кукня_01.08.24.xls,Расчет,B16:P16,"{""B16"":""AGT 18mm Фасад Белый"",""C16"":""512"",""D16"":""40"",""E16"":""1"",""F16"":""2"",""G16"":""2"",""H16"":""           4 000р. "",""I16"":""       200,00р. "",""J16"":""0,02"",""K16"":""           81,92р. "",""L16"":""               -  р. "",""M16"":""               -  р. "",""N16"":""               -  р. "",""O16"":""               -  р. "",""P16"":""               302,72р. ""}",,
I-20240801-325A284073D470B2,P-2024-08-01,C-20240801-4B7CD5B2A18B9279,AGT 18mm Фасад Белый,Работа с кромкой — AGT 18mm Фасад Белый,раб. с кр-ой,work,,,,,,,,м,m,,,,,,,,0,0,,,,,"{""historical_unit_price"":{""status_codes"":[""static"",""historical_price""],""source_cell"":""Расчет!N16""},""historical_line_cost"":{""status_codes"":[""derived"",""historical_price""],""source_cell"":""Расчет!O16"",""source_formula"":""=((C16*E16*F16*0.001)+(D16*E16*G16*0.001))*N16""}}",derived;static;historical_price,source-materials/Medvedev.Works.Calc.zip,Medvedev.Works.Calc/Примеры расчетов/Кукня_01.08.24.xls,Расчет,B16:P16,"{""B16"":""AGT 18mm Фасад Белый"",""C16"":""512"",""D16"":""40"",""E16"":""1"",""F16"":""2"",""G16"":""2"",""H16"":""           4 000р. "",""I16"":""       200,00р. "",""J16"":""0,02"",""K16"":""           81,92р. "",""L16"":""               -  р. "",""M16"":""               -  р. "",""N16"":""               -  р. "",""O16"":""               -  р. "",""P16"":""               302,72р. ""}",,
I-20240801-E46C4DD37E08899F,P-2024-08-01,,AGT 18mm Фасад Белый,Стоимость детали — AGT 18mm Фасад Белый,стоимость детали,subtotal,,,,,,,,р.,currency,,,,,,,,,302.72,,,,,"{""historical_line_cost"":{""status_codes"":[""derived"",""historical_price""],""source_cell"":""Расчет!P16"",""source_formula"":""=IF($K$2=0,(((C16*D16*E16*0.000001*H16)+(C16*E16*F16*0.001*I16)+(D16*E16*G16*0.001*I16)+M16+O16)*$J$2),(((C16*D16*E16*0.000001*H16)+(C16*E16*F16*0.001*I16)+(D16*E16*G16*0.001*I16)+M16+O16)*$J$2)/$K$2)""}}",derived;historical_price,source-materials/Medvedev.Works.Calc.zip,Medvedev.Works.Calc/Примеры расчетов/Кукня_01.08.24.xls,Расчет,B16:P16,"{""B16"":""AGT 18mm Фасад Белый"",""C16"":""512"",""D16"":""40"",""E16"":""1"",""F16"":""2"",""G16"":""2"",""H16"":""           4 000р. "",""I16"":""       200,00р. "",""J16"":""0,02"",""K16"":""           81,92р. "",""L16"":""               -  р. "",""M16"":""               -  р. "",""N16"":""               -  р. "",""O16"":""               -  р. "",""P16"":""               302,72р. ""}",,
I-20240801-3D2D86E657702C6F,P-2024-08-01,C-20240801-7958F2A2A13E54EB,AGT 18mm Фасад Белый,Материал — AGT 18mm Фасад Белый,цена материала,material,,,,,,,,м²,m2,,,,,0.0932,,,4000,372.8,,,,,"{""area_m2"":{""status_codes"":[""derived""],""source_cell"":""Расчет!J17"",""source_formula"":""=((C17*D17)*E17)*0.000001""},""historical_unit_price"":{""status_codes"":[""static"",""historical_price""],""source_cell"":""Расчет!H17""},""historical_line_cost"":{""status_codes"":[""derived"",""historical_price""],""source_cell"":""Расчет!K17"",""source_formula"":""=J17*H17""}}",derived;static;historical_price,source-materials/Medvedev.Works.Calc.zip,Medvedev.Works.Calc/Примеры расчетов/Кукня_01.08.24.xls,Расчет,B17:P17,"{""B17"":""AGT 18mm Фасад Белый"",""C17"":""2330"",""D17"":""40"",""E17"":""1"",""F17"":""2"",""G17"":""2"",""H17"":""           4 000р. "",""I17"":""       200,00р. "",""J17"":""0,09"",""K17"":""         372,80р. "",""L17"":""               -  р. "",""M17"":""               -  р. "",""N17"":""               -  р. "",""O17"":""               -  р. "",""P17"":""            1 320,80р. ""}",,
I-20240801-7732AE06675C51EF,P-2024-08-01,C-20240801-7958F2A2A13E54EB,AGT 18mm Фасад Белый,Кромка — AGT 18mm Фасад Белый,цена кромки,material,,,,,,,,м,m,,,,,,,,200,948,,,,,"{""historical_unit_price"":{""status_codes"":[""static"",""historical_price""],""source_cell"":""Расчет!I17""},""historical_line_cost"":{""status_codes"":[""derived"",""historical_price""],""source_cell"":""Данные!C14"",""source_formula"":""=((((Расчет!C17*Расчет!F17)+(Расчет!D17*Расчет!G17))*Расчет!E17)/1000)*Расчет!I17""}}",derived;static;historical_price,source-materials/Medvedev.Works.Calc.zip,Medvedev.Works.Calc/Примеры расчетов/Кукня_01.08.24.xls,Расчет,B17:P17,"{""B17"":""AGT 18mm Фасад Белый"",""C17"":""2330"",""D17"":""40"",""E17"":""1"",""F17"":""2"",""G17"":""2"",""H17"":""           4 000р. "",""I17"":""       200,00р. "",""J17"":""0,09"",""K17"":""         372,80р. "",""L17"":""               -  р. "",""M17"":""               -  р. "",""N17"":""               -  р. "",""O17"":""               -  р. "",""P17"":""            1 320,80р. ""}",,
I-20240801-8D6F6DC2AFBAF8B5,P-2024-08-01,C-20240801-4B7CD5B2A18B9279,AGT 18mm Фасад Белый,Работа по площади — AGT 18mm Фасад Белый,работа с площадью,work,,,,,,,,м²,m2,,,,,0.0932,,,0,0,,,,,"{""area_m2"":{""status_codes"":[""derived""],""source_cell"":""Расчет!J17"",""source_formula"":""=((C17*D17)*E17)*0.000001""},""historical_unit_price"":{""status_codes"":[""static"",""historical_price""],""source_cell"":""Расчет!L17""},""historical_line_cost"":{""status_codes"":[""derived"",""historical_price""],""source_cell"":""Расчет!M17"",""source_formula"":""=(C17*D17*E17*0.000001)*L17""}}",derived;static;historical_price,source-materials/Medvedev.Works.Calc.zip,Medvedev.Works.Calc/Примеры расчетов/Кукня_01.08.24.xls,Расчет,B17:P17,"{""B17"":""AGT 18mm Фасад Белый"",""C17"":""2330"",""D17"":""40"",""E17"":""1"",""F17"":""2"",""G17"":""2"",""H17"":""           4 000р. "",""I17"":""       200,00р. "",""J17"":""0,09"",""K17"":""         372,80р. "",""L17"":""               -  р. "",""M17"":""               -  р. "",""N17"":""               -  р. "",""O17"":""               -  р. "",""P17"":""            1 320,80р. ""}",,
I-20240801-7E342CF45114A7DB,P-2024-08-01,C-20240801-4B7CD5B2A18B9279,AGT 18mm Фасад Белый,Работа с кромкой — AGT 18mm Фасад Белый,раб. с кр-ой,work,,,,,,,,м,m,,,,,,,,0,0,,,,,"{""historical_unit_price"":{""status_codes"":[""static"",""historical_price""],""source_cell"":""Расчет!N17""},""historical_line_cost"":{""status_codes"":[""derived"",""historical_price""],""source_cell"":""Расчет!O17"",""source_formula"":""=((C17*E17*F17*0.001)+(D17*E17*G17*0.001))*N17""}}",derived;static;historical_price,source-materials/Medvedev.Works.Calc.zip,Medvedev.Works.Calc/Примеры расчетов/Кукня_01.08.24.xls,Расчет,B17:P17,"{""B17"":""AGT 18mm Фасад Белый"",""C17"":""2330"",""D17"":""40"",""E17"":""1"",""F17"":""2"",""G17"":""2"",""H17"":""           4 000р. "",""I17"":""       200,00р. "",""J17"":""0,09"",""K17"":""         372,80р. "",""L17"":""               -  р. "",""M17"":""               -  р. "",""N17"":""               -  р. "",""O17"":""               -  р. "",""P17"":""            1 320,80р. ""}",,
I-20240801-03199BAB44C0BA89,P-2024-08-01,,AGT 18mm Фасад Белый,Стоимость детали — AGT 18mm Фасад Белый,стоимость детали,subtotal,,,,,,,,р.,currency,,,,,,,,,1320.8,,,,,"{""historical_line_cost"":{""status_codes"":[""derived"",""historical_price""],""source_cell"":""Расчет!P17"",""source_formula"":""=IF($K$2=0,(((C17*D17*E17*0.000001*H17)+(C17*E17*F17*0.001*I17)+(D17*E17*G17*0.001*I17)+M17+O17)*$J$2),(((C17*D17*E17*0.000001*H17)+(C17*E17*F17*0.001*I17)+(D17*E17*G17*0.001*I17)+M17+O17)*$J$2)/$K$2)""}}",derived;historical_price,source-materials/Medvedev.Works.Calc.zip,Medvedev.Works.Calc/Примеры расчетов/Кукня_01.08.24.xls,Расчет,B17:P17,"{""B17"":""AGT 18mm Фасад Белый"",""C17"":""2330"",""D17"":""40"",""E17"":""1"",""F17"":""2"",""G17"":""2"",""H17"":""           4 000р. "",""I17"":""       200,00р. "",""J17"":""0,09"",""K17"":""         372,80р. "",""L17"":""               -  р. "",""M17"":""               -  р. "",""N17"":""               -  р. "",""O17"":""               -  р. "",""P17"":""            1 320,80р. ""}",,
I-20240801-0940AF2B84A16976,P-2024-08-01,C-20240801-7958F2A2A13E54EB,AGT 18mm Фасад Белый,Материал — AGT 18mm Фасад Белый,цена материала,material,,,,,,,,м²,m2,,,,,0.73395,,,4000,2935.8,,,,,"{""area_m2"":{""status_codes"":[""derived""],""source_cell"":""Расчет!J18"",""source_formula"":""=((C18*D18)*E18)*0.000001""},""historical_unit_price"":{""status_codes"":[""static"",""historical_price""],""source_cell"":""Расчет!H18""},""historical_line_cost"":{""status_codes"":[""derived"",""historical_price""],""source_cell"":""Расчет!K18"",""source_formula"":""=J18*H18""}}",derived;static;historical_price,source-materials/Medvedev.Works.Calc.zip,Medvedev.Works.Calc/Примеры расчетов/Кукня_01.08.24.xls,Расчет,B18:P18,"{""B18"":""AGT 18mm Фасад Белый"",""C18"":""2330"",""D18"":""35"",""E18"":""9"",""F18"":""2"",""G18"":""2"",""H18"":""           4 000р. "",""I18"":""       200,00р. "",""J18"":""0,73"",""K18"":""      2 935,80р. "",""L18"":""               -  р. "",""M18"":""               -  р. "",""N18"":""               -  р. "",""O18"":""               -  р. "",""P18"":""          11 449,80р. ""}",,
I-20240801-C53006C3F8FCF9BF,P-2024-08-01,C-20240801-7958F2A2A13E54EB,AGT 18mm Фасад Белый,Кромка — AGT 18mm Фасад Белый,цена кромки,material,,,,,,,,м,m,,,,,,,,200,8514,,,,,"{""historical_unit_price"":{""status_codes"":[""static"",""historical_price""],""source_cell"":""Расчет!I18""},""historical_line_cost"":{""status_codes"":[""derived"",""historical_price""],""source_cell"":""Данные!C15"",""source_formula"":""=((((Расчет!C18*Расчет!F18)+(Расчет!D18*Расчет!G18))*Расчет!E18)/1000)*Расчет!I18""}}",derived;static;historical_price,source-materials/Medvedev.Works.Calc.zip,Medvedev.Works.Calc/Примеры расчетов/Кукня_01.08.24.xls,Расчет,B18:P18,"{""B18"":""AGT 18mm Фасад Белый"",""C18"":""2330"",""D18"":""35"",""E18"":""9"",""F18"":""2"",""G18"":""2"",""H18"":""           4 000р. "",""I18"":""       200,00р. "",""J18"":""0,73"",""K18"":""      2 935,80р. "",""L18"":""               -  р. "",""M18"":""               -  р. "",""N18"":""               -  р. "",""O18"":""               -  р. "",""P18"":""          11 449,80р. ""}",,
I-20240801-D0E2F57A77DC9A4F,P-2024-08-01,C-20240801-4B7CD5B2A18B9279,AGT 18mm Фасад Белый,Работа по площади — AGT 18mm Фасад Белый,работа с площадью,work,,,,,,,,м²,m2,,,,,0.73395,,,0,0,,,,,"{""area_m2"":{""status_codes"":[""derived""],""source_cell"":""Расчет!J18"",""source_formula"":""=((C18*D18)*E18)*0.000001""},""historical_unit_price"":{""status_codes"":[""static"",""historical_price""],""source_cell"":""Расчет!L18""},""historical_line_cost"":{""status_codes"":[""derived"",""historical_price""],""source_cell"":""Расчет!M18"",""source_formula"":""=(C18*D18*E18*0.000001)*L18""}}",derived;static;historical_price,source-materials/Medvedev.Works.Calc.zip,Medvedev.Works.Calc/Примеры расчетов/Кукня_01.08.24.xls,Расчет,B18:P18,"{""B18"":""AGT 18mm Фасад Белый"",""C18"":""2330"",""D18"":""35"",""E18"":""9"",""F18"":""2"",""G18"":""2"",""H18"":""           4 000р. "",""I18"":""       200,00р. "",""J18"":""0,73"",""K18"":""      2 935,80р. "",""L18"":""               -  р. "",""M18"":""               -  р. "",""N18"":""               -  р. "",""O18"":""               -  р. "",""P18"":""          11 449,80р. ""}",,
I-20240801-0900DFC70B71D15E,P-2024-08-01,C-20240801-4B7CD5B2A18B9279,AGT 18mm Фасад Белый,Работа с кромкой — AGT 18mm Фасад Белый,раб. с кр-ой,work,,,,,,,,м,m,,,,,,,,0,0,,,,,"{""historical_unit_price"":{""status_codes"":[""static"",""historical_price""],""source_cell"":""Расчет!N18""},""historical_line_cost"":{""status_codes"":[""derived"",""historical_price""],""source_cell"":""Расчет!O18"",""source_formula"":""=((C18*E18*F18*0.001)+(D18*E18*G18*0.001))*N18""}}",derived;static;historical_price,source-materials/Medvedev.Works.Calc.zip,Medvedev.Works.Calc/Примеры расчетов/Кукня_01.08.24.xls,Расчет,B18:P18,"{""B18"":""AGT 18mm Фасад Белый"",""C18"":""2330"",""D18"":""35"",""E18"":""9"",""F18"":""2"",""G18"":""2"",""H18"":""           4 000р. "",""I18"":""       200,00р. "",""J18"":""0,73"",""K18"":""      2 935,80р. "",""L18"":""               -  р. "",""M18"":""               -  р. "",""N18"":""               -  р. "",""O18"":""               -  р. "",""P18"":""          11 449,80р. ""}",,
I-20240801-8E474F66AD10AAAA,P-2024-08-01,,AGT 18mm Фасад Белый,Стоимость детали — AGT 18mm Фасад Белый,стоимость детали,subtotal,,,,,,,,р.,currency,,,,,,,,,11449.8,,,,,"{""historical_line_cost"":{""status_codes"":[""derived"",""historical_price""],""source_cell"":""Расчет!P18"",""source_formula"":""=IF($K$2=0,(((C18*D18*E18*0.000001*H18)+(C18*E18*F18*0.001*I18)+(D18*E18*G18*0.001*I18)+M18+O18)*$J$2),(((C18*D18*E18*0.000001*H18)+(C18*E18*F18*0.001*I18)+(D18*E18*G18*0.001*I18)+M18+O18)*$J$2)/$K$2)""}}",derived;historical_price,source-materials/Medvedev.Works.Calc.zip,Medvedev.Works.Calc/Примеры расчетов/Кукня_01.08.24.xls,Расчет,B18:P18,"{""B18"":""AGT 18mm Фасад Белый"",""C18"":""2330"",""D18"":""35"",""E18"":""9"",""F18"":""2"",""G18"":""2"",""H18"":""           4 000р. "",""I18"":""       200,00р. "",""J18"":""0,73"",""K18"":""      2 935,80р. "",""L18"":""               -  р. "",""M18"":""               -  р. "",""N18"":""               -  р. "",""O18"":""               -  р. "",""P18"":""          11 449,80р. ""}",,
I-20240801-B9C8F3581B87B9D3,P-2024-08-01,C-20240801-7958F2A2A13E54EB,AGT 18mm Фасад Белый цоколь,Материал — AGT 18mm Фасад Белый цоколь,цена материала,material,,,,,,,,м²,m2,,,,,0.258,,,4000,1032,,,,,"{""area_m2"":{""status_codes"":[""derived""],""source_cell"":""Расчет!J19"",""source_formula"":""=((C19*D19)*E19)*0.000001""},""historical_unit_price"":{""status_codes"":[""static"",""historical_price""],""source_cell"":""Расчет!H19""},""historical_line_cost"":{""status_codes"":[""derived"",""historical_price""],""source_cell"":""Расчет!K19"",""source_formula"":""=J19*H19""}}",derived;static;historical_price,source-materials/Medvedev.Works.Calc.zip,Medvedev.Works.Calc/Примеры расчетов/Кукня_01.08.24.xls,Расчет,B19:P19,"{""B19"":""AGT 18mm Фасад Белый цоколь"",""C19"":""2580"",""D19"":""100"",""E19"":""1"",""F19"":""2"",""G19"":""2"",""H19"":""           4 000р. "",""I19"":""       200,00р. "",""J19"":""0,26"",""K19"":""      1 032,00р. "",""L19"":""               -  р. "",""M19"":""               -  р. "",""N19"":""               -  р. "",""O19"":""               -  р. "",""P19"":""            2 104,00р. ""}",,
I-20240801-5C3349EFB3814AA0,P-2024-08-01,C-20240801-7958F2A2A13E54EB,AGT 18mm Фасад Белый цоколь,Кромка — AGT 18mm Фасад Белый цоколь,цена кромки,material,,,,,,,,м,m,,,,,,,,200,1072,,,,,"{""historical_unit_price"":{""status_codes"":[""static"",""historical_price""],""source_cell"":""Расчет!I19""},""historical_line_cost"":{""status_codes"":[""derived"",""historical_price""],""source_cell"":""Данные!C16"",""source_formula"":""=((((Расчет!C19*Расчет!F19)+(Расчет!D19*Расчет!G19))*Расчет!E19)/1000)*Расчет!I19""}}",derived;static;historical_price,source-materials/Medvedev.Works.Calc.zip,Medvedev.Works.Calc/Примеры расчетов/Кукня_01.08.24.xls,Расчет,B19:P19,"{""B19"":""AGT 18mm Фасад Белый цоколь"",""C19"":""2580"",""D19"":""100"",""E19"":""1"",""F19"":""2"",""G19"":""2"",""H19"":""           4 000р. "",""I19"":""       200,00р. "",""J19"":""0,26"",""K19"":""      1 032,00р. "",""L19"":""               -  р. "",""M19"":""               -  р. "",""N19"":""               -  р. "",""O19"":""               -  р. "",""P19"":""            2 104,00р. ""}",,
I-20240801-E859B8DE319F77BB,P-2024-08-01,C-20240801-4B7CD5B2A18B9279,AGT 18mm Фасад Белый цоколь,Работа по площади — AGT 18mm Фасад Белый цоколь,работа с площадью,work,,,,,,,,м²,m2,,,,,0.258,,,0,0,,,,,"{""area_m2"":{""status_codes"":[""derived""],""source_cell"":""Расчет!J19"",""source_formula"":""=((C19*D19)*E19)*0.000001""},""historical_unit_price"":{""status_codes"":[""static"",""historical_price""],""source_cell"":""Расчет!L19""},""historical_line_cost"":{""status_codes"":[""derived"",""historical_price""],""source_cell"":""Расчет!M19"",""source_formula"":""=(C19*D19*E19*0.000001)*L19""}}",derived;static;historical_price,source-materials/Medvedev.Works.Calc.zip,Medvedev.Works.Calc/Примеры расчетов/Кукня_01.08.24.xls,Расчет,B19:P19,"{""B19"":""AGT 18mm Фасад Белый цоколь"",""C19"":""2580"",""D19"":""100"",""E19"":""1"",""F19"":""2"",""G19"":""2"",""H19"":""           4 000р. "",""I19"":""       200,00р. "",""J19"":""0,26"",""K19"":""      1 032,00р. "",""L19"":""               -  р. "",""M19"":""               -  р. "",""N19"":""               -  р. "",""O19"":""               -  р. "",""P19"":""            2 104,00р. ""}",,
I-20240801-F8F1D7A0AC5D0EBC,P-2024-08-01,C-20240801-4B7CD5B2A18B9279,AGT 18mm Фасад Белый цоколь,Работа с кромкой — AGT 18mm Фасад Белый цоколь,раб. с кр-ой,work,,,,,,,,м,m,,,,,,,,0,0,,,,,"{""historical_unit_price"":{""status_codes"":[""static"",""historical_price""],""source_cell"":""Расчет!N19""},""historical_line_cost"":{""status_codes"":[""derived"",""historical_price""],""source_cell"":""Расчет!O19"",""source_formula"":""=((C19*E19*F19*0.001)+(D19*E19*G19*0.001))*N19""}}",derived;static;historical_price,source-materials/Medvedev.Works.Calc.zip,Medvedev.Works.Calc/Примеры расчетов/Кукня_01.08.24.xls,Расчет,B19:P19,"{""B19"":""AGT 18mm Фасад Белый цоколь"",""C19"":""2580"",""D19"":""100"",""E19"":""1"",""F19"":""2"",""G19"":""2"",""H19"":""           4 000р. "",""I19"":""       200,00р. "",""J19"":""0,26"",""K19"":""      1 032,00р. "",""L19"":""               -  р. "",""M19"":""               -  р. "",""N19"":""               -  р. "",""O19"":""               -  р. "",""P19"":""            2 104,00р. ""}",,
I-20240801-D6FD4350CD5A2E49,P-2024-08-01,,AGT 18mm Фасад Белый цоколь,Стоимость детали — AGT 18mm Фасад Белый цоколь,стоимость детали,subtotal,,,,,,,,р.,currency,,,,,,,,,2104,,,,,"{""historical_line_cost"":{""status_codes"":[""derived"",""historical_price""],""source_cell"":""Расчет!P19"",""source_formula"":""=IF($K$2=0,(((C19*D19*E19*0.000001*H19)+(C19*E19*F19*0.001*I19)+(D19*E19*G19*0.001*I19)+M19+O19)*$J$2),(((C19*D19*E19*0.000001*H19)+(C19*E19*F19*0.001*I19)+(D19*E19*G19*0.001*I19)+M19+O19)*$J$2)/$K$2)""}}",derived;historical_price,source-materials/Medvedev.Works.Calc.zip,Medvedev.Works.Calc/Примеры расчетов/Кукня_01.08.24.xls,Расчет,B19:P19,"{""B19"":""AGT 18mm Фасад Белый цоколь"",""C19"":""2580"",""D19"":""100"",""E19"":""1"",""F19"":""2"",""G19"":""2"",""H19"":""           4 000р. "",""I19"":""       200,00р. "",""J19"":""0,26"",""K19"":""      1 032,00р. "",""L19"":""               -  р. "",""M19"":""               -  р. "",""N19"":""               -  р. "",""O19"":""               -  р. "",""P19"":""            2 104,00р. ""}",,
I-20240801-A151197522368446,P-2024-08-01,C-20240801-7958F2A2A13E54EB,AGT 18mm Фасад дерево,Материал — AGT 18mm Фасад дерево,цена материала,material,,,,,,,,м²,m2,,,,,0.228,,,4000,912,,,,,"{""area_m2"":{""status_codes"":[""derived""],""source_cell"":""Расчет!J20"",""source_formula"":""=((C20*D20)*E20)*0.000001""},""historical_unit_price"":{""status_codes"":[""static"",""historical_price""],""source_cell"":""Расчет!H20""},""historical_line_cost"":{""status_codes"":[""derived"",""historical_price""],""source_cell"":""Расчет!K20"",""source_formula"":""=J20*H20""}}",derived;static;historical_price,source-materials/Medvedev.Works.Calc.zip,Medvedev.Works.Calc/Примеры расчетов/Кукня_01.08.24.xls,Расчет,B20:P20,"{""B20"":""AGT 18mm Фасад дерево"",""C20"":""380"",""D20"":""600"",""E20"":""1"",""F20"":""2"",""G20"":""2"",""H20"":""           4 000р. "",""I20"":""       200,00р. "",""J20"":""0,23"",""K20"":""         912,00р. "",""L20"":""               -  р. "",""M20"":""               -  р. "",""N20"":""               -  р. "",""O20"":""               -  р. "",""P20"":""            1 304,00р. ""}",,
I-20240801-B8707D3ED0C7BCAD,P-2024-08-01,C-20240801-7958F2A2A13E54EB,AGT 18mm Фасад дерево,Кромка — AGT 18mm Фасад дерево,цена кромки,material,,,,,,,,м,m,,,,,,,,200,392,,,,,"{""historical_unit_price"":{""status_codes"":[""static"",""historical_price""],""source_cell"":""Расчет!I20""},""historical_line_cost"":{""status_codes"":[""derived"",""historical_price""],""source_cell"":""Данные!C17"",""source_formula"":""=((((Расчет!C20*Расчет!F20)+(Расчет!D20*Расчет!G20))*Расчет!E20)/1000)*Расчет!I20""}}",derived;static;historical_price,source-materials/Medvedev.Works.Calc.zip,Medvedev.Works.Calc/Примеры расчетов/Кукня_01.08.24.xls,Расчет,B20:P20,"{""B20"":""AGT 18mm Фасад дерево"",""C20"":""380"",""D20"":""600"",""E20"":""1"",""F20"":""2"",""G20"":""2"",""H20"":""           4 000р. "",""I20"":""       200,00р. "",""J20"":""0,23"",""K20"":""         912,00р. "",""L20"":""               -  р. "",""M20"":""               -  р. "",""N20"":""               -  р. "",""O20"":""               -  р. "",""P20"":""            1 304,00р. ""}",,
I-20240801-B35240082D7EC6D9,P-2024-08-01,C-20240801-4B7CD5B2A18B9279,AGT 18mm Фасад дерево,Работа по площади — AGT 18mm Фасад дерево,работа с площадью,work,,,,,,,,м²,m2,,,,,0.228,,,0,0,,,,,"{""area_m2"":{""status_codes"":[""derived""],""source_cell"":""Расчет!J20"",""source_formula"":""=((C20*D20)*E20)*0.000001""},""historical_unit_price"":{""status_codes"":[""static"",""historical_price""],""source_cell"":""Расчет!L20""},""historical_line_cost"":{""status_codes"":[""derived"",""historical_price""],""source_cell"":""Расчет!M20"",""source_formula"":""=(C20*D20*E20*0.000001)*L20""}}",derived;static;historical_price,source-materials/Medvedev.Works.Calc.zip,Medvedev.Works.Calc/Примеры расчетов/Кукня_01.08.24.xls,Расчет,B20:P20,"{""B20"":""AGT 18mm Фасад дерево"",""C20"":""380"",""D20"":""600"",""E20"":""1"",""F20"":""2"",""G20"":""2"",""H20"":""           4 000р. "",""I20"":""       200,00р. "",""J20"":""0,23"",""K20"":""         912,00р. "",""L20"":""               -  р. "",""M20"":""               -  р. "",""N20"":""               -  р. "",""O20"":""               -  р. "",""P20"":""            1 304,00р. ""}",,
I-20240801-9C1DF188799AE74F,P-2024-08-01,C-20240801-4B7CD5B2A18B9279,AGT 18mm Фасад дерево,Работа с кромкой — AGT 18mm Фасад дерево,раб. с кр-ой,work,,,,,,,,м,m,,,,,,,,0,0,,,,,"{""historical_unit_price"":{""status_codes"":[""static"",""historical_price""],""source_cell"":""Расчет!N20""},""historical_line_cost"":{""status_codes"":[""derived"",""historical_price""],""source_cell"":""Расчет!O20"",""source_formula"":""=((C20*E20*F20*0.001)+(D20*E20*G20*0.001))*N20""}}",derived;static;historical_price,source-materials/Medvedev.Works.Calc.zip,Medvedev.Works.Calc/Примеры расчетов/Кукня_01.08.24.xls,Расчет,B20:P20,"{""B20"":""AGT 18mm Фасад дерево"",""C20"":""380"",""D20"":""600"",""E20"":""1"",""F20"":""2"",""G20"":""2"",""H20"":""           4 000р. "",""I20"":""       200,00р. "",""J20"":""0,23"",""K20"":""         912,00р. "",""L20"":""               -  р. "",""M20"":""               -  р. "",""N20"":""               -  р. "",""O20"":""               -  р. "",""P20"":""            1 304,00р. ""}",,
I-20240801-D925D671FBB4C962,P-2024-08-01,,AGT 18mm Фасад дерево,Стоимость детали — AGT 18mm Фасад дерево,стоимость детали,subtotal,,,,,,,,р.,currency,,,,,,,,,1304,,,,,"{""historical_line_cost"":{""status_codes"":[""derived"",""historical_price""],""source_cell"":""Расчет!P20"",""source_formula"":""=IF($K$2=0,(((C20*D20*E20*0.000001*H20)+(C20*E20*F20*0.001*I20)+(D20*E20*G20*0.001*I20)+M20+O20)*$J$2),(((C20*D20*E20*0.000001*H20)+(C20*E20*F20*0.001*I20)+(D20*E20*G20*0.001*I20)+M20+O20)*$J$2)/$K$2)""}}",derived;historical_price,source-materials/Medvedev.Works.Calc.zip,Medvedev.Works.Calc/Примеры расчетов/Кукня_01.08.24.xls,Расчет,B20:P20,"{""B20"":""AGT 18mm Фасад дерево"",""C20"":""380"",""D20"":""600"",""E20"":""1"",""F20"":""2"",""G20"":""2"",""H20"":""           4 000р. "",""I20"":""       200,00р. "",""J20"":""0,23"",""K20"":""         912,00р. "",""L20"":""               -  р. "",""M20"":""               -  р. "",""N20"":""               -  р. "",""O20"":""               -  р. "",""P20"":""            1 304,00р. ""}",,
I-20240801-3CBAADED8664A1AD,P-2024-08-01,C-20240801-7958F2A2A13E54EB,AGT 18mm Фасад дерево,Материал — AGT 18mm Фасад дерево,цена материала,material,,,,,,,,м²,m2,,,,,0.228,,,4000,912,,,,,"{""area_m2"":{""status_codes"":[""derived""],""source_cell"":""Расчет!J21"",""source_formula"":""=((C21*D21)*E21)*0.000001""},""historical_unit_price"":{""status_codes"":[""static"",""historical_price""],""source_cell"":""Расчет!H21""},""historical_line_cost"":{""status_codes"":[""derived"",""historical_price""],""source_cell"":""Расчет!K21"",""source_formula"":""=J21*H21""}}",derived;static;historical_price,source-materials/Medvedev.Works.Calc.zip,Medvedev.Works.Calc/Примеры расчетов/Кукня_01.08.24.xls,Расчет,B21:P21,"{""B21"":""AGT 18mm Фасад дерево"",""C21"":""190"",""D21"":""600"",""E21"":""2"",""F21"":""2"",""G21"":""2"",""H21"":""           4 000р. "",""I21"":""       200,00р. "",""J21"":""0,23"",""K21"":""         912,00р. "",""L21"":""               -  р. "",""M21"":""               -  р. "",""N21"":""               -  р. "",""O21"":""               -  р. "",""P21"":""            1 544,00р. ""}",,
I-20240801-B22218C3650217FD,P-2024-08-01,C-20240801-7958F2A2A13E54EB,AGT 18mm Фасад дерево,Кромка — AGT 18mm Фасад дерево,цена кромки,material,,,,,,,,м,m,,,,,,,,200,632,,,,,"{""historical_unit_price"":{""status_codes"":[""static"",""historical_price""],""source_cell"":""Расчет!I21""},""historical_line_cost"":{""status_codes"":[""derived"",""historical_price""],""source_cell"":""Данные!C18"",""source_formula"":""=((((Расчет!C21*Расчет!F21)+(Расчет!D21*Расчет!G21))*Расчет!E21)/1000)*Расчет!I21""}}",derived;static;historical_price,source-materials/Medvedev.Works.Calc.zip,Medvedev.Works.Calc/Примеры расчетов/Кукня_01.08.24.xls,Расчет,B21:P21,"{""B21"":""AGT 18mm Фасад дерево"",""C21"":""190"",""D21"":""600"",""E21"":""2"",""F21"":""2"",""G21"":""2"",""H21"":""           4 000р. "",""I21"":""       200,00р. "",""J21"":""0,23"",""K21"":""         912,00р. "",""L21"":""               -  р. "",""M21"":""               -  р. "",""N21"":""               -  р. "",""O21"":""               -  р. "",""P21"":""            1 544,00р. ""}",,
I-20240801-8D738DF87607BE86,P-2024-08-01,C-20240801-4B7CD5B2A18B9279,AGT 18mm Фасад дерево,Работа по площади — AGT 18mm Фасад дерево,работа с площадью,work,,,,,,,,м²,m2,,,,,0.228,,,0,0,,,,,"{""area_m2"":{""status_codes"":[""derived""],""source_cell"":""Расчет!J21"",""source_formula"":""=((C21*D21)*E21)*0.000001""},""historical_unit_price"":{""status_codes"":[""static"",""historical_price""],""source_cell"":""Расчет!L21""},""historical_line_cost"":{""status_codes"":[""derived"",""historical_price""],""source_cell"":""Расчет!M21"",""source_formula"":""=(C21*D21*E21*0.000001)*L21""}}",derived;static;historical_price,source-materials/Medvedev.Works.Calc.zip,Medvedev.Works.Calc/Примеры расчетов/Кукня_01.08.24.xls,Расчет,B21:P21,"{""B21"":""AGT 18mm Фасад дерево"",""C21"":""190"",""D21"":""600"",""E21"":""2"",""F21"":""2"",""G21"":""2"",""H21"":""           4 000р. "",""I21"":""       200,00р. "",""J21"":""0,23"",""K21"":""         912,00р. "",""L21"":""               -  р. "",""M21"":""               -  р. "",""N21"":""               -  р. "",""O21"":""               -  р. "",""P21"":""            1 544,00р. ""}",,
I-20240801-117BC2C03CAD5152,P-2024-08-01,C-20240801-4B7CD5B2A18B9279,AGT 18mm Фасад дерево,Работа с кромкой — AGT 18mm Фасад дерево,раб. с кр-ой,work,,,,,,,,м,m,,,,,,,,0,0,,,,,"{""historical_unit_price"":{""status_codes"":[""static"",""historical_price""],""source_cell"":""Расчет!N21""},""historical_line_cost"":{""status_codes"":[""derived"",""historical_price""],""source_cell"":""Расчет!O21"",""source_formula"":""=((C21*E21*F21*0.001)+(D21*E21*G21*0.001))*N21""}}",derived;static;historical_price,source-materials/Medvedev.Works.Calc.zip,Medvedev.Works.Calc/Примеры расчетов/Кукня_01.08.24.xls,Расчет,B21:P21,"{""B21"":""AGT 18mm Фасад дерево"",""C21"":""190"",""D21"":""600"",""E21"":""2"",""F21"":""2"",""G21"":""2"",""H21"":""           4 000р. "",""I21"":""       200,00р. "",""J21"":""0,23"",""K21"":""         912,00р. "",""L21"":""               -  р. "",""M21"":""               -  р. "",""N21"":""               -  р. "",""O21"":""               -  р. "",""P21"":""            1 544,00р. ""}",,
I-20240801-4CD57CB1A042C133,P-2024-08-01,,AGT 18mm Фасад дерево,Стоимость детали — AGT 18mm Фасад дерево,стоимость детали,subtotal,,,,,,,,р.,currency,,,,,,,,,1544,,,,,"{""historical_line_cost"":{""status_codes"":[""derived"",""historical_price""],""source_cell"":""Расчет!P21"",""source_formula"":""=IF($K$2=0,(((C21*D21*E21*0.000001*H21)+(C21*E21*F21*0.001*I21)+(D21*E21*G21*0.001*I21)+M21+O21)*$J$2),(((C21*D21*E21*0.000001*H21)+(C21*E21*F21*0.001*I21)+(D21*E21*G21*0.001*I21)+M21+O21)*$J$2)/$K$2)""}}",derived;historical_price,source-materials/Medvedev.Works.Calc.zip,Medvedev.Works.Calc/Примеры расчетов/Кукня_01.08.24.xls,Расчет,B21:P21,"{""B21"":""AGT 18mm Фасад дерево"",""C21"":""190"",""D21"":""600"",""E21"":""2"",""F21"":""2"",""G21"":""2"",""H21"":""           4 000р. "",""I21"":""       200,00р. "",""J21"":""0,23"",""K21"":""         912,00р. "",""L21"":""               -  р. "",""M21"":""               -  р. "",""N21"":""               -  р. "",""O21"":""               -  р. "",""P21"":""            1 544,00р. ""}",,
I-20240801-2FD61AC3D46D7027,P-2024-08-01,C-20240801-7958F2A2A13E54EB,AGT 18mm Фасад дерево,Материал — AGT 18mm Фасад дерево,цена материала,material,,,,,,,,м²,m2,,,,,0.532,,,4000,2128,,,,,"{""area_m2"":{""status_codes"":[""derived""],""source_cell"":""Расчет!J22"",""source_formula"":""=((C22*D22)*E22)*0.000001""},""historical_unit_price"":{""status_codes"":[""static"",""historical_price""],""source_cell"":""Расчет!H22""},""historical_line_cost"":{""status_codes"":[""derived"",""historical_price""],""source_cell"":""Расчет!K22"",""source_formula"":""=J22*H22""}}",derived;static;historical_price,source-materials/Medvedev.Works.Calc.zip,Medvedev.Works.Calc/Примеры расчетов/Кукня_01.08.24.xls,Расчет,B22:P22,"{""B22"":""AGT 18mm Фасад дерево"",""C22"":""380"",""D22"":""700"",""E22"":""2"",""F22"":""2"",""G22"":""2"",""H22"":""           4 000р. "",""I22"":""       200,00р. "",""J22"":""0,53"",""K22"":""      2 128,00р. "",""L22"":""               -  р. "",""M22"":""               -  р. "",""N22"":""               -  р. "",""O22"":""               -  р. "",""P22"":""            2 992,00р. ""}",,
I-20240801-47D464FC38889527,P-2024-08-01,C-20240801-7958F2A2A13E54EB,AGT 18mm Фасад дерево,Кромка — AGT 18mm Фасад дерево,цена кромки,material,,,,,,,,м,m,,,,,,,,200,864,,,,,"{""historical_unit_price"":{""status_codes"":[""static"",""historical_price""],""source_cell"":""Расчет!I22""},""historical_line_cost"":{""status_codes"":[""derived"",""historical_price""],""source_cell"":""Данные!C19"",""source_formula"":""=((((Расчет!C22*Расчет!F22)+(Расчет!D22*Расчет!G22))*Расчет!E22)/1000)*Расчет!I22""}}",derived;static;historical_price,source-materials/Medvedev.Works.Calc.zip,Medvedev.Works.Calc/Примеры расчетов/Кукня_01.08.24.xls,Расчет,B22:P22,"{""B22"":""AGT 18mm Фасад дерево"",""C22"":""380"",""D22"":""700"",""E22"":""2"",""F22"":""2"",""G22"":""2"",""H22"":""           4 000р. "",""I22"":""       200,00р. "",""J22"":""0,53"",""K22"":""      2 128,00р. "",""L22"":""               -  р. "",""M22"":""               -  р. "",""N22"":""               -  р. "",""O22"":""               -  р. "",""P22"":""            2 992,00р. ""}",,
I-20240801-823B4E1ED9B64D37,P-2024-08-01,C-20240801-4B7CD5B2A18B9279,AGT 18mm Фасад дерево,Работа по площади — AGT 18mm Фасад дерево,работа с площадью,work,,,,,,,,м²,m2,,,,,0.532,,,0,0,,,,,"{""area_m2"":{""status_codes"":[""derived""],""source_cell"":""Расчет!J22"",""source_formula"":""=((C22*D22)*E22)*0.000001""},""historical_unit_price"":{""status_codes"":[""static"",""historical_price""],""source_cell"":""Расчет!L22""},""historical_line_cost"":{""status_codes"":[""derived"",""historical_price""],""source_cell"":""Расчет!M22"",""source_formula"":""=(C22*D22*E22*0.000001)*L22""}}",derived;static;historical_price,source-materials/Medvedev.Works.Calc.zip,Medvedev.Works.Calc/Примеры расчетов/Кукня_01.08.24.xls,Расчет,B22:P22,"{""B22"":""AGT 18mm Фасад дерево"",""C22"":""380"",""D22"":""700"",""E22"":""2"",""F22"":""2"",""G22"":""2"",""H22"":""           4 000р. "",""I22"":""       200,00р. "",""J22"":""0,53"",""K22"":""      2 128,00р. "",""L22"":""               -  р. "",""M22"":""               -  р. "",""N22"":""               -  р. "",""O22"":""               -  р. "",""P22"":""            2 992,00р. ""}",,
I-20240801-3B4CC253F12FF5C5,P-2024-08-01,C-20240801-4B7CD5B2A18B9279,AGT 18mm Фасад дерево,Работа с кромкой — AGT 18mm Фасад дерево,раб. с кр-ой,work,,,,,,,,м,m,,,,,,,,0,0,,,,,"{""historical_unit_price"":{""status_codes"":[""static"",""historical_price""],""source_cell"":""Расчет!N22""},""historical_line_cost"":{""status_codes"":[""derived"",""historical_price""],""source_cell"":""Расчет!O22"",""source_formula"":""=((C22*E22*F22*0.001)+(D22*E22*G22*0.001))*N22""}}",derived;static;historical_price,source-materials/Medvedev.Works.Calc.zip,Medvedev.Works.Calc/Примеры расчетов/Кукня_01.08.24.xls,Расчет,B22:P22,"{""B22"":""AGT 18mm Фасад дерево"",""C22"":""380"",""D22"":""700"",""E22"":""2"",""F22"":""2"",""G22"":""2"",""H22"":""           4 000р. "",""I22"":""       200,00р. "",""J22"":""0,53"",""K22"":""      2 128,00р. "",""L22"":""               -  р. "",""M22"":""               -  р. "",""N22"":""               -  р. "",""O22"":""               -  р. "",""P22"":""            2 992,00р. ""}",,
I-20240801-4E1EAB5967848201,P-2024-08-01,,AGT 18mm Фасад дерево,Стоимость детали — AGT 18mm Фасад дерево,стоимость детали,subtotal,,,,,,,,р.,currency,,,,,,,,,2992,,,,,"{""historical_line_cost"":{""status_codes"":[""derived"",""historical_price""],""source_cell"":""Расчет!P22"",""source_formula"":""=IF($K$2=0,(((C22*D22*E22*0.000001*H22)+(C22*E22*F22*0.001*I22)+(D22*E22*G22*0.001*I22)+M22+O22)*$J$2),(((C22*D22*E22*0.000001*H22)+(C22*E22*F22*0.001*I22)+(D22*E22*G22*0.001*I22)+M22+O22)*$J$2)/$K$2)""}}",derived;historical_price,source-materials/Medvedev.Works.Calc.zip,Medvedev.Works.Calc/Примеры расчетов/Кукня_01.08.24.xls,Расчет,B22:P22,"{""B22"":""AGT 18mm Фасад дерево"",""C22"":""380"",""D22"":""700"",""E22"":""2"",""F22"":""2"",""G22"":""2"",""H22"":""           4 000р. "",""I22"":""       200,00р. "",""J22"":""0,53"",""K22"":""      2 128,00р. "",""L22"":""               -  р. "",""M22"":""               -  р. "",""N22"":""               -  р. "",""O22"":""               -  р. "",""P22"":""            2 992,00р. ""}",,
I-20240801-4ABCE8814182B8E8,P-2024-08-01,C-20240801-7958F2A2A13E54EB,AGT 18mm Фасад дерево,Материал — AGT 18mm Фасад дерево,цена материала,material,,,,,,,,м²,m2,,,,,0.0418,,,4000,167.2,,,,,"{""area_m2"":{""status_codes"":[""derived""],""source_cell"":""Расчет!J23"",""source_formula"":""=((C23*D23)*E23)*0.000001""},""historical_unit_price"":{""status_codes"":[""static"",""historical_price""],""source_cell"":""Расчет!H23""},""historical_line_cost"":{""status_codes"":[""derived"",""historical_price""],""source_cell"":""Расчет!K23"",""source_formula"":""=J23*H23""}}",derived;static;historical_price,source-materials/Medvedev.Works.Calc.zip,Medvedev.Works.Calc/Примеры расчетов/Кукня_01.08.24.xls,Расчет,B23:P23,"{""B23"":""AGT 18mm Фасад дерево"",""C23"":""760"",""D23"":""55"",""E23"":""1"",""F23"":""2"",""G23"":""2"",""H23"":""           4 000р. "",""I23"":""       200,00р. "",""J23"":""0,04"",""K23"":""         167,20р. "",""L23"":""               -  р. "",""M23"":""               -  р. "",""N23"":""               -  р. "",""O23"":""               -  р. "",""P23"":""               493,20р. ""}",,
I-20240801-6187BBF57438D933,P-2024-08-01,C-20240801-7958F2A2A13E54EB,AGT 18mm Фасад дерево,Кромка — AGT 18mm Фасад дерево,цена кромки,material,,,,,,,,м,m,,,,,,,,200,326,,,,,"{""historical_unit_price"":{""status_codes"":[""static"",""historical_price""],""source_cell"":""Расчет!I23""},""historical_line_cost"":{""status_codes"":[""derived"",""historical_price""],""source_cell"":""Данные!C20"",""source_formula"":""=((((Расчет!C23*Расчет!F23)+(Расчет!D23*Расчет!G23))*Расчет!E23)/1000)*Расчет!I23""}}",derived;static;historical_price,source-materials/Medvedev.Works.Calc.zip,Medvedev.Works.Calc/Примеры расчетов/Кукня_01.08.24.xls,Расчет,B23:P23,"{""B23"":""AGT 18mm Фасад дерево"",""C23"":""760"",""D23"":""55"",""E23"":""1"",""F23"":""2"",""G23"":""2"",""H23"":""           4 000р. "",""I23"":""       200,00р. "",""J23"":""0,04"",""K23"":""         167,20р. "",""L23"":""               -  р. "",""M23"":""               -  р. "",""N23"":""               -  р. "",""O23"":""               -  р. "",""P23"":""               493,20р. ""}",,
I-20240801-74C8AC8C258D0F7A,P-2024-08-01,C-20240801-4B7CD5B2A18B9279,AGT 18mm Фасад дерево,Работа по площади — AGT 18mm Фасад дерево,работа с площадью,work,,,,,,,,м²,m2,,,,,0.0418,,,0,0,,,,,"{""area_m2"":{""status_codes"":[""derived""],""source_cell"":""Расчет!J23"",""source_formula"":""=((C23*D23)*E23)*0.000001""},""historical_unit_price"":{""status_codes"":[""static"",""historical_price""],""source_cell"":""Расчет!L23""},""historical_line_cost"":{""status_codes"":[""derived"",""historical_price""],""source_cell"":""Расчет!M23"",""source_formula"":""=(C23*D23*E23*0.000001)*L23""}}",derived;static;historical_price,source-materials/Medvedev.Works.Calc.zip,Medvedev.Works.Calc/Примеры расчетов/Кукня_01.08.24.xls,Расчет,B23:P23,"{""B23"":""AGT 18mm Фасад дерево"",""C23"":""760"",""D23"":""55"",""E23"":""1"",""F23"":""2"",""G23"":""2"",""H23"":""           4 000р. "",""I23"":""       200,00р. "",""J23"":""0,04"",""K23"":""         167,20р. "",""L23"":""               -  р. "",""M23"":""               -  р. "",""N23"":""               -  р. "",""O23"":""               -  р. "",""P23"":""               493,20р. ""}",,
I-20240801-8CC37F50038145A7,P-2024-08-01,C-20240801-4B7CD5B2A18B9279,AGT 18mm Фасад дерево,Работа с кромкой — AGT 18mm Фасад дерево,раб. с кр-ой,work,,,,,,,,м,m,,,,,,,,0,0,,,,,"{""historical_unit_price"":{""status_codes"":[""static"",""historical_price""],""source_cell"":""Расчет!N23""},""historical_line_cost"":{""status_codes"":[""derived"",""historical_price""],""source_cell"":""Расчет!O23"",""source_formula"":""=((C23*E23*F23*0.001)+(D23*E23*G23*0.001))*N23""}}",derived;static;historical_price,source-materials/Medvedev.Works.Calc.zip,Medvedev.Works.Calc/Примеры расчетов/Кукня_01.08.24.xls,Расчет,B23:P23,"{""B23"":""AGT 18mm Фасад дерево"",""C23"":""760"",""D23"":""55"",""E23"":""1"",""F23"":""2"",""G23"":""2"",""H23"":""           4 000р. "",""I23"":""       200,00р. "",""J23"":""0,04"",""K23"":""         167,20р. "",""L23"":""               -  р. "",""M23"":""               -  р. "",""N23"":""               -  р. "",""O23"":""               -  р. "",""P23"":""               493,20р. ""}",,
I-20240801-E7E9B74AF7DA7F5E,P-2024-08-01,,AGT 18mm Фасад дерево,Стоимость детали — AGT 18mm Фасад дерево,стоимость детали,subtotal,,,,,,,,р.,currency,,,,,,,,,493.2,,,,,"{""historical_line_cost"":{""status_codes"":[""derived"",""historical_price""],""source_cell"":""Расчет!P23"",""source_formula"":""=IF($K$2=0,(((C23*D23*E23*0.000001*H23)+(C23*E23*F23*0.001*I23)+(D23*E23*G23*0.001*I23)+M23+O23)*$J$2),(((C23*D23*E23*0.000001*H23)+(C23*E23*F23*0.001*I23)+(D23*E23*G23*0.001*I23)+M23+O23)*$J$2)/$K$2)""}}",derived;historical_price,source-materials/Medvedev.Works.Calc.zip,Medvedev.Works.Calc/Примеры расчетов/Кукня_01.08.24.xls,Расчет,B23:P23,"{""B23"":""AGT 18mm Фасад дерево"",""C23"":""760"",""D23"":""55"",""E23"":""1"",""F23"":""2"",""G23"":""2"",""H23"":""           4 000р. "",""I23"":""       200,00р. "",""J23"":""0,04"",""K23"":""         167,20р. "",""L23"":""               -  р. "",""M23"":""               -  р. "",""N23"":""               -  р. "",""O23"":""               -  р. "",""P23"":""               493,20р. ""}",,
I-20240801-70B52D0F63E36287,P-2024-08-01,C-20240801-7958F2A2A13E54EB,AGT 18mm Фасад дерево,Материал — AGT 18mm Фасад дерево,цена материала,material,,,,,,,,м²,m2,,,,,1.368,,,4000,5472,,,,,"{""area_m2"":{""status_codes"":[""derived""],""source_cell"":""Расчет!J24"",""source_formula"":""=((C24*D24)*E24)*0.000001""},""historical_unit_price"":{""status_codes"":[""static"",""historical_price""],""source_cell"":""Расчет!H24""},""historical_line_cost"":{""status_codes"":[""derived"",""historical_price""],""source_cell"":""Расчет!K24"",""source_formula"":""=J24*H24""}}",derived;static;historical_price,source-materials/Medvedev.Works.Calc.zip,Medvedev.Works.Calc/Примеры расчетов/Кукня_01.08.24.xls,Расчет,B24:P24,"{""B24"":""AGT 18mm Фасад дерево"",""C24"":""760"",""D24"":""600"",""E24"":""3"",""F24"":""2"",""G24"":""2"",""H24"":""           4 000р. "",""I24"":""       200,00р. "",""J24"":""1,37"",""K24"":""      5 472,00р. "",""L24"":""               -  р. "",""M24"":""               -  р. "",""N24"":""               -  р. "",""O24"":""               -  р. "",""P24"":""            7 104,00р. ""}",,
I-20240801-25A3621024C57E68,P-2024-08-01,C-20240801-7958F2A2A13E54EB,AGT 18mm Фасад дерево,Кромка — AGT 18mm Фасад дерево,цена кромки,material,,,,,,,,м,m,,,,,,,,200,1632,,,,,"{""historical_unit_price"":{""status_codes"":[""static"",""historical_price""],""source_cell"":""Расчет!I24""},""historical_line_cost"":{""status_codes"":[""derived"",""historical_price""],""source_cell"":""Данные!C21"",""source_formula"":""=((((Расчет!C24*Расчет!F24)+(Расчет!D24*Расчет!G24))*Расчет!E24)/1000)*Расчет!I24""}}",derived;static;historical_price,source-materials/Medvedev.Works.Calc.zip,Medvedev.Works.Calc/Примеры расчетов/Кукня_01.08.24.xls,Расчет,B24:P24,"{""B24"":""AGT 18mm Фасад дерево"",""C24"":""760"",""D24"":""600"",""E24"":""3"",""F24"":""2"",""G24"":""2"",""H24"":""           4 000р. "",""I24"":""       200,00р. "",""J24"":""1,37"",""K24"":""      5 472,00р. "",""L24"":""               -  р. "",""M24"":""               -  р. "",""N24"":""               -  р. "",""O24"":""               -  р. "",""P24"":""            7 104,00р. ""}",,
I-20240801-7BBBA9560F750A5E,P-2024-08-01,C-20240801-4B7CD5B2A18B9279,AGT 18mm Фасад дерево,Работа по площади — AGT 18mm Фасад дерево,работа с площадью,work,,,,,,,,м²,m2,,,,,1.368,,,0,0,,,,,"{""area_m2"":{""status_codes"":[""derived""],""source_cell"":""Расчет!J24"",""source_formula"":""=((C24*D24)*E24)*0.000001""},""historical_unit_price"":{""status_codes"":[""static"",""historical_price""],""source_cell"":""Расчет!L24""},""historical_line_cost"":{""status_codes"":[""derived"",""historical_price""],""source_cell"":""Расчет!M24"",""source_formula"":""=(C24*D24*E24*0.000001)*L24""}}",derived;static;historical_price,source-materials/Medvedev.Works.Calc.zip,Medvedev.Works.Calc/Примеры расчетов/Кукня_01.08.24.xls,Расчет,B24:P24,"{""B24"":""AGT 18mm Фасад дерево"",""C24"":""760"",""D24"":""600"",""E24"":""3"",""F24"":""2"",""G24"":""2"",""H24"":""           4 000р. "",""I24"":""       200,00р. "",""J24"":""1,37"",""K24"":""      5 472,00р. "",""L24"":""               -  р. "",""M24"":""               -  р. "",""N24"":""               -  р. "",""O24"":""               -  р. "",""P24"":""            7 104,00р. ""}",,
I-20240801-F6DD9D14D4DBC064,P-2024-08-01,C-20240801-4B7CD5B2A18B9279,AGT 18mm Фасад дерево,Работа с кромкой — AGT 18mm Фасад дерево,раб. с кр-ой,work,,,,,,,,м,m,,,,,,,,0,0,,,,,"{""historical_unit_price"":{""status_codes"":[""static"",""historical_price""],""source_cell"":""Расчет!N24""},""historical_line_cost"":{""status_codes"":[""derived"",""historical_price""],""source_cell"":""Расчет!O24"",""source_formula"":""=((C24*E24*F24*0.001)+(D24*E24*G24*0.001))*N24""}}",derived;static;historical_price,source-materials/Medvedev.Works.Calc.zip,Medvedev.Works.Calc/Примеры расчетов/Кукня_01.08.24.xls,Расчет,B24:P24,"{""B24"":""AGT 18mm Фасад дерево"",""C24"":""760"",""D24"":""600"",""E24"":""3"",""F24"":""2"",""G24"":""2"",""H24"":""           4 000р. "",""I24"":""       200,00р. "",""J24"":""1,37"",""K24"":""      5 472,00р. "",""L24"":""               -  р. "",""M24"":""               -  р. "",""N24"":""               -  р. "",""O24"":""               -  р. "",""P24"":""            7 104,00р. ""}",,
I-20240801-3DFD9835CDB869C4,P-2024-08-01,,AGT 18mm Фасад дерево,Стоимость детали — AGT 18mm Фасад дерево,стоимость детали,subtotal,,,,,,,,р.,currency,,,,,,,,,7104,,,,,"{""historical_line_cost"":{""status_codes"":[""derived"",""historical_price""],""source_cell"":""Расчет!P24"",""source_formula"":""=IF($K$2=0,(((C24*D24*E24*0.000001*H24)+(C24*E24*F24*0.001*I24)+(D24*E24*G24*0.001*I24)+M24+O24)*$J$2),(((C24*D24*E24*0.000001*H24)+(C24*E24*F24*0.001*I24)+(D24*E24*G24*0.001*I24)+M24+O24)*$J$2)/$K$2)""}}",derived;historical_price,source-materials/Medvedev.Works.Calc.zip,Medvedev.Works.Calc/Примеры расчетов/Кукня_01.08.24.xls,Расчет,B24:P24,"{""B24"":""AGT 18mm Фасад дерево"",""C24"":""760"",""D24"":""600"",""E24"":""3"",""F24"":""2"",""G24"":""2"",""H24"":""           4 000р. "",""I24"":""       200,00р. "",""J24"":""1,37"",""K24"":""      5 472,00р. "",""L24"":""               -  р. "",""M24"":""               -  р. "",""N24"":""               -  р. "",""O24"":""               -  р. "",""P24"":""            7 104,00р. ""}",,
I-20240801-BF8A37E74365B379,P-2024-08-01,C-20240801-7958F2A2A13E54EB,AGT 18mm Фасад дерево,Материал — AGT 18mm Фасад дерево,цена материала,material,,,,,,,,м²,m2,,,,,0.038,,,4000,152,,,,,"{""area_m2"":{""status_codes"":[""derived""],""source_cell"":""Расчет!J25"",""source_formula"":""=((C25*D25)*E25)*0.000001""},""historical_unit_price"":{""status_codes"":[""static"",""historical_price""],""source_cell"":""Расчет!H25""},""historical_line_cost"":{""status_codes"":[""derived"",""historical_price""],""source_cell"":""Расчет!K25"",""source_formula"":""=J25*H25""}}",derived;static;historical_price,source-materials/Medvedev.Works.Calc.zip,Medvedev.Works.Calc/Примеры расчетов/Кукня_01.08.24.xls,Расчет,B25:P25,"{""B25"":""AGT 18mm Фасад дерево"",""C25"":""760"",""D25"":""50"",""E25"":""1"",""F25"":""2"",""G25"":""2"",""H25"":""           4 000р. "",""I25"":""       200,00р. "",""J25"":""0,04"",""K25"":""         152,00р. "",""L25"":""               -  р. "",""M25"":""               -  р. "",""N25"":""               -  р. "",""O25"":""               -  р. "",""P25"":""               476,00р. ""}",,
I-20240801-F4391B6C86DA3C40,P-2024-08-01,C-20240801-7958F2A2A13E54EB,AGT 18mm Фасад дерево,Кромка — AGT 18mm Фасад дерево,цена кромки,material,,,,,,,,м,m,,,,,,,,200,324,,,,,"{""historical_unit_price"":{""status_codes"":[""static"",""historical_price""],""source_cell"":""Расчет!I25""},""historical_line_cost"":{""status_codes"":[""derived"",""historical_price""],""source_cell"":""Данные!C22"",""source_formula"":""=((((Расчет!C25*Расчет!F25)+(Расчет!D25*Расчет!G25))*Расчет!E25)/1000)*Расчет!I25""}}",derived;static;historical_price,source-materials/Medvedev.Works.Calc.zip,Medvedev.Works.Calc/Примеры расчетов/Кукня_01.08.24.xls,Расчет,B25:P25,"{""B25"":""AGT 18mm Фасад дерево"",""C25"":""760"",""D25"":""50"",""E25"":""1"",""F25"":""2"",""G25"":""2"",""H25"":""           4 000р. "",""I25"":""       200,00р. "",""J25"":""0,04"",""K25"":""         152,00р. "",""L25"":""               -  р. "",""M25"":""               -  р. "",""N25"":""               -  р. "",""O25"":""               -  р. "",""P25"":""               476,00р. ""}",,
I-20240801-156FC8FB6F8E757A,P-2024-08-01,C-20240801-4B7CD5B2A18B9279,AGT 18mm Фасад дерево,Работа по площади — AGT 18mm Фасад дерево,работа с площадью,work,,,,,,,,м²,m2,,,,,0.038,,,0,0,,,,,"{""area_m2"":{""status_codes"":[""derived""],""source_cell"":""Расчет!J25"",""source_formula"":""=((C25*D25)*E25)*0.000001""},""historical_unit_price"":{""status_codes"":[""static"",""historical_price""],""source_cell"":""Расчет!L25""},""historical_line_cost"":{""status_codes"":[""derived"",""historical_price""],""source_cell"":""Расчет!M25"",""source_formula"":""=(C25*D25*E25*0.000001)*L25""}}",derived;static;historical_price,source-materials/Medvedev.Works.Calc.zip,Medvedev.Works.Calc/Примеры расчетов/Кукня_01.08.24.xls,Расчет,B25:P25,"{""B25"":""AGT 18mm Фасад дерево"",""C25"":""760"",""D25"":""50"",""E25"":""1"",""F25"":""2"",""G25"":""2"",""H25"":""           4 000р. "",""I25"":""       200,00р. "",""J25"":""0,04"",""K25"":""         152,00р. "",""L25"":""               -  р. "",""M25"":""               -  р. "",""N25"":""               -  р. "",""O25"":""               -  р. "",""P25"":""               476,00р. ""}",,
I-20240801-B0DF7F87FCDE4DC6,P-2024-08-01,C-20240801-4B7CD5B2A18B9279,AGT 18mm Фасад дерево,Работа с кромкой — AGT 18mm Фасад дерево,раб. с кр-ой,work,,,,,,,,м,m,,,,,,,,0,0,,,,,"{""historical_unit_price"":{""status_codes"":[""static"",""historical_price""],""source_cell"":""Расчет!N25""},""historical_line_cost"":{""status_codes"":[""derived"",""historical_price""],""source_cell"":""Расчет!O25"",""source_formula"":""=((C25*E25*F25*0.001)+(D25*E25*G25*0.001))*N25""}}",derived;static;historical_price,source-materials/Medvedev.Works.Calc.zip,Medvedev.Works.Calc/Примеры расчетов/Кукня_01.08.24.xls,Расчет,B25:P25,"{""B25"":""AGT 18mm Фасад дерево"",""C25"":""760"",""D25"":""50"",""E25"":""1"",""F25"":""2"",""G25"":""2"",""H25"":""           4 000р. "",""I25"":""       200,00р. "",""J25"":""0,04"",""K25"":""         152,00р. "",""L25"":""               -  р. "",""M25"":""               -  р. "",""N25"":""               -  р. "",""O25"":""               -  р. "",""P25"":""               476,00р. ""}",,
I-20240801-07FF8898DD6E7AF1,P-2024-08-01,,AGT 18mm Фасад дерево,Стоимость детали — AGT 18mm Фасад дерево,стоимость детали,subtotal,,,,,,,,р.,currency,,,,,,,,,476,,,,,"{""historical_line_cost"":{""status_codes"":[""derived"",""historical_price""],""source_cell"":""Расчет!P25"",""source_formula"":""=IF($K$2=0,(((C25*D25*E25*0.000001*H25)+(C25*E25*F25*0.001*I25)+(D25*E25*G25*0.001*I25)+M25+O25)*$J$2),(((C25*D25*E25*0.000001*H25)+(C25*E25*F25*0.001*I25)+(D25*E25*G25*0.001*I25)+M25+O25)*$J$2)/$K$2)""}}",derived;historical_price,source-materials/Medvedev.Works.Calc.zip,Medvedev.Works.Calc/Примеры расчетов/Кукня_01.08.24.xls,Расчет,B25:P25,"{""B25"":""AGT 18mm Фасад дерево"",""C25"":""760"",""D25"":""50"",""E25"":""1"",""F25"":""2"",""G25"":""2"",""H25"":""           4 000р. "",""I25"":""       200,00р. "",""J25"":""0,04"",""K25"":""         152,00р. "",""L25"":""               -  р. "",""M25"":""               -  р. "",""N25"":""               -  р. "",""O25"":""               -  р. "",""P25"":""               476,00р. ""}",,
I-20240801-3468ED35543AD87A,P-2024-08-01,C-20240801-7958F2A2A13E54EB,AGT 18mm Фасад дерево,Материал — AGT 18mm Фасад дерево,цена материала,material,,,,,,,,м²,m2,,,,,0.0494,,,4000,197.6,,,,,"{""area_m2"":{""status_codes"":[""derived""],""source_cell"":""Расчет!J26"",""source_formula"":""=((C26*D26)*E26)*0.000001""},""historical_unit_price"":{""status_codes"":[""static"",""historical_price""],""source_cell"":""Расчет!H26""},""historical_line_cost"":{""status_codes"":[""derived"",""historical_price""],""source_cell"":""Расчет!K26"",""source_formula"":""=J26*H26""}}",derived;static;historical_price,source-materials/Medvedev.Works.Calc.zip,Medvedev.Works.Calc/Примеры расчетов/Кукня_01.08.24.xls,Расчет,B26:P26,"{""B26"":""AGT 18mm Фасад дерево"",""C26"":""760"",""D26"":""65"",""E26"":""1"",""F26"":""2"",""G26"":""2"",""H26"":""           4 000р. "",""I26"":""       200,00р. "",""J26"":""0,05"",""K26"":""         197,60р. "",""L26"":""               -  р. "",""M26"":""               -  р. "",""N26"":""               -  р. "",""O26"":""               -  р. "",""P26"":""               527,60р. ""}",,
I-20240801-2BD53AB87CA9CE02,P-2024-08-01,C-20240801-7958F2A2A13E54EB,AGT 18mm Фасад дерево,Кромка — AGT 18mm Фасад дерево,цена кромки,material,,,,,,,,м,m,,,,,,,,200,330,,,,,"{""historical_unit_price"":{""status_codes"":[""static"",""historical_price""],""source_cell"":""Расчет!I26""},""historical_line_cost"":{""status_codes"":[""derived"",""historical_price""],""source_cell"":""Данные!C23"",""source_formula"":""=((((Расчет!C26*Расчет!F26)+(Расчет!D26*Расчет!G26))*Расчет!E26)/1000)*Расчет!I26""}}",derived;static;historical_price,source-materials/Medvedev.Works.Calc.zip,Medvedev.Works.Calc/Примеры расчетов/Кукня_01.08.24.xls,Расчет,B26:P26,"{""B26"":""AGT 18mm Фасад дерево"",""C26"":""760"",""D26"":""65"",""E26"":""1"",""F26"":""2"",""G26"":""2"",""H26"":""           4 000р. "",""I26"":""       200,00р. "",""J26"":""0,05"",""K26"":""         197,60р. "",""L26"":""               -  р. "",""M26"":""               -  р. "",""N26"":""               -  р. "",""O26"":""               -  р. "",""P26"":""               527,60р. ""}",,
I-20240801-C7D35B2CE509C9C6,P-2024-08-01,C-20240801-4B7CD5B2A18B9279,AGT 18mm Фасад дерево,Работа по площади — AGT 18mm Фасад дерево,работа с площадью,work,,,,,,,,м²,m2,,,,,0.0494,,,0,0,,,,,"{""area_m2"":{""status_codes"":[""derived""],""source_cell"":""Расчет!J26"",""source_formula"":""=((C26*D26)*E26)*0.000001""},""historical_unit_price"":{""status_codes"":[""static"",""historical_price""],""source_cell"":""Расчет!L26""},""historical_line_cost"":{""status_codes"":[""derived"",""historical_price""],""source_cell"":""Расчет!M26"",""source_formula"":""=(C26*D26*E26*0.000001)*L26""}}",derived;static;historical_price,source-materials/Medvedev.Works.Calc.zip,Medvedev.Works.Calc/Примеры расчетов/Кукня_01.08.24.xls,Расчет,B26:P26,"{""B26"":""AGT 18mm Фасад дерево"",""C26"":""760"",""D26"":""65"",""E26"":""1"",""F26"":""2"",""G26"":""2"",""H26"":""           4 000р. "",""I26"":""       200,00р. "",""J26"":""0,05"",""K26"":""         197,60р. "",""L26"":""               -  р. "",""M26"":""               -  р. "",""N26"":""               -  р. "",""O26"":""               -  р. "",""P26"":""               527,60р. ""}",,
I-20240801-A402DAC863C1897C,P-2024-08-01,C-20240801-4B7CD5B2A18B9279,AGT 18mm Фасад дерево,Работа с кромкой — AGT 18mm Фасад дерево,раб. с кр-ой,work,,,,,,,,м,m,,,,,,,,0,0,,,,,"{""historical_unit_price"":{""status_codes"":[""static"",""historical_price""],""source_cell"":""Расчет!N26""},""historical_line_cost"":{""status_codes"":[""derived"",""historical_price""],""source_cell"":""Расчет!O26"",""source_formula"":""=((C26*E26*F26*0.001)+(D26*E26*G26*0.001))*N26""}}",derived;static;historical_price,source-materials/Medvedev.Works.Calc.zip,Medvedev.Works.Calc/Примеры расчетов/Кукня_01.08.24.xls,Расчет,B26:P26,"{""B26"":""AGT 18mm Фасад дерево"",""C26"":""760"",""D26"":""65"",""E26"":""1"",""F26"":""2"",""G26"":""2"",""H26"":""           4 000р. "",""I26"":""       200,00р. "",""J26"":""0,05"",""K26"":""         197,60р. "",""L26"":""               -  р. "",""M26"":""               -  р. "",""N26"":""               -  р. "",""O26"":""               -  р. "",""P26"":""               527,60р. ""}",,
I-20240801-F3DE26C00F08EA95,P-2024-08-01,,AGT 18mm Фасад дерево,Стоимость детали — AGT 18mm Фасад дерево,стоимость детали,subtotal,,,,,,,,р.,currency,,,,,,,,,527.6,,,,,"{""historical_line_cost"":{""status_codes"":[""derived"",""historical_price""],""source_cell"":""Расчет!P26"",""source_formula"":""=IF($K$2=0,(((C26*D26*E26*0.000001*H26)+(C26*E26*F26*0.001*I26)+(D26*E26*G26*0.001*I26)+M26+O26)*$J$2),(((C26*D26*E26*0.000001*H26)+(C26*E26*F26*0.001*I26)+(D26*E26*G26*0.001*I26)+M26+O26)*$J$2)/$K$2)""}}",derived;historical_price,source-materials/Medvedev.Works.Calc.zip,Medvedev.Works.Calc/Примеры расчетов/Кукня_01.08.24.xls,Расчет,B26:P26,"{""B26"":""AGT 18mm Фасад дерево"",""C26"":""760"",""D26"":""65"",""E26"":""1"",""F26"":""2"",""G26"":""2"",""H26"":""           4 000р. "",""I26"":""       200,00р. "",""J26"":""0,05"",""K26"":""         197,60р. "",""L26"":""               -  р. "",""M26"":""               -  р. "",""N26"":""               -  р. "",""O26"":""               -  р. "",""P26"":""               527,60р. ""}",,
I-20240801-46C5A75DD4680862,P-2024-08-01,C-20240801-7958F2A2A13E54EB,AGT 18mm Фасад дерево,Материал — AGT 18mm Фасад дерево,цена материала,material,,,,,,,,м²,m2,,,,,0.342,,,4000,1368,,,,,"{""area_m2"":{""status_codes"":[""derived""],""source_cell"":""Расчет!J27"",""source_formula"":""=((C27*D27)*E27)*0.000001""},""historical_unit_price"":{""status_codes"":[""static"",""historical_price""],""source_cell"":""Расчет!H27""},""historical_line_cost"":{""status_codes"":[""derived"",""historical_price""],""source_cell"":""Расчет!K27"",""source_formula"":""=J27*H27""}}",derived;static;historical_price,source-materials/Medvedev.Works.Calc.zip,Medvedev.Works.Calc/Примеры расчетов/Кукня_01.08.24.xls,Расчет,B27:P27,"{""B27"":""AGT 18mm Фасад дерево"",""C27"":""760"",""D27"":""450"",""E27"":""1"",""F27"":""2"",""G27"":""2"",""H27"":""           4 000р. "",""I27"":""       200,00р. "",""J27"":""0,34"",""K27"":""      1 368,00р. "",""L27"":""               -  р. "",""M27"":""               -  р. "",""N27"":""               -  р. "",""O27"":""               -  р. "",""P27"":""            1 852,00р. ""}",,
I-20240801-2ABE28599CE4659F,P-2024-08-01,C-20240801-7958F2A2A13E54EB,AGT 18mm Фасад дерево,Кромка — AGT 18mm Фасад дерево,цена кромки,material,,,,,,,,м,m,,,,,,,,200,484,,,,,"{""historical_unit_price"":{""status_codes"":[""static"",""historical_price""],""source_cell"":""Расчет!I27""},""historical_line_cost"":{""status_codes"":[""derived"",""historical_price""],""source_cell"":""Данные!C24"",""source_formula"":""=((((Расчет!C27*Расчет!F27)+(Расчет!D27*Расчет!G27))*Расчет!E27)/1000)*Расчет!I27""}}",derived;static;historical_price,source-materials/Medvedev.Works.Calc.zip,Medvedev.Works.Calc/Примеры расчетов/Кукня_01.08.24.xls,Расчет,B27:P27,"{""B27"":""AGT 18mm Фасад дерево"",""C27"":""760"",""D27"":""450"",""E27"":""1"",""F27"":""2"",""G27"":""2"",""H27"":""           4 000р. "",""I27"":""       200,00р. "",""J27"":""0,34"",""K27"":""      1 368,00р. "",""L27"":""               -  р. "",""M27"":""               -  р. "",""N27"":""               -  р. "",""O27"":""               -  р. "",""P27"":""            1 852,00р. ""}",,
I-20240801-00DBD68E439D60FA,P-2024-08-01,C-20240801-4B7CD5B2A18B9279,AGT 18mm Фасад дерево,Работа по площади — AGT 18mm Фасад дерево,работа с площадью,work,,,,,,,,м²,m2,,,,,0.342,,,0,0,,,,,"{""area_m2"":{""status_codes"":[""derived""],""source_cell"":""Расчет!J27"",""source_formula"":""=((C27*D27)*E27)*0.000001""},""historical_unit_price"":{""status_codes"":[""static"",""historical_price""],""source_cell"":""Расчет!L27""},""historical_line_cost"":{""status_codes"":[""derived"",""historical_price""],""source_cell"":""Расчет!M27"",""source_formula"":""=(C27*D27*E27*0.000001)*L27""}}",derived;static;historical_price,source-materials/Medvedev.Works.Calc.zip,Medvedev.Works.Calc/Примеры расчетов/Кукня_01.08.24.xls,Расчет,B27:P27,"{""B27"":""AGT 18mm Фасад дерево"",""C27"":""760"",""D27"":""450"",""E27"":""1"",""F27"":""2"",""G27"":""2"",""H27"":""           4 000р. "",""I27"":""       200,00р. "",""J27"":""0,34"",""K27"":""      1 368,00р. "",""L27"":""               -  р. "",""M27"":""               -  р. "",""N27"":""               -  р. "",""O27"":""               -  р. "",""P27"":""            1 852,00р. ""}",,
I-20240801-18D655D5A8C6DFE7,P-2024-08-01,C-20240801-4B7CD5B2A18B9279,AGT 18mm Фасад дерево,Работа с кромкой — AGT 18mm Фасад дерево,раб. с кр-ой,work,,,,,,,,м,m,,,,,,,,0,0,,,,,"{""historical_unit_price"":{""status_codes"":[""static"",""historical_price""],""source_cell"":""Расчет!N27""},""historical_line_cost"":{""status_codes"":[""derived"",""historical_price""],""source_cell"":""Расчет!O27"",""source_formula"":""=((C27*E27*F27*0.001)+(D27*E27*G27*0.001))*N27""}}",derived;static;historical_price,source-materials/Medvedev.Works.Calc.zip,Medvedev.Works.Calc/Примеры расчетов/Кукня_01.08.24.xls,Расчет,B27:P27,"{""B27"":""AGT 18mm Фасад дерево"",""C27"":""760"",""D27"":""450"",""E27"":""1"",""F27"":""2"",""G27"":""2"",""H27"":""           4 000р. "",""I27"":""       200,00р. "",""J27"":""0,34"",""K27"":""      1 368,00р. "",""L27"":""               -  р. "",""M27"":""               -  р. "",""N27"":""               -  р. "",""O27"":""               -  р. "",""P27"":""            1 852,00р. ""}",,
I-20240801-AACBE5B9DABCA7CB,P-2024-08-01,,AGT 18mm Фасад дерево,Стоимость детали — AGT 18mm Фасад дерево,стоимость детали,subtotal,,,,,,,,р.,currency,,,,,,,,,1852,,,,,"{""historical_line_cost"":{""status_codes"":[""derived"",""historical_price""],""source_cell"":""Расчет!P27"",""source_formula"":""=IF($K$2=0,(((C27*D27*E27*0.000001*H27)+(C27*E27*F27*0.001*I27)+(D27*E27*G27*0.001*I27)+M27+O27)*$J$2),(((C27*D27*E27*0.000001*H27)+(C27*E27*F27*0.001*I27)+(D27*E27*G27*0.001*I27)+M27+O27)*$J$2)/$K$2)""}}",derived;historical_price,source-materials/Medvedev.Works.Calc.zip,Medvedev.Works.Calc/Примеры расчетов/Кукня_01.08.24.xls,Расчет,B27:P27,"{""B27"":""AGT 18mm Фасад дерево"",""C27"":""760"",""D27"":""450"",""E27"":""1"",""F27"":""2"",""G27"":""2"",""H27"":""           4 000р. "",""I27"":""       200,00р. "",""J27"":""0,34"",""K27"":""      1 368,00р. "",""L27"":""               -  р. "",""M27"":""               -  р. "",""N27"":""               -  р. "",""O27"":""               -  р. "",""P27"":""            1 852,00р. ""}",,
I-20240801-4F82DAA125F33BFA,P-2024-08-01,C-20240801-7958F2A2A13E54EB,AGT 18mm Фасад дерево цоколь,Материал — AGT 18mm Фасад дерево цоколь,цена материала,material,,,,,,,,м²,m2,,,,,0.1772,,,4000,708.8,,,,,"{""area_m2"":{""status_codes"":[""derived""],""source_cell"":""Расчет!J28"",""source_formula"":""=((C28*D28)*E28)*0.000001""},""historical_unit_price"":{""status_codes"":[""static"",""historical_price""],""source_cell"":""Расчет!H28""},""historical_line_cost"":{""status_codes"":[""derived"",""historical_price""],""source_cell"":""Расчет!K28"",""source_formula"":""=J28*H28""}}",derived;static;historical_price,source-materials/Medvedev.Works.Calc.zip,Medvedev.Works.Calc/Примеры расчетов/Кукня_01.08.24.xls,Расчет,B28:P28,"{""B28"":""AGT 18mm Фасад дерево цоколь"",""C28"":""1772"",""D28"":""100"",""E28"":""1"",""F28"":""2"",""G28"":""2"",""H28"":""           4 000р. "",""I28"":""       200,00р. "",""J28"":""0,18"",""K28"":""         708,80р. "",""L28"":""               -  р. "",""M28"":""               -  р. "",""N28"":""               -  р. "",""O28"":""               -  р. "",""P28"":""            1 457,60р. ""}",,
I-20240801-65F965EEDAF378DA,P-2024-08-01,C-20240801-7958F2A2A13E54EB,AGT 18mm Фасад дерево цоколь,Кромка — AGT 18mm Фасад дерево цоколь,цена кромки,material,,,,,,,,м,m,,,,,,,,200,748.8,,,,,"{""historical_unit_price"":{""status_codes"":[""static"",""historical_price""],""source_cell"":""Расчет!I28""},""historical_line_cost"":{""status_codes"":[""derived"",""historical_price""],""source_cell"":""Данные!C25"",""source_formula"":""=((((Расчет!C28*Расчет!F28)+(Расчет!D28*Расчет!G28))*Расчет!E28)/1000)*Расчет!I28""}}",derived;static;historical_price,source-materials/Medvedev.Works.Calc.zip,Medvedev.Works.Calc/Примеры расчетов/Кукня_01.08.24.xls,Расчет,B28:P28,"{""B28"":""AGT 18mm Фасад дерево цоколь"",""C28"":""1772"",""D28"":""100"",""E28"":""1"",""F28"":""2"",""G28"":""2"",""H28"":""           4 000р. "",""I28"":""       200,00р. "",""J28"":""0,18"",""K28"":""         708,80р. "",""L28"":""               -  р. "",""M28"":""               -  р. "",""N28"":""               -  р. "",""O28"":""               -  р. "",""P28"":""            1 457,60р. ""}",,
I-20240801-6D3FA97AEEC35E5D,P-2024-08-01,C-20240801-4B7CD5B2A18B9279,AGT 18mm Фасад дерево цоколь,Работа по площади — AGT 18mm Фасад дерево цоколь,работа с площадью,work,,,,,,,,м²,m2,,,,,0.1772,,,0,0,,,,,"{""area_m2"":{""status_codes"":[""derived""],""source_cell"":""Расчет!J28"",""source_formula"":""=((C28*D28)*E28)*0.000001""},""historical_unit_price"":{""status_codes"":[""static"",""historical_price""],""source_cell"":""Расчет!L28""},""historical_line_cost"":{""status_codes"":[""derived"",""historical_price""],""source_cell"":""Расчет!M28"",""source_formula"":""=(C28*D28*E28*0.000001)*L28""}}",derived;static;historical_price,source-materials/Medvedev.Works.Calc.zip,Medvedev.Works.Calc/Примеры расчетов/Кукня_01.08.24.xls,Расчет,B28:P28,"{""B28"":""AGT 18mm Фасад дерево цоколь"",""C28"":""1772"",""D28"":""100"",""E28"":""1"",""F28"":""2"",""G28"":""2"",""H28"":""           4 000р. "",""I28"":""       200,00р. "",""J28"":""0,18"",""K28"":""         708,80р. "",""L28"":""               -  р. "",""M28"":""               -  р. "",""N28"":""               -  р. "",""O28"":""               -  р. "",""P28"":""            1 457,60р. ""}",,
I-20240801-CF4231439C0DE0B2,P-2024-08-01,C-20240801-4B7CD5B2A18B9279,AGT 18mm Фасад дерево цоколь,Работа с кромкой — AGT 18mm Фасад дерево цоколь,раб. с кр-ой,work,,,,,,,,м,m,,,,,,,,0,0,,,,,"{""historical_unit_price"":{""status_codes"":[""static"",""historical_price""],""source_cell"":""Расчет!N28""},""historical_line_cost"":{""status_codes"":[""derived"",""historical_price""],""source_cell"":""Расчет!O28"",""source_formula"":""=((C28*E28*F28*0.001)+(D28*E28*G28*0.001))*N28""}}",derived;static;historical_price,source-materials/Medvedev.Works.Calc.zip,Medvedev.Works.Calc/Примеры расчетов/Кукня_01.08.24.xls,Расчет,B28:P28,"{""B28"":""AGT 18mm Фасад дерево цоколь"",""C28"":""1772"",""D28"":""100"",""E28"":""1"",""F28"":""2"",""G28"":""2"",""H28"":""           4 000р. "",""I28"":""       200,00р. "",""J28"":""0,18"",""K28"":""         708,80р. "",""L28"":""               -  р. "",""M28"":""               -  р. "",""N28"":""               -  р. "",""O28"":""               -  р. "",""P28"":""            1 457,60р. ""}",,
I-20240801-12B93D8C0D2C9CA8,P-2024-08-01,,AGT 18mm Фасад дерево цоколь,Стоимость детали — AGT 18mm Фасад дерево цоколь,стоимость детали,subtotal,,,,,,,,р.,currency,,,,,,,,,1457.6,,,,,"{""historical_line_cost"":{""status_codes"":[""derived"",""historical_price""],""source_cell"":""Расчет!P28"",""source_formula"":""=IF($K$2=0,(((C28*D28*E28*0.000001*H28)+(C28*E28*F28*0.001*I28)+(D28*E28*G28*0.001*I28)+M28+O28)*$J$2),(((C28*D28*E28*0.000001*H28)+(C28*E28*F28*0.001*I28)+(D28*E28*G28*0.001*I28)+M28+O28)*$J$2)/$K$2)""}}",derived;historical_price,source-materials/Medvedev.Works.Calc.zip,Medvedev.Works.Calc/Примеры расчетов/Кукня_01.08.24.xls,Расчет,B28:P28,"{""B28"":""AGT 18mm Фасад дерево цоколь"",""C28"":""1772"",""D28"":""100"",""E28"":""1"",""F28"":""2"",""G28"":""2"",""H28"":""           4 000р. "",""I28"":""       200,00р. "",""J28"":""0,18"",""K28"":""         708,80р. "",""L28"":""               -  р. "",""M28"":""               -  р. "",""N28"":""               -  р. "",""O28"":""               -  р. "",""P28"":""            1 457,60р. ""}",,
I-20240801-DFE490E275DBFE74,P-2024-08-01,C-20240801-7958F2A2A13E54EB,AGT 18mm Фасад дерево цоколь,Материал — AGT 18mm Фасад дерево цоколь,цена материала,material,,,,,,,,м²,m2,,,,,0.2029,,,4000,811.6,,,,,"{""area_m2"":{""status_codes"":[""derived""],""source_cell"":""Расчет!J29"",""source_formula"":""=((C29*D29)*E29)*0.000001""},""historical_unit_price"":{""status_codes"":[""static"",""historical_price""],""source_cell"":""Расчет!H29""},""historical_line_cost"":{""status_codes"":[""derived"",""historical_price""],""source_cell"":""Расчет!K29"",""source_formula"":""=J29*H29""}}",derived;static;historical_price,source-materials/Medvedev.Works.Calc.zip,Medvedev.Works.Calc/Примеры расчетов/Кукня_01.08.24.xls,Расчет,B29:P29,"{""B29"":""AGT 18mm Фасад дерево цоколь"",""C29"":""2029"",""D29"":""100"",""E29"":""1"",""F29"":""2"",""G29"":""2"",""H29"":""           4 000р. "",""I29"":""       200,00р. "",""J29"":""0,20"",""K29"":""         811,60р. "",""L29"":""               -  р. "",""M29"":""               -  р. "",""N29"":""               -  р. "",""O29"":""               -  р. "",""P29"":""            1 663,20р. ""}",,
I-20240801-4129F2D9C9BA3027,P-2024-08-01,C-20240801-7958F2A2A13E54EB,AGT 18mm Фасад дерево цоколь,Кромка — AGT 18mm Фасад дерево цоколь,цена кромки,material,,,,,,,,м,m,,,,,,,,200,851.6,,,,,"{""historical_unit_price"":{""status_codes"":[""static"",""historical_price""],""source_cell"":""Расчет!I29""},""historical_line_cost"":{""status_codes"":[""derived"",""historical_price""],""source_cell"":""Данные!C26"",""source_formula"":""=((((Расчет!C29*Расчет!F29)+(Расчет!D29*Расчет!G29))*Расчет!E29)/1000)*Расчет!I29""}}",derived;static;historical_price,source-materials/Medvedev.Works.Calc.zip,Medvedev.Works.Calc/Примеры расчетов/Кукня_01.08.24.xls,Расчет,B29:P29,"{""B29"":""AGT 18mm Фасад дерево цоколь"",""C29"":""2029"",""D29"":""100"",""E29"":""1"",""F29"":""2"",""G29"":""2"",""H29"":""           4 000р. "",""I29"":""       200,00р. "",""J29"":""0,20"",""K29"":""         811,60р. "",""L29"":""               -  р. "",""M29"":""               -  р. "",""N29"":""               -  р. "",""O29"":""               -  р. "",""P29"":""            1 663,20р. ""}",,
I-20240801-64E7085A57872A5E,P-2024-08-01,C-20240801-4B7CD5B2A18B9279,AGT 18mm Фасад дерево цоколь,Работа по площади — AGT 18mm Фасад дерево цоколь,работа с площадью,work,,,,,,,,м²,m2,,,,,0.2029,,,0,0,,,,,"{""area_m2"":{""status_codes"":[""derived""],""source_cell"":""Расчет!J29"",""source_formula"":""=((C29*D29)*E29)*0.000001""},""historical_unit_price"":{""status_codes"":[""static"",""historical_price""],""source_cell"":""Расчет!L29""},""historical_line_cost"":{""status_codes"":[""derived"",""historical_price""],""source_cell"":""Расчет!M29"",""source_formula"":""=(C29*D29*E29*0.000001)*L29""}}",derived;static;historical_price,source-materials/Medvedev.Works.Calc.zip,Medvedev.Works.Calc/Примеры расчетов/Кукня_01.08.24.xls,Расчет,B29:P29,"{""B29"":""AGT 18mm Фасад дерево цоколь"",""C29"":""2029"",""D29"":""100"",""E29"":""1"",""F29"":""2"",""G29"":""2"",""H29"":""           4 000р. "",""I29"":""       200,00р. "",""J29"":""0,20"",""K29"":""         811,60р. "",""L29"":""               -  р. "",""M29"":""               -  р. "",""N29"":""               -  р. "",""O29"":""               -  р. "",""P29"":""            1 663,20р. ""}",,
I-20240801-909E4646744DEF93,P-2024-08-01,C-20240801-4B7CD5B2A18B9279,AGT 18mm Фасад дерево цоколь,Работа с кромкой — AGT 18mm Фасад дерево цоколь,раб. с кр-ой,work,,,,,,,,м,m,,,,,,,,0,0,,,,,"{""historical_unit_price"":{""status_codes"":[""static"",""historical_price""],""source_cell"":""Расчет!N29""},""historical_line_cost"":{""status_codes"":[""derived"",""historical_price""],""source_cell"":""Расчет!O29"",""source_formula"":""=((C29*E29*F29*0.001)+(D29*E29*G29*0.001))*N29""}}",derived;static;historical_price,source-materials/Medvedev.Works.Calc.zip,Medvedev.Works.Calc/Примеры расчетов/Кукня_01.08.24.xls,Расчет,B29:P29,"{""B29"":""AGT 18mm Фасад дерево цоколь"",""C29"":""2029"",""D29"":""100"",""E29"":""1"",""F29"":""2"",""G29"":""2"",""H29"":""           4 000р. "",""I29"":""       200,00р. "",""J29"":""0,20"",""K29"":""         811,60р. "",""L29"":""               -  р. "",""M29"":""               -  р. "",""N29"":""               -  р. "",""O29"":""               -  р. "",""P29"":""            1 663,20р. ""}",,
I-20240801-6B0EC986BC63C2EC,P-2024-08-01,,AGT 18mm Фасад дерево цоколь,Стоимость детали — AGT 18mm Фасад дерево цоколь,стоимость детали,subtotal,,,,,,,,р.,currency,,,,,,,,,1663.2,,,,,"{""historical_line_cost"":{""status_codes"":[""derived"",""historical_price""],""source_cell"":""Расчет!P29"",""source_formula"":""=IF($K$2=0,(((C29*D29*E29*0.000001*H29)+(C29*E29*F29*0.001*I29)+(D29*E29*G29*0.001*I29)+M29+O29)*$J$2),(((C29*D29*E29*0.000001*H29)+(C29*E29*F29*0.001*I29)+(D29*E29*G29*0.001*I29)+M29+O29)*$J$2)/$K$2)""}}",derived;historical_price,source-materials/Medvedev.Works.Calc.zip,Medvedev.Works.Calc/Примеры расчетов/Кукня_01.08.24.xls,Расчет,B29:P29,"{""B29"":""AGT 18mm Фасад дерево цоколь"",""C29"":""2029"",""D29"":""100"",""E29"":""1"",""F29"":""2"",""G29"":""2"",""H29"":""           4 000р. "",""I29"":""       200,00р. "",""J29"":""0,20"",""K29"":""         811,60р. "",""L29"":""               -  р. "",""M29"":""               -  р. "",""N29"":""               -  р. "",""O29"":""               -  р. "",""P29"":""            1 663,20р. ""}",,
I-20240801-50C1D9E1C5AFF9C2,P-2024-08-01,C-20240801-7958F2A2A13E54EB,ЛДСП 16мм верхний задник,Материал — ЛДСП 16мм верхний задник,цена материала,material,,,,,,,,м²,m2,,,,,1.56252,,,2650,4140.678,,,,,"{""area_m2"":{""status_codes"":[""derived""],""source_cell"":""Расчет!J30"",""source_formula"":""=((C30*D30)*E30)*0.000001""},""historical_unit_price"":{""status_codes"":[""static"",""historical_price""],""source_cell"":""Расчет!H30""},""historical_line_cost"":{""status_codes"":[""derived"",""historical_price""],""source_cell"":""Расчет!K30"",""source_formula"":""=J30*H30""}}",derived;static;historical_price,source-materials/Medvedev.Works.Calc.zip,Medvedev.Works.Calc/Примеры расчетов/Кукня_01.08.24.xls,Расчет,B30:P30,"{""B30"":""ЛДСП 16мм верхний задник"",""C30"":""898"",""D30"":""580"",""E30"":""3"",""F30"":""0"",""G30"":""0"",""H30"":""           2 650р. "",""I30"":""               -  р. "",""J30"":""1,56"",""K30"":""      4 140,68р. "",""L30"":""               -  р. "",""M30"":""               -  р. "",""N30"":""               -  р. "",""O30"":""               -  р. "",""P30"":""            4 140,68р. ""}",,
I-20240801-F4E6A033713E87A3,P-2024-08-01,C-20240801-7958F2A2A13E54EB,ЛДСП 16мм верхний задник,Кромка — ЛДСП 16мм верхний задник,цена кромки,material,,,,,,,,м,m,,,,,,,,0,0,,,,,"{""historical_unit_price"":{""status_codes"":[""static"",""historical_price""],""source_cell"":""Расчет!I30""},""historical_line_cost"":{""status_codes"":[""derived"",""historical_price""],""source_cell"":""Данные!C27"",""source_formula"":""=((((Расчет!C30*Расчет!F30)+(Расчет!D30*Расчет!G30))*Расчет!E30)/1000)*Расчет!I30""}}",derived;static;historical_price,source-materials/Medvedev.Works.Calc.zip,Medvedev.Works.Calc/Примеры расчетов/Кукня_01.08.24.xls,Расчет,B30:P30,"{""B30"":""ЛДСП 16мм верхний задник"",""C30"":""898"",""D30"":""580"",""E30"":""3"",""F30"":""0"",""G30"":""0"",""H30"":""           2 650р. "",""I30"":""               -  р. "",""J30"":""1,56"",""K30"":""      4 140,68р. "",""L30"":""               -  р. "",""M30"":""               -  р. "",""N30"":""               -  р. "",""O30"":""               -  р. "",""P30"":""            4 140,68р. ""}",,
I-20240801-57FB8E9591D1F40C,P-2024-08-01,C-20240801-4B7CD5B2A18B9279,ЛДСП 16мм верхний задник,Работа по площади — ЛДСП 16мм верхний задник,работа с площадью,work,,,,,,,,м²,m2,,,,,1.56252,,,0,0,,,,,"{""area_m2"":{""status_codes"":[""derived""],""source_cell"":""Расчет!J30"",""source_formula"":""=((C30*D30)*E30)*0.000001""},""historical_unit_price"":{""status_codes"":[""static"",""historical_price""],""source_cell"":""Расчет!L30""},""historical_line_cost"":{""status_codes"":[""derived"",""historical_price""],""source_cell"":""Расчет!M30"",""source_formula"":""=(C30*D30*E30*0.000001)*L30""}}",derived;static;historical_price,source-materials/Medvedev.Works.Calc.zip,Medvedev.Works.Calc/Примеры расчетов/Кукня_01.08.24.xls,Расчет,B30:P30,"{""B30"":""ЛДСП 16мм верхний задник"",""C30"":""898"",""D30"":""580"",""E30"":""3"",""F30"":""0"",""G30"":""0"",""H30"":""           2 650р. "",""I30"":""               -  р. "",""J30"":""1,56"",""K30"":""      4 140,68р. "",""L30"":""               -  р. "",""M30"":""               -  р. "",""N30"":""               -  р. "",""O30"":""               -  р. "",""P30"":""            4 140,68р. ""}",,
I-20240801-0746D39253A6656F,P-2024-08-01,C-20240801-4B7CD5B2A18B9279,ЛДСП 16мм верхний задник,Работа с кромкой — ЛДСП 16мм верхний задник,раб. с кр-ой,work,,,,,,,,м,m,,,,,,,,0,0,,,,,"{""historical_unit_price"":{""status_codes"":[""static"",""historical_price""],""source_cell"":""Расчет!N30""},""historical_line_cost"":{""status_codes"":[""derived"",""historical_price""],""source_cell"":""Расчет!O30"",""source_formula"":""=((C30*E30*F30*0.001)+(D30*E30*G30*0.001))*N30""}}",derived;static;historical_price,source-materials/Medvedev.Works.Calc.zip,Medvedev.Works.Calc/Примеры расчетов/Кукня_01.08.24.xls,Расчет,B30:P30,"{""B30"":""ЛДСП 16мм верхний задник"",""C30"":""898"",""D30"":""580"",""E30"":""3"",""F30"":""0"",""G30"":""0"",""H30"":""           2 650р. "",""I30"":""               -  р. "",""J30"":""1,56"",""K30"":""      4 140,68р. "",""L30"":""               -  р. "",""M30"":""               -  р. "",""N30"":""               -  р. "",""O30"":""               -  р. "",""P30"":""            4 140,68р. ""}",,
I-20240801-13305FD813032BF5,P-2024-08-01,,ЛДСП 16мм верхний задник,Стоимость детали — ЛДСП 16мм верхний задник,стоимость детали,subtotal,,,,,,,,р.,currency,,,,,,,,,4140.678,,,,,"{""historical_line_cost"":{""status_codes"":[""derived"",""historical_price""],""source_cell"":""Расчет!P30"",""source_formula"":""=IF($K$2=0,(((C30*D30*E30*0.000001*H30)+(C30*E30*F30*0.001*I30)+(D30*E30*G30*0.001*I30)+M30+O30)*$J$2),(((C30*D30*E30*0.000001*H30)+(C30*E30*F30*0.001*I30)+(D30*E30*G30*0.001*I30)+M30+O30)*$J$2)/$K$2)""}}",derived;historical_price,source-materials/Medvedev.Works.Calc.zip,Medvedev.Works.Calc/Примеры расчетов/Кукня_01.08.24.xls,Расчет,B30:P30,"{""B30"":""ЛДСП 16мм верхний задник"",""C30"":""898"",""D30"":""580"",""E30"":""3"",""F30"":""0"",""G30"":""0"",""H30"":""           2 650р. "",""I30"":""               -  р. "",""J30"":""1,56"",""K30"":""      4 140,68р. "",""L30"":""               -  р. "",""M30"":""               -  р. "",""N30"":""               -  р. "",""O30"":""               -  р. "",""P30"":""            4 140,68р. ""}",,
I-20240801-9C595FA1111764FF,P-2024-08-01,C-20240801-7958F2A2A13E54EB,ЛДСП 16мм верхний задник,Материал — ЛДСП 16мм верхний задник,цена материала,material,,,,,,,,м²,m2,,,,,0.640274,,,2650,1696.7261,,,,,"{""area_m2"":{""status_codes"":[""derived""],""source_cell"":""Расчет!J31"",""source_formula"":""=((C31*D31)*E31)*0.000001""},""historical_unit_price"":{""status_codes"":[""static"",""historical_price""],""source_cell"":""Расчет!H31""},""historical_line_cost"":{""status_codes"":[""derived"",""historical_price""],""source_cell"":""Расчет!K31"",""source_formula"":""=J31*H31""}}",derived;static;historical_price,source-materials/Medvedev.Works.Calc.zip,Medvedev.Works.Calc/Примеры расчетов/Кукня_01.08.24.xls,Расчет,B31:P31,"{""B31"":""ЛДСП 16мм верхний задник"",""C31"":""898"",""D31"":""713"",""E31"":""1"",""F31"":""0"",""G31"":""0"",""H31"":""           2 650р. "",""I31"":""               -  р. "",""J31"":""0,64"",""K31"":""      1 696,73р. "",""L31"":""               -  р. "",""M31"":""               -  р. "",""N31"":""               -  р. "",""O31"":""               -  р. "",""P31"":""            1 696,73р. ""}",,
I-20240801-CF61035F39BC33DF,P-2024-08-01,C-20240801-7958F2A2A13E54EB,ЛДСП 16мм верхний задник,Кромка — ЛДСП 16мм верхний задник,цена кромки,material,,,,,,,,м,m,,,,,,,,0,0,,,,,"{""historical_unit_price"":{""status_codes"":[""static"",""historical_price""],""source_cell"":""Расчет!I31""},""historical_line_cost"":{""status_codes"":[""derived"",""historical_price""],""source_cell"":""Данные!C28"",""source_formula"":""=((((Расчет!C31*Расчет!F31)+(Расчет!D31*Расчет!G31))*Расчет!E31)/1000)*Расчет!I31""}}",derived;static;historical_price,source-materials/Medvedev.Works.Calc.zip,Medvedev.Works.Calc/Примеры расчетов/Кукня_01.08.24.xls,Расчет,B31:P31,"{""B31"":""ЛДСП 16мм верхний задник"",""C31"":""898"",""D31"":""713"",""E31"":""1"",""F31"":""0"",""G31"":""0"",""H31"":""           2 650р. "",""I31"":""               -  р. "",""J31"":""0,64"",""K31"":""      1 696,73р. "",""L31"":""               -  р. "",""M31"":""               -  р. "",""N31"":""               -  р. "",""O31"":""               -  р. "",""P31"":""            1 696,73р. ""}",,
I-20240801-DC2251D9A5B66970,P-2024-08-01,C-20240801-4B7CD5B2A18B9279,ЛДСП 16мм верхний задник,Работа по площади — ЛДСП 16мм верхний задник,работа с площадью,work,,,,,,,,м²,m2,,,,,0.640274,,,0,0,,,,,"{""area_m2"":{""status_codes"":[""derived""],""source_cell"":""Расчет!J31"",""source_formula"":""=((C31*D31)*E31)*0.000001""},""historical_unit_price"":{""status_codes"":[""static"",""historical_price""],""source_cell"":""Расчет!L31""},""historical_line_cost"":{""status_codes"":[""derived"",""historical_price""],""source_cell"":""Расчет!M31"",""source_formula"":""=(C31*D31*E31*0.000001)*L31""}}",derived;static;historical_price,source-materials/Medvedev.Works.Calc.zip,Medvedev.Works.Calc/Примеры расчетов/Кукня_01.08.24.xls,Расчет,B31:P31,"{""B31"":""ЛДСП 16мм верхний задник"",""C31"":""898"",""D31"":""713"",""E31"":""1"",""F31"":""0"",""G31"":""0"",""H31"":""           2 650р. "",""I31"":""               -  р. "",""J31"":""0,64"",""K31"":""      1 696,73р. "",""L31"":""               -  р. "",""M31"":""               -  р. "",""N31"":""               -  р. "",""O31"":""               -  р. "",""P31"":""            1 696,73р. ""}",,
I-20240801-1546C4979CF6FCB3,P-2024-08-01,C-20240801-4B7CD5B2A18B9279,ЛДСП 16мм верхний задник,Работа с кромкой — ЛДСП 16мм верхний задник,раб. с кр-ой,work,,,,,,,,м,m,,,,,,,,0,0,,,,,"{""historical_unit_price"":{""status_codes"":[""static"",""historical_price""],""source_cell"":""Расчет!N31""},""historical_line_cost"":{""status_codes"":[""derived"",""historical_price""],""source_cell"":""Расчет!O31"",""source_formula"":""=((C31*E31*F31*0.001)+(D31*E31*G31*0.001))*N31""}}",derived;static;historical_price,source-materials/Medvedev.Works.Calc.zip,Medvedev.Works.Calc/Примеры расчетов/Кукня_01.08.24.xls,Расчет,B31:P31,"{""B31"":""ЛДСП 16мм верхний задник"",""C31"":""898"",""D31"":""713"",""E31"":""1"",""F31"":""0"",""G31"":""0"",""H31"":""           2 650р. "",""I31"":""               -  р. "",""J31"":""0,64"",""K31"":""      1 696,73р. "",""L31"":""               -  р. "",""M31"":""               -  р. "",""N31"":""               -  р. "",""O31"":""               -  р. "",""P31"":""            1 696,73р. ""}",,
I-20240801-E7947385FC87F206,P-2024-08-01,,ЛДСП 16мм верхний задник,Стоимость детали — ЛДСП 16мм верхний задник,стоимость детали,subtotal,,,,,,,,р.,currency,,,,,,,,,1696.7261,,,,,"{""historical_line_cost"":{""status_codes"":[""derived"",""historical_price""],""source_cell"":""Расчет!P31"",""source_formula"":""=IF($K$2=0,(((C31*D31*E31*0.000001*H31)+(C31*E31*F31*0.001*I31)+(D31*E31*G31*0.001*I31)+M31+O31)*$J$2),(((C31*D31*E31*0.000001*H31)+(C31*E31*F31*0.001*I31)+(D31*E31*G31*0.001*I31)+M31+O31)*$J$2)/$K$2)""}}",derived;historical_price,source-materials/Medvedev.Works.Calc.zip,Medvedev.Works.Calc/Примеры расчетов/Кукня_01.08.24.xls,Расчет,B31:P31,"{""B31"":""ЛДСП 16мм верхний задник"",""C31"":""898"",""D31"":""713"",""E31"":""1"",""F31"":""0"",""G31"":""0"",""H31"":""           2 650р. "",""I31"":""               -  р. "",""J31"":""0,64"",""K31"":""      1 696,73р. "",""L31"":""               -  р. "",""M31"":""               -  р. "",""N31"":""               -  р. "",""O31"":""               -  р. "",""P31"":""            1 696,73р. ""}",,
I-20240801-BB672E3F469275E2,P-2024-08-01,C-20240801-7958F2A2A13E54EB,ЛДСП 16мм верхний полка,Материал — ЛДСП 16мм верхний полка,цена материала,material,,,,,,,,м²,m2,,,,,1.044,,,2650,2766.6,,,,,"{""area_m2"":{""status_codes"":[""derived""],""source_cell"":""Расчет!J32"",""source_formula"":""=((C32*D32)*E32)*0.000001""},""historical_unit_price"":{""status_codes"":[""static"",""historical_price""],""source_cell"":""Расчет!H32""},""historical_line_cost"":{""status_codes"":[""derived"",""historical_price""],""source_cell"":""Расчет!K32"",""source_formula"":""=J32*H32""}}",derived;static;historical_price,source-materials/Medvedev.Works.Calc.zip,Medvedev.Works.Calc/Примеры расчетов/Кукня_01.08.24.xls,Расчет,B32:P32,"{""B32"":""ЛДСП 16мм верхний полка"",""C32"":""580"",""D32"":""300"",""E32"":""6"",""F32"":""0"",""G32"":""0"",""H32"":""           2 650р. "",""I32"":""               -  р. "",""J32"":""1,04"",""K32"":""      2 766,60р. "",""L32"":""               -  р. "",""M32"":""               -  р. "",""N32"":""               -  р. "",""O32"":""               -  р. "",""P32"":""            2 766,60р. ""}",,
I-20240801-033E63C4877A6FED,P-2024-08-01,C-20240801-7958F2A2A13E54EB,ЛДСП 16мм верхний полка,Кромка — ЛДСП 16мм верхний полка,цена кромки,material,,,,,,,,м,m,,,,,,,,0,0,,,,,"{""historical_unit_price"":{""status_codes"":[""static"",""historical_price""],""source_cell"":""Расчет!I32""},""historical_line_cost"":{""status_codes"":[""derived"",""historical_price""],""source_cell"":""Данные!C29"",""source_formula"":""=((((Расчет!C32*Расчет!F32)+(Расчет!D32*Расчет!G32))*Расчет!E32)/1000)*Расчет!I32""}}",derived;static;historical_price,source-materials/Medvedev.Works.Calc.zip,Medvedev.Works.Calc/Примеры расчетов/Кукня_01.08.24.xls,Расчет,B32:P32,"{""B32"":""ЛДСП 16мм верхний полка"",""C32"":""580"",""D32"":""300"",""E32"":""6"",""F32"":""0"",""G32"":""0"",""H32"":""           2 650р. "",""I32"":""               -  р. "",""J32"":""1,04"",""K32"":""      2 766,60р. "",""L32"":""               -  р. "",""M32"":""               -  р. "",""N32"":""               -  р. "",""O32"":""               -  р. "",""P32"":""            2 766,60р. ""}",,
I-20240801-05621520CC55B4CC,P-2024-08-01,C-20240801-4B7CD5B2A18B9279,ЛДСП 16мм верхний полка,Работа по площади — ЛДСП 16мм верхний полка,работа с площадью,work,,,,,,,,м²,m2,,,,,1.044,,,0,0,,,,,"{""area_m2"":{""status_codes"":[""derived""],""source_cell"":""Расчет!J32"",""source_formula"":""=((C32*D32)*E32)*0.000001""},""historical_unit_price"":{""status_codes"":[""static"",""historical_price""],""source_cell"":""Расчет!L32""},""historical_line_cost"":{""status_codes"":[""derived"",""historical_price""],""source_cell"":""Расчет!M32"",""source_formula"":""=(C32*D32*E32*0.000001)*L32""}}",derived;static;historical_price,source-materials/Medvedev.Works.Calc.zip,Medvedev.Works.Calc/Примеры расчетов/Кукня_01.08.24.xls,Расчет,B32:P32,"{""B32"":""ЛДСП 16мм верхний полка"",""C32"":""580"",""D32"":""300"",""E32"":""6"",""F32"":""0"",""G32"":""0"",""H32"":""           2 650р. "",""I32"":""               -  р. "",""J32"":""1,04"",""K32"":""      2 766,60р. "",""L32"":""               -  р. "",""M32"":""               -  р. "",""N32"":""               -  р. "",""O32"":""               -  р. "",""P32"":""            2 766,60р. ""}",,
I-20240801-6AE185AADCAAA3BF,P-2024-08-01,C-20240801-4B7CD5B2A18B9279,ЛДСП 16мм верхний полка,Работа с кромкой — ЛДСП 16мм верхний полка,раб. с кр-ой,work,,,,,,,,м,m,,,,,,,,0,0,,,,,"{""historical_unit_price"":{""status_codes"":[""static"",""historical_price""],""source_cell"":""Расчет!N32""},""historical_line_cost"":{""status_codes"":[""derived"",""historical_price""],""source_cell"":""Расчет!O32"",""source_formula"":""=((C32*E32*F32*0.001)+(D32*E32*G32*0.001))*N32""}}",derived;static;historical_price,source-materials/Medvedev.Works.Calc.zip,Medvedev.Works.Calc/Примеры расчетов/Кукня_01.08.24.xls,Расчет,B32:P32,"{""B32"":""ЛДСП 16мм верхний полка"",""C32"":""580"",""D32"":""300"",""E32"":""6"",""F32"":""0"",""G32"":""0"",""H32"":""           2 650р. "",""I32"":""               -  р. "",""J32"":""1,04"",""K32"":""      2 766,60р. "",""L32"":""               -  р. "",""M32"":""               -  р. "",""N32"":""               -  р. "",""O32"":""               -  р. "",""P32"":""            2 766,60р. ""}",,
I-20240801-3569945BA1E2144A,P-2024-08-01,,ЛДСП 16мм верхний полка,Стоимость детали — ЛДСП 16мм верхний полка,стоимость детали,subtotal,,,,,,,,р.,currency,,,,,,,,,2766.6,,,,,"{""historical_line_cost"":{""status_codes"":[""derived"",""historical_price""],""source_cell"":""Расчет!P32"",""source_formula"":""=IF($K$2=0,(((C32*D32*E32*0.000001*H32)+(C32*E32*F32*0.001*I32)+(D32*E32*G32*0.001*I32)+M32+O32)*$J$2),(((C32*D32*E32*0.000001*H32)+(C32*E32*F32*0.001*I32)+(D32*E32*G32*0.001*I32)+M32+O32)*$J$2)/$K$2)""}}",derived;historical_price,source-materials/Medvedev.Works.Calc.zip,Medvedev.Works.Calc/Примеры расчетов/Кукня_01.08.24.xls,Расчет,B32:P32,"{""B32"":""ЛДСП 16мм верхний полка"",""C32"":""580"",""D32"":""300"",""E32"":""6"",""F32"":""0"",""G32"":""0"",""H32"":""           2 650р. "",""I32"":""               -  р. "",""J32"":""1,04"",""K32"":""      2 766,60р. "",""L32"":""               -  р. "",""M32"":""               -  р. "",""N32"":""               -  р. "",""O32"":""               -  р. "",""P32"":""            2 766,60р. ""}",,
I-20240801-8DCD07B4401E1F4A,P-2024-08-01,C-20240801-7958F2A2A13E54EB,ЛДСП 16мм верхний полка,Материал — ЛДСП 16мм верхний полка,цена материала,material,,,,,,,,м²,m2,,,,,0.4278,,,2650,1133.67,,,,,"{""area_m2"":{""status_codes"":[""derived""],""source_cell"":""Расчет!J33"",""source_formula"":""=((C33*D33)*E33)*0.000001""},""historical_unit_price"":{""status_codes"":[""static"",""historical_price""],""source_cell"":""Расчет!H33""},""historical_line_cost"":{""status_codes"":[""derived"",""historical_price""],""source_cell"":""Расчет!K33"",""source_formula"":""=J33*H33""}}",derived;static;historical_price,source-materials/Medvedev.Works.Calc.zip,Medvedev.Works.Calc/Примеры расчетов/Кукня_01.08.24.xls,Расчет,B33:P33,"{""B33"":""ЛДСП 16мм верхний полка"",""C33"":""713"",""D33"":""300"",""E33"":""2"",""F33"":""0"",""G33"":""0"",""H33"":""           2 650р. "",""I33"":""               -  р. "",""J33"":""0,43"",""K33"":""      1 133,67р. "",""L33"":""               -  р. "",""M33"":""               -  р. "",""N33"":""               -  р. "",""O33"":""               -  р. "",""P33"":""            1 133,67р. ""}",,
I-20240801-9636E5557A1157B7,P-2024-08-01,C-20240801-7958F2A2A13E54EB,ЛДСП 16мм верхний полка,Кромка — ЛДСП 16мм верхний полка,цена кромки,material,,,,,,,,м,m,,,,,,,,0,0,,,,,"{""historical_unit_price"":{""status_codes"":[""static"",""historical_price""],""source_cell"":""Расчет!I33""},""historical_line_cost"":{""status_codes"":[""derived"",""historical_price""],""source_cell"":""Данные!C30"",""source_formula"":""=((((Расчет!C33*Расчет!F33)+(Расчет!D33*Расчет!G33))*Расчет!E33)/1000)*Расчет!I33""}}",derived;static;historical_price,source-materials/Medvedev.Works.Calc.zip,Medvedev.Works.Calc/Примеры расчетов/Кукня_01.08.24.xls,Расчет,B33:P33,"{""B33"":""ЛДСП 16мм верхний полка"",""C33"":""713"",""D33"":""300"",""E33"":""2"",""F33"":""0"",""G33"":""0"",""H33"":""           2 650р. "",""I33"":""               -  р. "",""J33"":""0,43"",""K33"":""      1 133,67р. "",""L33"":""               -  р. "",""M33"":""               -  р. "",""N33"":""               -  р. "",""O33"":""               -  р. "",""P33"":""            1 133,67р. ""}",,
I-20240801-7C5F7CE2BB6532A5,P-2024-08-01,C-20240801-4B7CD5B2A18B9279,ЛДСП 16мм верхний полка,Работа по площади — ЛДСП 16мм верхний полка,работа с площадью,work,,,,,,,,м²,m2,,,,,0.4278,,,0,0,,,,,"{""area_m2"":{""status_codes"":[""derived""],""source_cell"":""Расчет!J33"",""source_formula"":""=((C33*D33)*E33)*0.000001""},""historical_unit_price"":{""status_codes"":[""static"",""historical_price""],""source_cell"":""Расчет!L33""},""historical_line_cost"":{""status_codes"":[""derived"",""historical_price""],""source_cell"":""Расчет!M33"",""source_formula"":""=(C33*D33*E33*0.000001)*L33""}}",derived;static;historical_price,source-materials/Medvedev.Works.Calc.zip,Medvedev.Works.Calc/Примеры расчетов/Кукня_01.08.24.xls,Расчет,B33:P33,"{""B33"":""ЛДСП 16мм верхний полка"",""C33"":""713"",""D33"":""300"",""E33"":""2"",""F33"":""0"",""G33"":""0"",""H33"":""           2 650р. "",""I33"":""               -  р. "",""J33"":""0,43"",""K33"":""      1 133,67р. "",""L33"":""               -  р. "",""M33"":""               -  р. "",""N33"":""               -  р. "",""O33"":""               -  р. "",""P33"":""            1 133,67р. ""}",,
I-20240801-47CEF80DC463CD95,P-2024-08-01,C-20240801-4B7CD5B2A18B9279,ЛДСП 16мм верхний полка,Работа с кромкой — ЛДСП 16мм верхний полка,раб. с кр-ой,work,,,,,,,,м,m,,,,,,,,0,0,,,,,"{""historical_unit_price"":{""status_codes"":[""static"",""historical_price""],""source_cell"":""Расчет!N33""},""historical_line_cost"":{""status_codes"":[""derived"",""historical_price""],""source_cell"":""Расчет!O33"",""source_formula"":""=((C33*E33*F33*0.001)+(D33*E33*G33*0.001))*N33""}}",derived;static;historical_price,source-materials/Medvedev.Works.Calc.zip,Medvedev.Works.Calc/Примеры расчетов/Кукня_01.08.24.xls,Расчет,B33:P33,"{""B33"":""ЛДСП 16мм верхний полка"",""C33"":""713"",""D33"":""300"",""E33"":""2"",""F33"":""0"",""G33"":""0"",""H33"":""           2 650р. "",""I33"":""               -  р. "",""J33"":""0,43"",""K33"":""      1 133,67р. "",""L33"":""               -  р. "",""M33"":""               -  р. "",""N33"":""               -  р. "",""O33"":""               -  р. "",""P33"":""            1 133,67р. ""}",,
I-20240801-6D36B79C6574545D,P-2024-08-01,,ЛДСП 16мм верхний полка,Стоимость детали — ЛДСП 16мм верхний полка,стоимость детали,subtotal,,,,,,,,р.,currency,,,,,,,,,1133.67,,,,,"{""historical_line_cost"":{""status_codes"":[""derived"",""historical_price""],""source_cell"":""Расчет!P33"",""source_formula"":""=IF($K$2=0,(((C33*D33*E33*0.000001*H33)+(C33*E33*F33*0.001*I33)+(D33*E33*G33*0.001*I33)+M33+O33)*$J$2),(((C33*D33*E33*0.000001*H33)+(C33*E33*F33*0.001*I33)+(D33*E33*G33*0.001*I33)+M33+O33)*$J$2)/$K$2)""}}",derived;historical_price,source-materials/Medvedev.Works.Calc.zip,Medvedev.Works.Calc/Примеры расчетов/Кукня_01.08.24.xls,Расчет,B33:P33,"{""B33"":""ЛДСП 16мм верхний полка"",""C33"":""713"",""D33"":""300"",""E33"":""2"",""F33"":""0"",""G33"":""0"",""H33"":""           2 650р. "",""I33"":""               -  р. "",""J33"":""0,43"",""K33"":""      1 133,67р. "",""L33"":""               -  р. "",""M33"":""               -  р. "",""N33"":""               -  р. "",""O33"":""               -  р. "",""P33"":""            1 133,67р. ""}",,
I-20240801-009B5BA60C93F0C6,P-2024-08-01,C-20240801-7958F2A2A13E54EB,ЛДСП 16мм верхний стоеевая,Материал — ЛДСП 16мм верхний стоеевая,цена материала,material,,,,,,,,м²,m2,,,,,2.41056,,,2650,6387.984,,,,,"{""area_m2"":{""status_codes"":[""derived""],""source_cell"":""Расчет!J34"",""source_formula"":""=((C34*D34)*E34)*0.000001""},""historical_unit_price"":{""status_codes"":[""static"",""historical_price""],""source_cell"":""Расчет!H34""},""historical_line_cost"":{""status_codes"":[""derived"",""historical_price""],""source_cell"":""Расчет!K34"",""source_formula"":""=J34*H34""}}",derived;static;historical_price,source-materials/Medvedev.Works.Calc.zip,Medvedev.Works.Calc/Примеры расчетов/Кукня_01.08.24.xls,Расчет,B34:P34,"{""B34"":""ЛДСП 16мм верхний стоеевая"",""C34"":""930"",""D34"":""324"",""E34"":""8"",""F34"":""0"",""G34"":""0"",""H34"":""           2 650р. "",""I34"":""               -  р. "",""J34"":""2,41"",""K34"":""      6 387,98р. "",""L34"":""               -  р. "",""M34"":""               -  р. "",""N34"":""               -  р. "",""O34"":""               -  р. "",""P34"":""            6 387,98р. ""}",,
I-20240801-844F218B5891EB41,P-2024-08-01,C-20240801-7958F2A2A13E54EB,ЛДСП 16мм верхний стоеевая,Кромка — ЛДСП 16мм верхний стоеевая,цена кромки,material,,,,,,,,м,m,,,,,,,,0,0,,,,,"{""historical_unit_price"":{""status_codes"":[""static"",""historical_price""],""source_cell"":""Расчет!I34""},""historical_line_cost"":{""status_codes"":[""derived"",""historical_price""],""source_cell"":""Данные!C31"",""source_formula"":""=((((Расчет!C34*Расчет!F34)+(Расчет!D34*Расчет!G34))*Расчет!E34)/1000)*Расчет!I34""}}",derived;static;historical_price,source-materials/Medvedev.Works.Calc.zip,Medvedev.Works.Calc/Примеры расчетов/Кукня_01.08.24.xls,Расчет,B34:P34,"{""B34"":""ЛДСП 16мм верхний стоеевая"",""C34"":""930"",""D34"":""324"",""E34"":""8"",""F34"":""0"",""G34"":""0"",""H34"":""           2 650р. "",""I34"":""               -  р. "",""J34"":""2,41"",""K34"":""      6 387,98р. "",""L34"":""               -  р. "",""M34"":""               -  р. "",""N34"":""               -  р. "",""O34"":""               -  р. "",""P34"":""            6 387,98р. ""}",,
I-20240801-12CFB41BF2B9D259,P-2024-08-01,C-20240801-4B7CD5B2A18B9279,ЛДСП 16мм верхний стоеевая,Работа по площади — ЛДСП 16мм верхний стоеевая,работа с площадью,work,,,,,,,,м²,m2,,,,,2.41056,,,0,0,,,,,"{""area_m2"":{""status_codes"":[""derived""],""source_cell"":""Расчет!J34"",""source_formula"":""=((C34*D34)*E34)*0.000001""},""historical_unit_price"":{""status_codes"":[""static"",""historical_price""],""source_cell"":""Расчет!L34""},""historical_line_cost"":{""status_codes"":[""derived"",""historical_price""],""source_cell"":""Расчет!M34"",""source_formula"":""=(C34*D34*E34*0.000001)*L34""}}",derived;static;historical_price,source-materials/Medvedev.Works.Calc.zip,Medvedev.Works.Calc/Примеры расчетов/Кукня_01.08.24.xls,Расчет,B34:P34,"{""B34"":""ЛДСП 16мм верхний стоеевая"",""C34"":""930"",""D34"":""324"",""E34"":""8"",""F34"":""0"",""G34"":""0"",""H34"":""           2 650р. "",""I34"":""               -  р. "",""J34"":""2,41"",""K34"":""      6 387,98р. "",""L34"":""               -  р. "",""M34"":""               -  р. "",""N34"":""               -  р. "",""O34"":""               -  р. "",""P34"":""            6 387,98р. ""}",,
I-20240801-C52017BE64C59E8D,P-2024-08-01,C-20240801-4B7CD5B2A18B9279,ЛДСП 16мм верхний стоеевая,Работа с кромкой — ЛДСП 16мм верхний стоеевая,раб. с кр-ой,work,,,,,,,,м,m,,,,,,,,0,0,,,,,"{""historical_unit_price"":{""status_codes"":[""static"",""historical_price""],""source_cell"":""Расчет!N34""},""historical_line_cost"":{""status_codes"":[""derived"",""historical_price""],""source_cell"":""Расчет!O34"",""source_formula"":""=((C34*E34*F34*0.001)+(D34*E34*G34*0.001))*N34""}}",derived;static;historical_price,source-materials/Medvedev.Works.Calc.zip,Medvedev.Works.Calc/Примеры расчетов/Кукня_01.08.24.xls,Расчет,B34:P34,"{""B34"":""ЛДСП 16мм верхний стоеевая"",""C34"":""930"",""D34"":""324"",""E34"":""8"",""F34"":""0"",""G34"":""0"",""H34"":""           2 650р. "",""I34"":""               -  р. "",""J34"":""2,41"",""K34"":""      6 387,98р. "",""L34"":""               -  р. "",""M34"":""               -  р. "",""N34"":""               -  р. "",""O34"":""               -  р. "",""P34"":""            6 387,98р. ""}",,
I-20240801-79AC2849E4F8332A,P-2024-08-01,,ЛДСП 16мм верхний стоеевая,Стоимость детали — ЛДСП 16мм верхний стоеевая,стоимость детали,subtotal,,,,,,,,р.,currency,,,,,,,,,6387.984,,,,,"{""historical_line_cost"":{""status_codes"":[""derived"",""historical_price""],""source_cell"":""Расчет!P34"",""source_formula"":""=IF($K$2=0,(((C34*D34*E34*0.000001*H34)+(C34*E34*F34*0.001*I34)+(D34*E34*G34*0.001*I34)+M34+O34)*$J$2),(((C34*D34*E34*0.000001*H34)+(C34*E34*F34*0.001*I34)+(D34*E34*G34*0.001*I34)+M34+O34)*$J$2)/$K$2)""}}",derived;historical_price,source-materials/Medvedev.Works.Calc.zip,Medvedev.Works.Calc/Примеры расчетов/Кукня_01.08.24.xls,Расчет,B34:P34,"{""B34"":""ЛДСП 16мм верхний стоеевая"",""C34"":""930"",""D34"":""324"",""E34"":""8"",""F34"":""0"",""G34"":""0"",""H34"":""           2 650р. "",""I34"":""               -  р. "",""J34"":""2,41"",""K34"":""      6 387,98р. "",""L34"":""               -  р. "",""M34"":""               -  р. "",""N34"":""               -  р. "",""O34"":""               -  р. "",""P34"":""            6 387,98р. ""}",,
I-20240801-B7E22A942BF5BB63,P-2024-08-01,C-20240801-7958F2A2A13E54EB,ЛДСП 16мм верхний стяжка,Материал — ЛДСП 16мм верхний стяжка,цена материала,material,,,,,,,,м²,m2,,,,,1.12752,,,2650,2987.928,,,,,"{""area_m2"":{""status_codes"":[""derived""],""source_cell"":""Расчет!J35"",""source_formula"":""=((C35*D35)*E35)*0.000001""},""historical_unit_price"":{""status_codes"":[""static"",""historical_price""],""source_cell"":""Расчет!H35""},""historical_line_cost"":{""status_codes"":[""derived"",""historical_price""],""source_cell"":""Расчет!K35"",""source_formula"":""=J35*H35""}}",derived;static;historical_price,source-materials/Medvedev.Works.Calc.zip,Medvedev.Works.Calc/Примеры расчетов/Кукня_01.08.24.xls,Расчет,B35:P35,"{""B35"":""ЛДСП 16мм верхний стяжка"",""C35"":""580"",""D35"":""324"",""E35"":""6"",""F35"":""0"",""G35"":""0"",""H35"":""           2 650р. "",""I35"":""               -  р. "",""J35"":""1,13"",""K35"":""      2 987,93р. "",""L35"":""               -  р. "",""M35"":""               -  р. "",""N35"":""               -  р. "",""O35"":""               -  р. "",""P35"":""            2 987,93р. ""}",,
I-20240801-6C4FA41DFA279932,P-2024-08-01,C-20240801-7958F2A2A13E54EB,ЛДСП 16мм верхний стяжка,Кромка — ЛДСП 16мм верхний стяжка,цена кромки,material,,,,,,,,м,m,,,,,,,,0,0,,,,,"{""historical_unit_price"":{""status_codes"":[""static"",""historical_price""],""source_cell"":""Расчет!I35""},""historical_line_cost"":{""status_codes"":[""derived"",""historical_price""],""source_cell"":""Данные!C32"",""source_formula"":""=((((Расчет!C35*Расчет!F35)+(Расчет!D35*Расчет!G35))*Расчет!E35)/1000)*Расчет!I35""}}",derived;static;historical_price,source-materials/Medvedev.Works.Calc.zip,Medvedev.Works.Calc/Примеры расчетов/Кукня_01.08.24.xls,Расчет,B35:P35,"{""B35"":""ЛДСП 16мм верхний стяжка"",""C35"":""580"",""D35"":""324"",""E35"":""6"",""F35"":""0"",""G35"":""0"",""H35"":""           2 650р. "",""I35"":""               -  р. "",""J35"":""1,13"",""K35"":""      2 987,93р. "",""L35"":""               -  р. "",""M35"":""               -  р. "",""N35"":""               -  р. "",""O35"":""               -  р. "",""P35"":""            2 987,93р. ""}",,
I-20240801-25F4B8E1B43D1B85,P-2024-08-01,C-20240801-4B7CD5B2A18B9279,ЛДСП 16мм верхний стяжка,Работа по площади — ЛДСП 16мм верхний стяжка,работа с площадью,work,,,,,,,,м²,m2,,,,,1.12752,,,0,0,,,,,"{""area_m2"":{""status_codes"":[""derived""],""source_cell"":""Расчет!J35"",""source_formula"":""=((C35*D35)*E35)*0.000001""},""historical_unit_price"":{""status_codes"":[""static"",""historical_price""],""source_cell"":""Расчет!L35""},""historical_line_cost"":{""status_codes"":[""derived"",""historical_price""],""source_cell"":""Расчет!M35"",""source_formula"":""=(C35*D35*E35*0.000001)*L35""}}",derived;static;historical_price,source-materials/Medvedev.Works.Calc.zip,Medvedev.Works.Calc/Примеры расчетов/Кукня_01.08.24.xls,Расчет,B35:P35,"{""B35"":""ЛДСП 16мм верхний стяжка"",""C35"":""580"",""D35"":""324"",""E35"":""6"",""F35"":""0"",""G35"":""0"",""H35"":""           2 650р. "",""I35"":""               -  р. "",""J35"":""1,13"",""K35"":""      2 987,93р. "",""L35"":""               -  р. "",""M35"":""               -  р. "",""N35"":""               -  р. "",""O35"":""               -  р. "",""P35"":""            2 987,93р. ""}",,
I-20240801-4AFC963F5EB36B2C,P-2024-08-01,C-20240801-4B7CD5B2A18B9279,ЛДСП 16мм верхний стяжка,Работа с кромкой — ЛДСП 16мм верхний стяжка,раб. с кр-ой,work,,,,,,,,м,m,,,,,,,,0,0,,,,,"{""historical_unit_price"":{""status_codes"":[""static"",""historical_price""],""source_cell"":""Расчет!N35""},""historical_line_cost"":{""status_codes"":[""derived"",""historical_price""],""source_cell"":""Расчет!O35"",""source_formula"":""=((C35*E35*F35*0.001)+(D35*E35*G35*0.001))*N35""}}",derived;static;historical_price,source-materials/Medvedev.Works.Calc.zip,Medvedev.Works.Calc/Примеры расчетов/Кукня_01.08.24.xls,Расчет,B35:P35,"{""B35"":""ЛДСП 16мм верхний стяжка"",""C35"":""580"",""D35"":""324"",""E35"":""6"",""F35"":""0"",""G35"":""0"",""H35"":""           2 650р. "",""I35"":""               -  р. "",""J35"":""1,13"",""K35"":""      2 987,93р. "",""L35"":""               -  р. "",""M35"":""               -  р. "",""N35"":""               -  р. "",""O35"":""               -  р. "",""P35"":""            2 987,93р. ""}",,
I-20240801-57BBA4E1BBFC19F0,P-2024-08-01,,ЛДСП 16мм верхний стяжка,Стоимость детали — ЛДСП 16мм верхний стяжка,стоимость детали,subtotal,,,,,,,,р.,currency,,,,,,,,,2987.928,,,,,"{""historical_line_cost"":{""status_codes"":[""derived"",""historical_price""],""source_cell"":""Расчет!P35"",""source_formula"":""=IF($K$2=0,(((C35*D35*E35*0.000001*H35)+(C35*E35*F35*0.001*I35)+(D35*E35*G35*0.001*I35)+M35+O35)*$J$2),(((C35*D35*E35*0.000001*H35)+(C35*E35*F35*0.001*I35)+(D35*E35*G35*0.001*I35)+M35+O35)*$J$2)/$K$2)""}}",derived;historical_price,source-materials/Medvedev.Works.Calc.zip,Medvedev.Works.Calc/Примеры расчетов/Кукня_01.08.24.xls,Расчет,B35:P35,"{""B35"":""ЛДСП 16мм верхний стяжка"",""C35"":""580"",""D35"":""324"",""E35"":""6"",""F35"":""0"",""G35"":""0"",""H35"":""           2 650р. "",""I35"":""               -  р. "",""J35"":""1,13"",""K35"":""      2 987,93р. "",""L35"":""               -  р. "",""M35"":""               -  р. "",""N35"":""               -  р. "",""O35"":""               -  р. "",""P35"":""            2 987,93р. ""}",,
I-20240801-36B997D2655A42B0,P-2024-08-01,C-20240801-7958F2A2A13E54EB,ЛДСП 16мм верхний стяжка,Материал — ЛДСП 16мм верхний стяжка,цена материала,material,,,,,,,,м²,m2,,,,,0.462024,,,2650,1224.3636,,,,,"{""area_m2"":{""status_codes"":[""derived""],""source_cell"":""Расчет!J36"",""source_formula"":""=((C36*D36)*E36)*0.000001""},""historical_unit_price"":{""status_codes"":[""static"",""historical_price""],""source_cell"":""Расчет!H36""},""historical_line_cost"":{""status_codes"":[""derived"",""historical_price""],""source_cell"":""Расчет!K36"",""source_formula"":""=J36*H36""}}",derived;static;historical_price,source-materials/Medvedev.Works.Calc.zip,Medvedev.Works.Calc/Примеры расчетов/Кукня_01.08.24.xls,Расчет,B36:P36,"{""B36"":""ЛДСП 16мм верхний стяжка"",""C36"":""713"",""D36"":""324"",""E36"":""2"",""F36"":""0"",""G36"":""0"",""H36"":""           2 650р. "",""I36"":""               -  р. "",""J36"":""0,46"",""K36"":""      1 224,36р. "",""L36"":""               -  р. "",""M36"":""               -  р. "",""N36"":""               -  р. "",""O36"":""               -  р. "",""P36"":""            1 224,36р. ""}",,
I-20240801-133A3860476EF4DF,P-2024-08-01,C-20240801-7958F2A2A13E54EB,ЛДСП 16мм верхний стяжка,Кромка — ЛДСП 16мм верхний стяжка,цена кромки,material,,,,,,,,м,m,,,,,,,,0,0,,,,,"{""historical_unit_price"":{""status_codes"":[""static"",""historical_price""],""source_cell"":""Расчет!I36""},""historical_line_cost"":{""status_codes"":[""derived"",""historical_price""],""source_cell"":""Данные!C33"",""source_formula"":""=((((Расчет!C36*Расчет!F36)+(Расчет!D36*Расчет!G36))*Расчет!E36)/1000)*Расчет!I36""}}",derived;static;historical_price,source-materials/Medvedev.Works.Calc.zip,Medvedev.Works.Calc/Примеры расчетов/Кукня_01.08.24.xls,Расчет,B36:P36,"{""B36"":""ЛДСП 16мм верхний стяжка"",""C36"":""713"",""D36"":""324"",""E36"":""2"",""F36"":""0"",""G36"":""0"",""H36"":""           2 650р. "",""I36"":""               -  р. "",""J36"":""0,46"",""K36"":""      1 224,36р. "",""L36"":""               -  р. "",""M36"":""               -  р. "",""N36"":""               -  р. "",""O36"":""               -  р. "",""P36"":""            1 224,36р. ""}",,
I-20240801-B570F8FDAD5EF7D4,P-2024-08-01,C-20240801-4B7CD5B2A18B9279,ЛДСП 16мм верхний стяжка,Работа по площади — ЛДСП 16мм верхний стяжка,работа с площадью,work,,,,,,,,м²,m2,,,,,0.462024,,,0,0,,,,,"{""area_m2"":{""status_codes"":[""derived""],""source_cell"":""Расчет!J36"",""source_formula"":""=((C36*D36)*E36)*0.000001""},""historical_unit_price"":{""status_codes"":[""static"",""historical_price""],""source_cell"":""Расчет!L36""},""historical_line_cost"":{""status_codes"":[""derived"",""historical_price""],""source_cell"":""Расчет!M36"",""source_formula"":""=(C36*D36*E36*0.000001)*L36""}}",derived;static;historical_price,source-materials/Medvedev.Works.Calc.zip,Medvedev.Works.Calc/Примеры расчетов/Кукня_01.08.24.xls,Расчет,B36:P36,"{""B36"":""ЛДСП 16мм верхний стяжка"",""C36"":""713"",""D36"":""324"",""E36"":""2"",""F36"":""0"",""G36"":""0"",""H36"":""           2 650р. "",""I36"":""               -  р. "",""J36"":""0,46"",""K36"":""      1 224,36р. "",""L36"":""               -  р. "",""M36"":""               -  р. "",""N36"":""               -  р. "",""O36"":""               -  р. "",""P36"":""            1 224,36р. ""}",,
I-20240801-5E1B6AEC0430D52B,P-2024-08-01,C-20240801-4B7CD5B2A18B9279,ЛДСП 16мм верхний стяжка,Работа с кромкой — ЛДСП 16мм верхний стяжка,раб. с кр-ой,work,,,,,,,,м,m,,,,,,,,0,0,,,,,"{""historical_unit_price"":{""status_codes"":[""static"",""historical_price""],""source_cell"":""Расчет!N36""},""historical_line_cost"":{""status_codes"":[""derived"",""historical_price""],""source_cell"":""Расчет!O36"",""source_formula"":""=((C36*E36*F36*0.001)+(D36*E36*G36*0.001))*N36""}}",derived;static;historical_price,source-materials/Medvedev.Works.Calc.zip,Medvedev.Works.Calc/Примеры расчетов/Кукня_01.08.24.xls,Расчет,B36:P36,"{""B36"":""ЛДСП 16мм верхний стяжка"",""C36"":""713"",""D36"":""324"",""E36"":""2"",""F36"":""0"",""G36"":""0"",""H36"":""           2 650р. "",""I36"":""               -  р. "",""J36"":""0,46"",""K36"":""      1 224,36р. "",""L36"":""               -  р. "",""M36"":""               -  р. "",""N36"":""               -  р. "",""O36"":""               -  р. "",""P36"":""            1 224,36р. ""}",,
I-20240801-E5CE54C381EB0C67,P-2024-08-01,,ЛДСП 16мм верхний стяжка,Стоимость детали — ЛДСП 16мм верхний стяжка,стоимость детали,subtotal,,,,,,,,р.,currency,,,,,,,,,1224.3636,,,,,"{""historical_line_cost"":{""status_codes"":[""derived"",""historical_price""],""source_cell"":""Расчет!P36"",""source_formula"":""=IF($K$2=0,(((C36*D36*E36*0.000001*H36)+(C36*E36*F36*0.001*I36)+(D36*E36*G36*0.001*I36)+M36+O36)*$J$2),(((C36*D36*E36*0.000001*H36)+(C36*E36*F36*0.001*I36)+(D36*E36*G36*0.001*I36)+M36+O36)*$J$2)/$K$2)""}}",derived;historical_price,source-materials/Medvedev.Works.Calc.zip,Medvedev.Works.Calc/Примеры расчетов/Кукня_01.08.24.xls,Расчет,B36:P36,"{""B36"":""ЛДСП 16мм верхний стяжка"",""C36"":""713"",""D36"":""324"",""E36"":""2"",""F36"":""0"",""G36"":""0"",""H36"":""           2 650р. "",""I36"":""               -  р. "",""J36"":""0,46"",""K36"":""      1 224,36р. "",""L36"":""               -  р. "",""M36"":""               -  р. "",""N36"":""               -  р. "",""O36"":""               -  р. "",""P36"":""            1 224,36р. ""}",,
I-20240801-0AF6F19965A646F3,P-2024-08-01,C-20240801-7958F2A2A13E54EB,ЛДСП 16мм корпус дно,Материал — ЛДСП 16мм корпус дно,цена материала,material,,,,,,,,м²,m2,,,,,1.542,,,2650,4086.3,,,,,"{""area_m2"":{""status_codes"":[""derived""],""source_cell"":""Расчет!J37"",""source_formula"":""=((C37*D37)*E37)*0.000001""},""historical_unit_price"":{""status_codes"":[""static"",""historical_price""],""source_cell"":""Расчет!H37""},""historical_line_cost"":{""status_codes"":[""derived"",""historical_price""],""source_cell"":""Расчет!K37"",""source_formula"":""=J37*H37""}}",derived;static;historical_price,source-materials/Medvedev.Works.Calc.zip,Medvedev.Works.Calc/Примеры расчетов/Кукня_01.08.24.xls,Расчет,B37:P37,"{""B37"":""ЛДСП 16мм корпус дно"",""C37"":""600"",""D37"":""514"",""E37"":""5"",""F37"":""0"",""G37"":""0"",""H37"":""           2 650р. "",""I37"":""               -  р. "",""J37"":""1,54"",""K37"":""      4 086,30р. "",""L37"":""               -  р. "",""M37"":""               -  р. "",""N37"":""               -  р. "",""O37"":""               -  р. "",""P37"":""            4 086,30р. ""}",,
I-20240801-1E740F9A58F23A62,P-2024-08-01,C-20240801-7958F2A2A13E54EB,ЛДСП 16мм корпус дно,Кромка — ЛДСП 16мм корпус дно,цена кромки,material,,,,,,,,м,m,,,,,,,,0,0,,,,,"{""historical_unit_price"":{""status_codes"":[""static"",""historical_price""],""source_cell"":""Расчет!I37""},""historical_line_cost"":{""status_codes"":[""derived"",""historical_price""],""source_cell"":""Данные!C34"",""source_formula"":""=((((Расчет!C37*Расчет!F37)+(Расчет!D37*Расчет!G37))*Расчет!E37)/1000)*Расчет!I37""}}",derived;static;historical_price,source-materials/Medvedev.Works.Calc.zip,Medvedev.Works.Calc/Примеры расчетов/Кукня_01.08.24.xls,Расчет,B37:P37,"{""B37"":""ЛДСП 16мм корпус дно"",""C37"":""600"",""D37"":""514"",""E37"":""5"",""F37"":""0"",""G37"":""0"",""H37"":""           2 650р. "",""I37"":""               -  р. "",""J37"":""1,54"",""K37"":""      4 086,30р. "",""L37"":""               -  р. "",""M37"":""               -  р. "",""N37"":""               -  р. "",""O37"":""               -  р. "",""P37"":""            4 086,30р. ""}",,
I-20240801-21AEFE66347F9978,P-2024-08-01,C-20240801-4B7CD5B2A18B9279,ЛДСП 16мм корпус дно,Работа по площади — ЛДСП 16мм корпус дно,работа с площадью,work,,,,,,,,м²,m2,,,,,1.542,,,0,0,,,,,"{""area_m2"":{""status_codes"":[""derived""],""source_cell"":""Расчет!J37"",""source_formula"":""=((C37*D37)*E37)*0.000001""},""historical_unit_price"":{""status_codes"":[""static"",""historical_price""],""source_cell"":""Расчет!L37""},""historical_line_cost"":{""status_codes"":[""derived"",""historical_price""],""source_cell"":""Расчет!M37"",""source_formula"":""=(C37*D37*E37*0.000001)*L37""}}",derived;static;historical_price,source-materials/Medvedev.Works.Calc.zip,Medvedev.Works.Calc/Примеры расчетов/Кукня_01.08.24.xls,Расчет,B37:P37,"{""B37"":""ЛДСП 16мм корпус дно"",""C37"":""600"",""D37"":""514"",""E37"":""5"",""F37"":""0"",""G37"":""0"",""H37"":""           2 650р. "",""I37"":""               -  р. "",""J37"":""1,54"",""K37"":""      4 086,30р. "",""L37"":""               -  р. "",""M37"":""               -  р. "",""N37"":""               -  р. "",""O37"":""               -  р. "",""P37"":""            4 086,30р. ""}",,
I-20240801-E03EC4D74DC7CAE8,P-2024-08-01,C-20240801-4B7CD5B2A18B9279,ЛДСП 16мм корпус дно,Работа с кромкой — ЛДСП 16мм корпус дно,раб. с кр-ой,work,,,,,,,,м,m,,,,,,,,0,0,,,,,"{""historical_unit_price"":{""status_codes"":[""static"",""historical_price""],""source_cell"":""Расчет!N37""},""historical_line_cost"":{""status_codes"":[""derived"",""historical_price""],""source_cell"":""Расчет!O37"",""source_formula"":""=((C37*E37*F37*0.001)+(D37*E37*G37*0.001))*N37""}}",derived;static;historical_price,source-materials/Medvedev.Works.Calc.zip,Medvedev.Works.Calc/Примеры расчетов/Кукня_01.08.24.xls,Расчет,B37:P37,"{""B37"":""ЛДСП 16мм корпус дно"",""C37"":""600"",""D37"":""514"",""E37"":""5"",""F37"":""0"",""G37"":""0"",""H37"":""           2 650р. "",""I37"":""               -  р. "",""J37"":""1,54"",""K37"":""      4 086,30р. "",""L37"":""               -  р. "",""M37"":""               -  р. "",""N37"":""               -  р. "",""O37"":""               -  р. "",""P37"":""            4 086,30р. ""}",,
I-20240801-C625CB36654B75EB,P-2024-08-01,,ЛДСП 16мм корпус дно,Стоимость детали — ЛДСП 16мм корпус дно,стоимость детали,subtotal,,,,,,,,р.,currency,,,,,,,,,4086.3,,,,,"{""historical_line_cost"":{""status_codes"":[""derived"",""historical_price""],""source_cell"":""Расчет!P37"",""source_formula"":""=IF($K$2=0,(((C37*D37*E37*0.000001*H37)+(C37*E37*F37*0.001*I37)+(D37*E37*G37*0.001*I37)+M37+O37)*$J$2),(((C37*D37*E37*0.000001*H37)+(C37*E37*F37*0.001*I37)+(D37*E37*G37*0.001*I37)+M37+O37)*$J$2)/$K$2)""}}",derived;historical_price,source-materials/Medvedev.Works.Calc.zip,Medvedev.Works.Calc/Примеры расчетов/Кукня_01.08.24.xls,Расчет,B37:P37,"{""B37"":""ЛДСП 16мм корпус дно"",""C37"":""600"",""D37"":""514"",""E37"":""5"",""F37"":""0"",""G37"":""0"",""H37"":""           2 650р. "",""I37"":""               -  р. "",""J37"":""1,54"",""K37"":""      4 086,30р. "",""L37"":""               -  р. "",""M37"":""               -  р. "",""N37"":""               -  р. "",""O37"":""               -  р. "",""P37"":""            4 086,30р. ""}",,
I-20240801-31B3E91B56AC24A1,P-2024-08-01,C-20240801-7958F2A2A13E54EB,ЛДСП 16мм корпус дно,Материал — ЛДСП 16мм корпус дно,цена материала,material,,,,,,,,м²,m2,,,,,0.3598,,,2650,953.47,,,,,"{""area_m2"":{""status_codes"":[""derived""],""source_cell"":""Расчет!J38"",""source_formula"":""=((C38*D38)*E38)*0.000001""},""historical_unit_price"":{""status_codes"":[""static"",""historical_price""],""source_cell"":""Расчет!H38""},""historical_line_cost"":{""status_codes"":[""derived"",""historical_price""],""source_cell"":""Расчет!K38"",""source_formula"":""=J38*H38""}}",derived;static;historical_price,source-materials/Medvedev.Works.Calc.zip,Medvedev.Works.Calc/Примеры расчетов/Кукня_01.08.24.xls,Расчет,B38:P38,"{""B38"":""ЛДСП 16мм корпус дно"",""C38"":""700"",""D38"":""514"",""E38"":""1"",""F38"":""0"",""G38"":""0"",""H38"":""           2 650р. "",""I38"":""               -  р. "",""J38"":""0,36"",""K38"":""         953,47р. "",""L38"":""               -  р. "",""M38"":""               -  р. "",""N38"":""               -  р. "",""O38"":""               -  р. "",""P38"":""               953,47р. ""}",,
I-20240801-88A67898A8A9BFC7,P-2024-08-01,C-20240801-7958F2A2A13E54EB,ЛДСП 16мм корпус дно,Кромка — ЛДСП 16мм корпус дно,цена кромки,material,,,,,,,,м,m,,,,,,,,0,0,,,,,"{""historical_unit_price"":{""status_codes"":[""static"",""historical_price""],""source_cell"":""Расчет!I38""},""historical_line_cost"":{""status_codes"":[""derived"",""historical_price""],""source_cell"":""Данные!C35"",""source_formula"":""=((((Расчет!C38*Расчет!F38)+(Расчет!D38*Расчет!G38))*Расчет!E38)/1000)*Расчет!I38""}}",derived;static;historical_price,source-materials/Medvedev.Works.Calc.zip,Medvedev.Works.Calc/Примеры расчетов/Кукня_01.08.24.xls,Расчет,B38:P38,"{""B38"":""ЛДСП 16мм корпус дно"",""C38"":""700"",""D38"":""514"",""E38"":""1"",""F38"":""0"",""G38"":""0"",""H38"":""           2 650р. "",""I38"":""               -  р. "",""J38"":""0,36"",""K38"":""         953,47р. "",""L38"":""               -  р. "",""M38"":""               -  р. "",""N38"":""               -  р. "",""O38"":""               -  р. "",""P38"":""               953,47р. ""}",,
I-20240801-2311632F4D27E5A8,P-2024-08-01,C-20240801-4B7CD5B2A18B9279,ЛДСП 16мм корпус дно,Работа по площади — ЛДСП 16мм корпус дно,работа с площадью,work,,,,,,,,м²,m2,,,,,0.3598,,,0,0,,,,,"{""area_m2"":{""status_codes"":[""derived""],""source_cell"":""Расчет!J38"",""source_formula"":""=((C38*D38)*E38)*0.000001""},""historical_unit_price"":{""status_codes"":[""static"",""historical_price""],""source_cell"":""Расчет!L38""},""historical_line_cost"":{""status_codes"":[""derived"",""historical_price""],""source_cell"":""Расчет!M38"",""source_formula"":""=(C38*D38*E38*0.000001)*L38""}}",derived;static;historical_price,source-materials/Medvedev.Works.Calc.zip,Medvedev.Works.Calc/Примеры расчетов/Кукня_01.08.24.xls,Расчет,B38:P38,"{""B38"":""ЛДСП 16мм корпус дно"",""C38"":""700"",""D38"":""514"",""E38"":""1"",""F38"":""0"",""G38"":""0"",""H38"":""           2 650р. "",""I38"":""               -  р. "",""J38"":""0,36"",""K38"":""         953,47р. "",""L38"":""               -  р. "",""M38"":""               -  р. "",""N38"":""               -  р. "",""O38"":""               -  р. "",""P38"":""               953,47р. ""}",,
I-20240801-F211FDE793ABC96C,P-2024-08-01,C-20240801-4B7CD5B2A18B9279,ЛДСП 16мм корпус дно,Работа с кромкой — ЛДСП 16мм корпус дно,раб. с кр-ой,work,,,,,,,,м,m,,,,,,,,0,0,,,,,"{""historical_unit_price"":{""status_codes"":[""static"",""historical_price""],""source_cell"":""Расчет!N38""},""historical_line_cost"":{""status_codes"":[""derived"",""historical_price""],""source_cell"":""Расчет!O38"",""source_formula"":""=((C38*E38*F38*0.001)+(D38*E38*G38*0.001))*N38""}}",derived;static;historical_price,source-materials/Medvedev.Works.Calc.zip,Medvedev.Works.Calc/Примеры расчетов/Кукня_01.08.24.xls,Расчет,B38:P38,"{""B38"":""ЛДСП 16мм корпус дно"",""C38"":""700"",""D38"":""514"",""E38"":""1"",""F38"":""0"",""G38"":""0"",""H38"":""           2 650р. "",""I38"":""               -  р. "",""J38"":""0,36"",""K38"":""         953,47р. "",""L38"":""               -  р. "",""M38"":""               -  р. "",""N38"":""               -  р. "",""O38"":""               -  р. "",""P38"":""               953,47р. ""}",,
I-20240801-2B910171AA59B3DB,P-2024-08-01,,ЛДСП 16мм корпус дно,Стоимость детали — ЛДСП 16мм корпус дно,стоимость детали,subtotal,,,,,,,,р.,currency,,,,,,,,,953.47,,,,,"{""historical_line_cost"":{""status_codes"":[""derived"",""historical_price""],""source_cell"":""Расчет!P38"",""source_formula"":""=IF($K$2=0,(((C38*D38*E38*0.000001*H38)+(C38*E38*F38*0.001*I38)+(D38*E38*G38*0.001*I38)+M38+O38)*$J$2),(((C38*D38*E38*0.000001*H38)+(C38*E38*F38*0.001*I38)+(D38*E38*G38*0.001*I38)+M38+O38)*$J$2)/$K$2)""}}",derived;historical_price,source-materials/Medvedev.Works.Calc.zip,Medvedev.Works.Calc/Примеры расчетов/Кукня_01.08.24.xls,Расчет,B38:P38,"{""B38"":""ЛДСП 16мм корпус дно"",""C38"":""700"",""D38"":""514"",""E38"":""1"",""F38"":""0"",""G38"":""0"",""H38"":""           2 650р. "",""I38"":""               -  р. "",""J38"":""0,36"",""K38"":""         953,47р. "",""L38"":""               -  р. "",""M38"":""               -  р. "",""N38"":""               -  р. "",""O38"":""               -  р. "",""P38"":""               953,47р. ""}",,
I-20240801-0B63F89F8000FAE1,P-2024-08-01,C-20240801-7958F2A2A13E54EB,ЛДСП 16мм корпус дно,Материал — ЛДСП 16мм корпус дно,цена материала,material,,,,,,,,м²,m2,,,,,0.6168,,,2650,1634.52,,,,,"{""area_m2"":{""status_codes"":[""derived""],""source_cell"":""Расчет!J39"",""source_formula"":""=((C39*D39)*E39)*0.000001""},""historical_unit_price"":{""status_codes"":[""static"",""historical_price""],""source_cell"":""Расчет!H39""},""historical_line_cost"":{""status_codes"":[""derived"",""historical_price""],""source_cell"":""Расчет!K39"",""source_formula"":""=J39*H39""}}",derived;static;historical_price,source-materials/Medvedev.Works.Calc.zip,Medvedev.Works.Calc/Примеры расчетов/Кукня_01.08.24.xls,Расчет,B39:P39,"{""B39"":""ЛДСП 16мм корпус дно"",""C39"":""1200"",""D39"":""514"",""E39"":""1"",""F39"":""0"",""G39"":""0"",""H39"":""           2 650р. "",""I39"":""               -  р. "",""J39"":""0,62"",""K39"":""      1 634,52р. "",""L39"":""               -  р. "",""M39"":""               -  р. "",""N39"":""               -  р. "",""O39"":""               -  р. "",""P39"":""            1 634,52р. ""}",,
I-20240801-717EAC605641DB11,P-2024-08-01,C-20240801-7958F2A2A13E54EB,ЛДСП 16мм корпус дно,Кромка — ЛДСП 16мм корпус дно,цена кромки,material,,,,,,,,м,m,,,,,,,,0,0,,,,,"{""historical_unit_price"":{""status_codes"":[""static"",""historical_price""],""source_cell"":""Расчет!I39""},""historical_line_cost"":{""status_codes"":[""derived"",""historical_price""],""source_cell"":""Данные!C36"",""source_formula"":""=((((Расчет!C39*Расчет!F39)+(Расчет!D39*Расчет!G39))*Расчет!E39)/1000)*Расчет!I39""}}",derived;static;historical_price,source-materials/Medvedev.Works.Calc.zip,Medvedev.Works.Calc/Примеры расчетов/Кукня_01.08.24.xls,Расчет,B39:P39,"{""B39"":""ЛДСП 16мм корпус дно"",""C39"":""1200"",""D39"":""514"",""E39"":""1"",""F39"":""0"",""G39"":""0"",""H39"":""           2 650р. "",""I39"":""               -  р. "",""J39"":""0,62"",""K39"":""      1 634,52р. "",""L39"":""               -  р. "",""M39"":""               -  р. "",""N39"":""               -  р. "",""O39"":""               -  р. "",""P39"":""            1 634,52р. ""}",,
I-20240801-DEE950DD2D6544C5,P-2024-08-01,C-20240801-4B7CD5B2A18B9279,ЛДСП 16мм корпус дно,Работа по площади — ЛДСП 16мм корпус дно,работа с площадью,work,,,,,,,,м²,m2,,,,,0.6168,,,0,0,,,,,"{""area_m2"":{""status_codes"":[""derived""],""source_cell"":""Расчет!J39"",""source_formula"":""=((C39*D39)*E39)*0.000001""},""historical_unit_price"":{""status_codes"":[""static"",""historical_price""],""source_cell"":""Расчет!L39""},""historical_line_cost"":{""status_codes"":[""derived"",""historical_price""],""source_cell"":""Расчет!M39"",""source_formula"":""=(C39*D39*E39*0.000001)*L39""}}",derived;static;historical_price,source-materials/Medvedev.Works.Calc.zip,Medvedev.Works.Calc/Примеры расчетов/Кукня_01.08.24.xls,Расчет,B39:P39,"{""B39"":""ЛДСП 16мм корпус дно"",""C39"":""1200"",""D39"":""514"",""E39"":""1"",""F39"":""0"",""G39"":""0"",""H39"":""           2 650р. "",""I39"":""               -  р. "",""J39"":""0,62"",""K39"":""      1 634,52р. "",""L39"":""               -  р. "",""M39"":""               -  р. "",""N39"":""               -  р. "",""O39"":""               -  р. "",""P39"":""            1 634,52р. ""}",,
I-20240801-08AB868D3730785F,P-2024-08-01,C-20240801-4B7CD5B2A18B9279,ЛДСП 16мм корпус дно,Работа с кромкой — ЛДСП 16мм корпус дно,раб. с кр-ой,work,,,,,,,,м,m,,,,,,,,0,0,,,,,"{""historical_unit_price"":{""status_codes"":[""static"",""historical_price""],""source_cell"":""Расчет!N39""},""historical_line_cost"":{""status_codes"":[""derived"",""historical_price""],""source_cell"":""Расчет!O39"",""source_formula"":""=((C39*E39*F39*0.001)+(D39*E39*G39*0.001))*N39""}}",derived;static;historical_price,source-materials/Medvedev.Works.Calc.zip,Medvedev.Works.Calc/Примеры расчетов/Кукня_01.08.24.xls,Расчет,B39:P39,"{""B39"":""ЛДСП 16мм корпус дно"",""C39"":""1200"",""D39"":""514"",""E39"":""1"",""F39"":""0"",""G39"":""0"",""H39"":""           2 650р. "",""I39"":""               -  р. "",""J39"":""0,62"",""K39"":""      1 634,52р. "",""L39"":""               -  р. "",""M39"":""               -  р. "",""N39"":""               -  р. "",""O39"":""               -  р. "",""P39"":""            1 634,52р. ""}",,
I-20240801-823403D06641801F,P-2024-08-01,,ЛДСП 16мм корпус дно,Стоимость детали — ЛДСП 16мм корпус дно,стоимость детали,subtotal,,,,,,,,р.,currency,,,,,,,,,1634.52,,,,,"{""historical_line_cost"":{""status_codes"":[""derived"",""historical_price""],""source_cell"":""Расчет!P39"",""source_formula"":""=IF($K$2=0,(((C39*D39*E39*0.000001*H39)+(C39*E39*F39*0.001*I39)+(D39*E39*G39*0.001*I39)+M39+O39)*$J$2),(((C39*D39*E39*0.000001*H39)+(C39*E39*F39*0.001*I39)+(D39*E39*G39*0.001*I39)+M39+O39)*$J$2)/$K$2)""}}",derived;historical_price,source-materials/Medvedev.Works.Calc.zip,Medvedev.Works.Calc/Примеры расчетов/Кукня_01.08.24.xls,Расчет,B39:P39,"{""B39"":""ЛДСП 16мм корпус дно"",""C39"":""1200"",""D39"":""514"",""E39"":""1"",""F39"":""0"",""G39"":""0"",""H39"":""           2 650р. "",""I39"":""               -  р. "",""J39"":""0,62"",""K39"":""      1 634,52р. "",""L39"":""               -  р. "",""M39"":""               -  р. "",""N39"":""               -  р. "",""O39"":""               -  р. "",""P39"":""            1 634,52р. ""}",,
I-20240801-CE8CE072BEDF9949,P-2024-08-01,C-20240801-7958F2A2A13E54EB,ЛДСП 16мм корпус дно,Материал — ЛДСП 16мм корпус дно,цена материала,material,,,,,,,,м²,m2,,,,,0.2313,,,2650,612.945,,,,,"{""area_m2"":{""status_codes"":[""derived""],""source_cell"":""Расчет!J40"",""source_formula"":""=((C40*D40)*E40)*0.000001""},""historical_unit_price"":{""status_codes"":[""static"",""historical_price""],""source_cell"":""Расчет!H40""},""historical_line_cost"":{""status_codes"":[""derived"",""historical_price""],""source_cell"":""Расчет!K40"",""source_formula"":""=J40*H40""}}",derived;static;historical_price,source-materials/Medvedev.Works.Calc.zip,Medvedev.Works.Calc/Примеры расчетов/Кукня_01.08.24.xls,Расчет,B40:P40,"{""B40"":""ЛДСП 16мм корпус дно"",""C40"":""450"",""D40"":""514"",""E40"":""1"",""F40"":""0"",""G40"":""0"",""H40"":""           2 650р. "",""I40"":""               -  р. "",""J40"":""0,23"",""K40"":""         612,95р. "",""L40"":""               -  р. "",""M40"":""               -  р. "",""N40"":""               -  р. "",""O40"":""               -  р. "",""P40"":""               612,95р. ""}",,
I-20240801-33EC0780E3A64035,P-2024-08-01,C-20240801-7958F2A2A13E54EB,ЛДСП 16мм корпус дно,Кромка — ЛДСП 16мм корпус дно,цена кромки,material,,,,,,,,м,m,,,,,,,,0,0,,,,,"{""historical_unit_price"":{""status_codes"":[""static"",""historical_price""],""source_cell"":""Расчет!I40""},""historical_line_cost"":{""status_codes"":[""derived"",""historical_price""],""source_cell"":""Данные!C37"",""source_formula"":""=((((Расчет!C40*Расчет!F40)+(Расчет!D40*Расчет!G40))*Расчет!E40)/1000)*Расчет!I40""}}",derived;static;historical_price,source-materials/Medvedev.Works.Calc.zip,Medvedev.Works.Calc/Примеры расчетов/Кукня_01.08.24.xls,Расчет,B40:P40,"{""B40"":""ЛДСП 16мм корпус дно"",""C40"":""450"",""D40"":""514"",""E40"":""1"",""F40"":""0"",""G40"":""0"",""H40"":""           2 650р. "",""I40"":""               -  р. "",""J40"":""0,23"",""K40"":""         612,95р. "",""L40"":""               -  р. "",""M40"":""               -  р. "",""N40"":""               -  р. "",""O40"":""               -  р. "",""P40"":""               612,95р. ""}",,
I-20240801-185235CACB43887B,P-2024-08-01,C-20240801-4B7CD5B2A18B9279,ЛДСП 16мм корпус дно,Работа по площади — ЛДСП 16мм корпус дно,работа с площадью,work,,,,,,,,м²,m2,,,,,0.2313,,,0,0,,,,,"{""area_m2"":{""status_codes"":[""derived""],""source_cell"":""Расчет!J40"",""source_formula"":""=((C40*D40)*E40)*0.000001""},""historical_unit_price"":{""status_codes"":[""static"",""historical_price""],""source_cell"":""Расчет!L40""},""historical_line_cost"":{""status_codes"":[""derived"",""historical_price""],""source_cell"":""Расчет!M40"",""source_formula"":""=(C40*D40*E40*0.000001)*L40""}}",derived;static;historical_price,source-materials/Medvedev.Works.Calc.zip,Medvedev.Works.Calc/Примеры расчетов/Кукня_01.08.24.xls,Расчет,B40:P40,"{""B40"":""ЛДСП 16мм корпус дно"",""C40"":""450"",""D40"":""514"",""E40"":""1"",""F40"":""0"",""G40"":""0"",""H40"":""           2 650р. "",""I40"":""               -  р. "",""J40"":""0,23"",""K40"":""         612,95р. "",""L40"":""               -  р. "",""M40"":""               -  р. "",""N40"":""               -  р. "",""O40"":""               -  р. "",""P40"":""               612,95р. ""}",,
I-20240801-727554BAC3FEE910,P-2024-08-01,C-20240801-4B7CD5B2A18B9279,ЛДСП 16мм корпус дно,Работа с кромкой — ЛДСП 16мм корпус дно,раб. с кр-ой,work,,,,,,,,м,m,,,,,,,,0,0,,,,,"{""historical_unit_price"":{""status_codes"":[""static"",""historical_price""],""source_cell"":""Расчет!N40""},""historical_line_cost"":{""status_codes"":[""derived"",""historical_price""],""source_cell"":""Расчет!O40"",""source_formula"":""=((C40*E40*F40*0.001)+(D40*E40*G40*0.001))*N40""}}",derived;static;historical_price,source-materials/Medvedev.Works.Calc.zip,Medvedev.Works.Calc/Примеры расчетов/Кукня_01.08.24.xls,Расчет,B40:P40,"{""B40"":""ЛДСП 16мм корпус дно"",""C40"":""450"",""D40"":""514"",""E40"":""1"",""F40"":""0"",""G40"":""0"",""H40"":""           2 650р. "",""I40"":""               -  р. "",""J40"":""0,23"",""K40"":""         612,95р. "",""L40"":""               -  р. "",""M40"":""               -  р. "",""N40"":""               -  р. "",""O40"":""               -  р. "",""P40"":""               612,95р. ""}",,
I-20240801-FD19405A60F5C24C,P-2024-08-01,,ЛДСП 16мм корпус дно,Стоимость детали — ЛДСП 16мм корпус дно,стоимость детали,subtotal,,,,,,,,р.,currency,,,,,,,,,612.945,,,,,"{""historical_line_cost"":{""status_codes"":[""derived"",""historical_price""],""source_cell"":""Расчет!P40"",""source_formula"":""=IF($K$2=0,(((C40*D40*E40*0.000001*H40)+(C40*E40*F40*0.001*I40)+(D40*E40*G40*0.001*I40)+M40+O40)*$J$2),(((C40*D40*E40*0.000001*H40)+(C40*E40*F40*0.001*I40)+(D40*E40*G40*0.001*I40)+M40+O40)*$J$2)/$K$2)""}}",derived;historical_price,source-materials/Medvedev.Works.Calc.zip,Medvedev.Works.Calc/Примеры расчетов/Кукня_01.08.24.xls,Расчет,B40:P40,"{""B40"":""ЛДСП 16мм корпус дно"",""C40"":""450"",""D40"":""514"",""E40"":""1"",""F40"":""0"",""G40"":""0"",""H40"":""           2 650р. "",""I40"":""               -  р. "",""J40"":""0,23"",""K40"":""         612,95р. "",""L40"":""               -  р. "",""M40"":""               -  р. "",""N40"":""               -  р. "",""O40"":""               -  р. "",""P40"":""               612,95р. ""}",,
I-20240801-7C48B47871460B45,P-2024-08-01,C-20240801-7958F2A2A13E54EB,ЛДСП 16мм корпус дно,Материал — ЛДСП 16мм корпус дно,цена материала,material,,,,,,,,м²,m2,,,,,0.1799,,,2650,476.735,,,,,"{""area_m2"":{""status_codes"":[""derived""],""source_cell"":""Расчет!J41"",""source_formula"":""=((C41*D41)*E41)*0.000001""},""historical_unit_price"":{""status_codes"":[""static"",""historical_price""],""source_cell"":""Расчет!H41""},""historical_line_cost"":{""status_codes"":[""derived"",""historical_price""],""source_cell"":""Расчет!K41"",""source_formula"":""=J41*H41""}}",derived;static;historical_price,source-materials/Medvedev.Works.Calc.zip,Medvedev.Works.Calc/Примеры расчетов/Кукня_01.08.24.xls,Расчет,B41:P41,"{""B41"":""ЛДСП 16мм корпус дно"",""C41"":""350"",""D41"":""514"",""E41"":""1"",""F41"":""0"",""G41"":""0"",""H41"":""           2 650р. "",""I41"":""               -  р. "",""J41"":""0,18"",""K41"":""         476,74р. "",""L41"":""               -  р. "",""M41"":""               -  р. "",""N41"":""               -  р. "",""O41"":""               -  р. "",""P41"":""               476,74р. ""}",,
I-20240801-1D0A09E330D0B978,P-2024-08-01,C-20240801-7958F2A2A13E54EB,ЛДСП 16мм корпус дно,Кромка — ЛДСП 16мм корпус дно,цена кромки,material,,,,,,,,м,m,,,,,,,,0,0,,,,,"{""historical_unit_price"":{""status_codes"":[""static"",""historical_price""],""source_cell"":""Расчет!I41""},""historical_line_cost"":{""status_codes"":[""derived"",""historical_price""],""source_cell"":""Данные!C38"",""source_formula"":""=((((Расчет!C41*Расчет!F41)+(Расчет!D41*Расчет!G41))*Расчет!E41)/1000)*Расчет!I41""}}",derived;static;historical_price,source-materials/Medvedev.Works.Calc.zip,Medvedev.Works.Calc/Примеры расчетов/Кукня_01.08.24.xls,Расчет,B41:P41,"{""B41"":""ЛДСП 16мм корпус дно"",""C41"":""350"",""D41"":""514"",""E41"":""1"",""F41"":""0"",""G41"":""0"",""H41"":""           2 650р. "",""I41"":""               -  р. "",""J41"":""0,18"",""K41"":""         476,74р. "",""L41"":""               -  р. "",""M41"":""               -  р. "",""N41"":""               -  р. "",""O41"":""               -  р. "",""P41"":""               476,74р. ""}",,
I-20240801-D2F1D805F8B64EE0,P-2024-08-01,C-20240801-4B7CD5B2A18B9279,ЛДСП 16мм корпус дно,Работа по площади — ЛДСП 16мм корпус дно,работа с площадью,work,,,,,,,,м²,m2,,,,,0.1799,,,0,0,,,,,"{""area_m2"":{""status_codes"":[""derived""],""source_cell"":""Расчет!J41"",""source_formula"":""=((C41*D41)*E41)*0.000001""},""historical_unit_price"":{""status_codes"":[""static"",""historical_price""],""source_cell"":""Расчет!L41""},""historical_line_cost"":{""status_codes"":[""derived"",""historical_price""],""source_cell"":""Расчет!M41"",""source_formula"":""=(C41*D41*E41*0.000001)*L41""}}",derived;static;historical_price,source-materials/Medvedev.Works.Calc.zip,Medvedev.Works.Calc/Примеры расчетов/Кукня_01.08.24.xls,Расчет,B41:P41,"{""B41"":""ЛДСП 16мм корпус дно"",""C41"":""350"",""D41"":""514"",""E41"":""1"",""F41"":""0"",""G41"":""0"",""H41"":""           2 650р. "",""I41"":""               -  р. "",""J41"":""0,18"",""K41"":""         476,74р. "",""L41"":""               -  р. "",""M41"":""               -  р. "",""N41"":""               -  р. "",""O41"":""               -  р. "",""P41"":""               476,74р. ""}",,
I-20240801-B91D3E3FB289D035,P-2024-08-01,C-20240801-4B7CD5B2A18B9279,ЛДСП 16мм корпус дно,Работа с кромкой — ЛДСП 16мм корпус дно,раб. с кр-ой,work,,,,,,,,м,m,,,,,,,,0,0,,,,,"{""historical_unit_price"":{""status_codes"":[""static"",""historical_price""],""source_cell"":""Расчет!N41""},""historical_line_cost"":{""status_codes"":[""derived"",""historical_price""],""source_cell"":""Расчет!O41"",""source_formula"":""=((C41*E41*F41*0.001)+(D41*E41*G41*0.001))*N41""}}",derived;static;historical_price,source-materials/Medvedev.Works.Calc.zip,Medvedev.Works.Calc/Примеры расчетов/Кукня_01.08.24.xls,Расчет,B41:P41,"{""B41"":""ЛДСП 16мм корпус дно"",""C41"":""350"",""D41"":""514"",""E41"":""1"",""F41"":""0"",""G41"":""0"",""H41"":""           2 650р. "",""I41"":""               -  р. "",""J41"":""0,18"",""K41"":""         476,74р. "",""L41"":""               -  р. "",""M41"":""               -  р. "",""N41"":""               -  р. "",""O41"":""               -  р. "",""P41"":""               476,74р. ""}",,
I-20240801-8DF8A90DB24518C7,P-2024-08-01,,ЛДСП 16мм корпус дно,Стоимость детали — ЛДСП 16мм корпус дно,стоимость детали,subtotal,,,,,,,,р.,currency,,,,,,,,,476.735,,,,,"{""historical_line_cost"":{""status_codes"":[""derived"",""historical_price""],""source_cell"":""Расчет!P41"",""source_formula"":""=IF($K$2=0,(((C41*D41*E41*0.000001*H41)+(C41*E41*F41*0.001*I41)+(D41*E41*G41*0.001*I41)+M41+O41)*$J$2),(((C41*D41*E41*0.000001*H41)+(C41*E41*F41*0.001*I41)+(D41*E41*G41*0.001*I41)+M41+O41)*$J$2)/$K$2)""}}",derived;historical_price,source-materials/Medvedev.Works.Calc.zip,Medvedev.Works.Calc/Примеры расчетов/Кукня_01.08.24.xls,Расчет,B41:P41,"{""B41"":""ЛДСП 16мм корпус дно"",""C41"":""350"",""D41"":""514"",""E41"":""1"",""F41"":""0"",""G41"":""0"",""H41"":""           2 650р. "",""I41"":""               -  р. "",""J41"":""0,18"",""K41"":""         476,74р. "",""L41"":""               -  р. "",""M41"":""               -  р. "",""N41"":""               -  р. "",""O41"":""               -  р. "",""P41"":""               476,74р. ""}",,
I-20240801-5D978DC272C8B11D,P-2024-08-01,C-20240801-7958F2A2A13E54EB,ЛДСП 16мм корпус перемычка,Материал — ЛДСП 16мм корпус перемычка,цена материала,material,,,,,,,,м²,m2,,,,,0.0852,,,2650,225.78,,,,,"{""area_m2"":{""status_codes"":[""derived""],""source_cell"":""Расчет!J42"",""source_formula"":""=((C42*D42)*E42)*0.000001""},""historical_unit_price"":{""status_codes"":[""static"",""historical_price""],""source_cell"":""Расчет!H42""},""historical_line_cost"":{""status_codes"":[""derived"",""historical_price""],""source_cell"":""Расчет!K42"",""source_formula"":""=J42*H42""}}",derived;static;historical_price,source-materials/Medvedev.Works.Calc.zip,Medvedev.Works.Calc/Примеры расчетов/Кукня_01.08.24.xls,Расчет,B42:P42,"{""B42"":""ЛДСП 16мм корпус перемычка"",""C42"":""568"",""D42"":""150"",""E42"":""1"",""F42"":""0"",""G42"":""0"",""H42"":""           2 650р. "",""I42"":""               -  р. "",""J42"":""0,09"",""K42"":""         225,78р. "",""L42"":""               -  р. "",""M42"":""               -  р. "",""N42"":""               -  р. "",""O42"":""               -  р. "",""P42"":""               225,78р. ""}",,
I-20240801-9A81B3D2F8909933,P-2024-08-01,C-20240801-7958F2A2A13E54EB,ЛДСП 16мм корпус перемычка,Кромка — ЛДСП 16мм корпус перемычка,цена кромки,material,,,,,,,,м,m,,,,,,,,0,0,,,,,"{""historical_unit_price"":{""status_codes"":[""static"",""historical_price""],""source_cell"":""Расчет!I42""},""historical_line_cost"":{""status_codes"":[""derived"",""historical_price""],""source_cell"":""Данные!C39"",""source_formula"":""=((((Расчет!C42*Расчет!F42)+(Расчет!D42*Расчет!G42))*Расчет!E42)/1000)*Расчет!I42""}}",derived;static;historical_price,source-materials/Medvedev.Works.Calc.zip,Medvedev.Works.Calc/Примеры расчетов/Кукня_01.08.24.xls,Расчет,B42:P42,"{""B42"":""ЛДСП 16мм корпус перемычка"",""C42"":""568"",""D42"":""150"",""E42"":""1"",""F42"":""0"",""G42"":""0"",""H42"":""           2 650р. "",""I42"":""               -  р. "",""J42"":""0,09"",""K42"":""         225,78р. "",""L42"":""               -  р. "",""M42"":""               -  р. "",""N42"":""               -  р. "",""O42"":""               -  р. "",""P42"":""               225,78р. ""}",,
I-20240801-347DB0E0894DA637,P-2024-08-01,C-20240801-4B7CD5B2A18B9279,ЛДСП 16мм корпус перемычка,Работа по площади — ЛДСП 16мм корпус перемычка,работа с площадью,work,,,,,,,,м²,m2,,,,,0.0852,,,0,0,,,,,"{""area_m2"":{""status_codes"":[""derived""],""source_cell"":""Расчет!J42"",""source_formula"":""=((C42*D42)*E42)*0.000001""},""historical_unit_price"":{""status_codes"":[""static"",""historical_price""],""source_cell"":""Расчет!L42""},""historical_line_cost"":{""status_codes"":[""derived"",""historical_price""],""source_cell"":""Расчет!M42"",""source_formula"":""=(C42*D42*E42*0.000001)*L42""}}",derived;static;historical_price,source-materials/Medvedev.Works.Calc.zip,Medvedev.Works.Calc/Примеры расчетов/Кукня_01.08.24.xls,Расчет,B42:P42,"{""B42"":""ЛДСП 16мм корпус перемычка"",""C42"":""568"",""D42"":""150"",""E42"":""1"",""F42"":""0"",""G42"":""0"",""H42"":""           2 650р. "",""I42"":""               -  р. "",""J42"":""0,09"",""K42"":""         225,78р. "",""L42"":""               -  р. "",""M42"":""               -  р. "",""N42"":""               -  р. "",""O42"":""               -  р. "",""P42"":""               225,78р. ""}",,
I-20240801-854C03819352DCAB,P-2024-08-01,C-20240801-4B7CD5B2A18B9279,ЛДСП 16мм корпус перемычка,Работа с кромкой — ЛДСП 16мм корпус перемычка,раб. с кр-ой,work,,,,,,,,м,m,,,,,,,,0,0,,,,,"{""historical_unit_price"":{""status_codes"":[""static"",""historical_price""],""source_cell"":""Расчет!N42""},""historical_line_cost"":{""status_codes"":[""derived"",""historical_price""],""source_cell"":""Расчет!O42"",""source_formula"":""=((C42*E42*F42*0.001)+(D42*E42*G42*0.001))*N42""}}",derived;static;historical_price,source-materials/Medvedev.Works.Calc.zip,Medvedev.Works.Calc/Примеры расчетов/Кукня_01.08.24.xls,Расчет,B42:P42,"{""B42"":""ЛДСП 16мм корпус перемычка"",""C42"":""568"",""D42"":""150"",""E42"":""1"",""F42"":""0"",""G42"":""0"",""H42"":""           2 650р. "",""I42"":""               -  р. "",""J42"":""0,09"",""K42"":""         225,78р. "",""L42"":""               -  р. "",""M42"":""               -  р. "",""N42"":""               -  р. "",""O42"":""               -  р. "",""P42"":""               225,78р. ""}",,
I-20240801-870ADE26D6AEB482,P-2024-08-01,,ЛДСП 16мм корпус перемычка,Стоимость детали — ЛДСП 16мм корпус перемычка,стоимость детали,subtotal,,,,,,,,р.,currency,,,,,,,,,225.78,,,,,"{""historical_line_cost"":{""status_codes"":[""derived"",""historical_price""],""source_cell"":""Расчет!P42"",""source_formula"":""=IF($K$2=0,(((C42*D42*E42*0.000001*H42)+(C42*E42*F42*0.001*I42)+(D42*E42*G42*0.001*I42)+M42+O42)*$J$2),(((C42*D42*E42*0.000001*H42)+(C42*E42*F42*0.001*I42)+(D42*E42*G42*0.001*I42)+M42+O42)*$J$2)/$K$2)""}}",derived;historical_price,source-materials/Medvedev.Works.Calc.zip,Medvedev.Works.Calc/Примеры расчетов/Кукня_01.08.24.xls,Расчет,B42:P42,"{""B42"":""ЛДСП 16мм корпус перемычка"",""C42"":""568"",""D42"":""150"",""E42"":""1"",""F42"":""0"",""G42"":""0"",""H42"":""           2 650р. "",""I42"":""               -  р. "",""J42"":""0,09"",""K42"":""         225,78р. "",""L42"":""               -  р. "",""M42"":""               -  р. "",""N42"":""               -  р. "",""O42"":""               -  р. "",""P42"":""               225,78р. ""}",,
I-20240801-E0079137A0BA68D8,P-2024-08-01,C-20240801-7958F2A2A13E54EB,ЛДСП 16мм корпус перемычка,Материал — ЛДСП 16мм корпус перемычка,цена материала,material,,,,,,,,м²,m2,,,,,0.09352,,,2650,247.828,,,,,"{""area_m2"":{""status_codes"":[""derived""],""source_cell"":""Расчет!J43"",""source_formula"":""=((C43*D43)*E43)*0.000001""},""historical_unit_price"":{""status_codes"":[""static"",""historical_price""],""source_cell"":""Расчет!H43""},""historical_line_cost"":{""status_codes"":[""derived"",""historical_price""],""source_cell"":""Расчет!K43"",""source_formula"":""=J43*H43""}}",derived;static;historical_price,source-materials/Medvedev.Works.Calc.zip,Medvedev.Works.Calc/Примеры расчетов/Кукня_01.08.24.xls,Расчет,B43:P43,"{""B43"":""ЛДСП 16мм корпус перемычка"",""C43"":""668"",""D43"":""70"",""E43"":""2"",""F43"":""0"",""G43"":""0"",""H43"":""           2 650р. "",""I43"":""               -  р. "",""J43"":""0,09"",""K43"":""         247,83р. "",""L43"":""               -  р. "",""M43"":""               -  р. "",""N43"":""               -  р. "",""O43"":""               -  р. "",""P43"":""               247,83р. ""}",,
I-20240801-B4E8628A1324FAD2,P-2024-08-01,C-20240801-7958F2A2A13E54EB,ЛДСП 16мм корпус перемычка,Кромка — ЛДСП 16мм корпус перемычка,цена кромки,material,,,,,,,,м,m,,,,,,,,0,0,,,,,"{""historical_unit_price"":{""status_codes"":[""static"",""historical_price""],""source_cell"":""Расчет!I43""},""historical_line_cost"":{""status_codes"":[""derived"",""historical_price""],""source_cell"":""Данные!C40"",""source_formula"":""=((((Расчет!C43*Расчет!F43)+(Расчет!D43*Расчет!G43))*Расчет!E43)/1000)*Расчет!I43""}}",derived;static;historical_price,source-materials/Medvedev.Works.Calc.zip,Medvedev.Works.Calc/Примеры расчетов/Кукня_01.08.24.xls,Расчет,B43:P43,"{""B43"":""ЛДСП 16мм корпус перемычка"",""C43"":""668"",""D43"":""70"",""E43"":""2"",""F43"":""0"",""G43"":""0"",""H43"":""           2 650р. "",""I43"":""               -  р. "",""J43"":""0,09"",""K43"":""         247,83р. "",""L43"":""               -  р. "",""M43"":""               -  р. "",""N43"":""               -  р. "",""O43"":""               -  р. "",""P43"":""               247,83р. ""}",,
I-20240801-538D3C2AC9FFE126,P-2024-08-01,C-20240801-4B7CD5B2A18B9279,ЛДСП 16мм корпус перемычка,Работа по площади — ЛДСП 16мм корпус перемычка,работа с площадью,work,,,,,,,,м²,m2,,,,,0.09352,,,0,0,,,,,"{""area_m2"":{""status_codes"":[""derived""],""source_cell"":""Расчет!J43"",""source_formula"":""=((C43*D43)*E43)*0.000001""},""historical_unit_price"":{""status_codes"":[""static"",""historical_price""],""source_cell"":""Расчет!L43""},""historical_line_cost"":{""status_codes"":[""derived"",""historical_price""],""source_cell"":""Расчет!M43"",""source_formula"":""=(C43*D43*E43*0.000001)*L43""}}",derived;static;historical_price,source-materials/Medvedev.Works.Calc.zip,Medvedev.Works.Calc/Примеры расчетов/Кукня_01.08.24.xls,Расчет,B43:P43,"{""B43"":""ЛДСП 16мм корпус перемычка"",""C43"":""668"",""D43"":""70"",""E43"":""2"",""F43"":""0"",""G43"":""0"",""H43"":""           2 650р. "",""I43"":""               -  р. "",""J43"":""0,09"",""K43"":""         247,83р. "",""L43"":""               -  р. "",""M43"":""               -  р. "",""N43"":""               -  р. "",""O43"":""               -  р. "",""P43"":""               247,83р. ""}",,
I-20240801-1C1B694746AD8A8B,P-2024-08-01,C-20240801-4B7CD5B2A18B9279,ЛДСП 16мм корпус перемычка,Работа с кромкой — ЛДСП 16мм корпус перемычка,раб. с кр-ой,work,,,,,,,,м,m,,,,,,,,0,0,,,,,"{""historical_unit_price"":{""status_codes"":[""static"",""historical_price""],""source_cell"":""Расчет!N43""},""historical_line_cost"":{""status_codes"":[""derived"",""historical_price""],""source_cell"":""Расчет!O43"",""source_formula"":""=((C43*E43*F43*0.001)+(D43*E43*G43*0.001))*N43""}}",derived;static;historical_price,source-materials/Medvedev.Works.Calc.zip,Medvedev.Works.Calc/Примеры расчетов/Кукня_01.08.24.xls,Расчет,B43:P43,"{""B43"":""ЛДСП 16мм корпус перемычка"",""C43"":""668"",""D43"":""70"",""E43"":""2"",""F43"":""0"",""G43"":""0"",""H43"":""           2 650р. "",""I43"":""               -  р. "",""J43"":""0,09"",""K43"":""         247,83р. "",""L43"":""               -  р. "",""M43"":""               -  р. "",""N43"":""               -  р. "",""O43"":""               -  р. "",""P43"":""               247,83р. ""}",,
I-20240801-87A3851D1CC0630F,P-2024-08-01,,ЛДСП 16мм корпус перемычка,Стоимость детали — ЛДСП 16мм корпус перемычка,стоимость детали,subtotal,,,,,,,,р.,currency,,,,,,,,,247.828,,,,,"{""historical_line_cost"":{""status_codes"":[""derived"",""historical_price""],""source_cell"":""Расчет!P43"",""source_formula"":""=IF($K$2=0,(((C43*D43*E43*0.000001*H43)+(C43*E43*F43*0.001*I43)+(D43*E43*G43*0.001*I43)+M43+O43)*$J$2),(((C43*D43*E43*0.000001*H43)+(C43*E43*F43*0.001*I43)+(D43*E43*G43*0.001*I43)+M43+O43)*$J$2)/$K$2)""}}",derived;historical_price,source-materials/Medvedev.Works.Calc.zip,Medvedev.Works.Calc/Примеры расчетов/Кукня_01.08.24.xls,Расчет,B43:P43,"{""B43"":""ЛДСП 16мм корпус перемычка"",""C43"":""668"",""D43"":""70"",""E43"":""2"",""F43"":""0"",""G43"":""0"",""H43"":""           2 650р. "",""I43"":""               -  р. "",""J43"":""0,09"",""K43"":""         247,83р. "",""L43"":""               -  р. "",""M43"":""               -  р. "",""N43"":""               -  р. "",""O43"":""               -  р. "",""P43"":""               247,83р. ""}",,
I-20240801-55218F6E82B183DB,P-2024-08-01,C-20240801-7958F2A2A13E54EB,ЛДСП 16мм корпус перемычка,Материал — ЛДСП 16мм корпус перемычка,цена материала,material,,,,,,,,м²,m2,,,,,0.1752,,,2650,464.28,,,,,"{""area_m2"":{""status_codes"":[""derived""],""source_cell"":""Расчет!J44"",""source_formula"":""=((C44*D44)*E44)*0.000001""},""historical_unit_price"":{""status_codes"":[""static"",""historical_price""],""source_cell"":""Расчет!H44""},""historical_line_cost"":{""status_codes"":[""derived"",""historical_price""],""source_cell"":""Расчет!K44"",""source_formula"":""=J44*H44""}}",derived;static;historical_price,source-materials/Medvedev.Works.Calc.zip,Medvedev.Works.Calc/Примеры расчетов/Кукня_01.08.24.xls,Расчет,B44:P44,"{""B44"":""ЛДСП 16мм корпус перемычка"",""C44"":""1168"",""D44"":""150"",""E44"":""1"",""F44"":""0"",""G44"":""0"",""H44"":""           2 650р. "",""I44"":""               -  р. "",""J44"":""0,18"",""K44"":""         464,28р. "",""L44"":""               -  р. "",""M44"":""               -  р. "",""N44"":""               -  р. "",""O44"":""               -  р. "",""P44"":""               464,28р. ""}",,
I-20240801-A431E012A94DCFEE,P-2024-08-01,C-20240801-7958F2A2A13E54EB,ЛДСП 16мм корпус перемычка,Кромка — ЛДСП 16мм корпус перемычка,цена кромки,material,,,,,,,,м,m,,,,,,,,0,0,,,,,"{""historical_unit_price"":{""status_codes"":[""static"",""historical_price""],""source_cell"":""Расчет!I44""},""historical_line_cost"":{""status_codes"":[""derived"",""historical_price""],""source_cell"":""Данные!C41"",""source_formula"":""=((((Расчет!C44*Расчет!F44)+(Расчет!D44*Расчет!G44))*Расчет!E44)/1000)*Расчет!I44""}}",derived;static;historical_price,source-materials/Medvedev.Works.Calc.zip,Medvedev.Works.Calc/Примеры расчетов/Кукня_01.08.24.xls,Расчет,B44:P44,"{""B44"":""ЛДСП 16мм корпус перемычка"",""C44"":""1168"",""D44"":""150"",""E44"":""1"",""F44"":""0"",""G44"":""0"",""H44"":""           2 650р. "",""I44"":""               -  р. "",""J44"":""0,18"",""K44"":""         464,28р. "",""L44"":""               -  р. "",""M44"":""               -  р. "",""N44"":""               -  р. "",""O44"":""               -  р. "",""P44"":""               464,28р. ""}",,
I-20240801-5D7E3D4B9E084347,P-2024-08-01,C-20240801-4B7CD5B2A18B9279,ЛДСП 16мм корпус перемычка,Работа по площади — ЛДСП 16мм корпус перемычка,работа с площадью,work,,,,,,,,м²,m2,,,,,0.1752,,,0,0,,,,,"{""area_m2"":{""status_codes"":[""derived""],""source_cell"":""Расчет!J44"",""source_formula"":""=((C44*D44)*E44)*0.000001""},""historical_unit_price"":{""status_codes"":[""static"",""historical_price""],""source_cell"":""Расчет!L44""},""historical_line_cost"":{""status_codes"":[""derived"",""historical_price""],""source_cell"":""Расчет!M44"",""source_formula"":""=(C44*D44*E44*0.000001)*L44""}}",derived;static;historical_price,source-materials/Medvedev.Works.Calc.zip,Medvedev.Works.Calc/Примеры расчетов/Кукня_01.08.24.xls,Расчет,B44:P44,"{""B44"":""ЛДСП 16мм корпус перемычка"",""C44"":""1168"",""D44"":""150"",""E44"":""1"",""F44"":""0"",""G44"":""0"",""H44"":""           2 650р. "",""I44"":""               -  р. "",""J44"":""0,18"",""K44"":""         464,28р. "",""L44"":""               -  р. "",""M44"":""               -  р. "",""N44"":""               -  р. "",""O44"":""               -  р. "",""P44"":""               464,28р. ""}",,
I-20240801-4A7DEEB35AC6A892,P-2024-08-01,C-20240801-4B7CD5B2A18B9279,ЛДСП 16мм корпус перемычка,Работа с кромкой — ЛДСП 16мм корпус перемычка,раб. с кр-ой,work,,,,,,,,м,m,,,,,,,,0,0,,,,,"{""historical_unit_price"":{""status_codes"":[""static"",""historical_price""],""source_cell"":""Расчет!N44""},""historical_line_cost"":{""status_codes"":[""derived"",""historical_price""],""source_cell"":""Расчет!O44"",""source_formula"":""=((C44*E44*F44*0.001)+(D44*E44*G44*0.001))*N44""}}",derived;static;historical_price,source-materials/Medvedev.Works.Calc.zip,Medvedev.Works.Calc/Примеры расчетов/Кукня_01.08.24.xls,Расчет,B44:P44,"{""B44"":""ЛДСП 16мм корпус перемычка"",""C44"":""1168"",""D44"":""150"",""E44"":""1"",""F44"":""0"",""G44"":""0"",""H44"":""           2 650р. "",""I44"":""               -  р. "",""J44"":""0,18"",""K44"":""         464,28р. "",""L44"":""               -  р. "",""M44"":""               -  р. "",""N44"":""               -  р. "",""O44"":""               -  р. "",""P44"":""               464,28р. ""}",,
I-20240801-4D36C2191D06D135,P-2024-08-01,,ЛДСП 16мм корпус перемычка,Стоимость детали — ЛДСП 16мм корпус перемычка,стоимость детали,subtotal,,,,,,,,р.,currency,,,,,,,,,464.28,,,,,"{""historical_line_cost"":{""status_codes"":[""derived"",""historical_price""],""source_cell"":""Расчет!P44"",""source_formula"":""=IF($K$2=0,(((C44*D44*E44*0.000001*H44)+(C44*E44*F44*0.001*I44)+(D44*E44*G44*0.001*I44)+M44+O44)*$J$2),(((C44*D44*E44*0.000001*H44)+(C44*E44*F44*0.001*I44)+(D44*E44*G44*0.001*I44)+M44+O44)*$J$2)/$K$2)""}}",derived;historical_price,source-materials/Medvedev.Works.Calc.zip,Medvedev.Works.Calc/Примеры расчетов/Кукня_01.08.24.xls,Расчет,B44:P44,"{""B44"":""ЛДСП 16мм корпус перемычка"",""C44"":""1168"",""D44"":""150"",""E44"":""1"",""F44"":""0"",""G44"":""0"",""H44"":""           2 650р. "",""I44"":""               -  р. "",""J44"":""0,18"",""K44"":""         464,28р. "",""L44"":""               -  р. "",""M44"":""               -  р. "",""N44"":""               -  р. "",""O44"":""               -  р. "",""P44"":""               464,28р. ""}",,
I-20240801-A9CDE004735800F8,P-2024-08-01,C-20240801-7958F2A2A13E54EB,ЛДСП 16мм корпус перемычка,Материал — ЛДСП 16мм корпус перемычка,цена материала,material,,,,,,,,м²,m2,,,,,0.1136,,,2650,301.04,,,,,"{""area_m2"":{""status_codes"":[""derived""],""source_cell"":""Расчет!J45"",""source_formula"":""=((C45*D45)*E45)*0.000001""},""historical_unit_price"":{""status_codes"":[""static"",""historical_price""],""source_cell"":""Расчет!H45""},""historical_line_cost"":{""status_codes"":[""derived"",""historical_price""],""source_cell"":""Расчет!K45"",""source_formula"":""=J45*H45""}}",derived;static;historical_price,source-materials/Medvedev.Works.Calc.zip,Medvedev.Works.Calc/Примеры расчетов/Кукня_01.08.24.xls,Расчет,B45:P45,"{""B45"":""ЛДСП 16мм корпус перемычка"",""C45"":""568"",""D45"":""100"",""E45"":""2"",""F45"":""0"",""G45"":""0"",""H45"":""           2 650р. "",""I45"":""               -  р. "",""J45"":""0,11"",""K45"":""         301,04р. "",""L45"":""               -  р. "",""M45"":""               -  р. "",""N45"":""               -  р. "",""O45"":""               -  р. "",""P45"":""               301,04р. ""}",,
I-20240801-ED434AE5F552AE84,P-2024-08-01,C-20240801-7958F2A2A13E54EB,ЛДСП 16мм корпус перемычка,Кромка — ЛДСП 16мм корпус перемычка,цена кромки,material,,,,,,,,м,m,,,,,,,,0,0,,,,,"{""historical_unit_price"":{""status_codes"":[""static"",""historical_price""],""source_cell"":""Расчет!I45""},""historical_line_cost"":{""status_codes"":[""derived"",""historical_price""],""source_cell"":""Данные!C42"",""source_formula"":""=((((Расчет!C45*Расчет!F45)+(Расчет!D45*Расчет!G45))*Расчет!E45)/1000)*Расчет!I45""}}",derived;static;historical_price,source-materials/Medvedev.Works.Calc.zip,Medvedev.Works.Calc/Примеры расчетов/Кукня_01.08.24.xls,Расчет,B45:P45,"{""B45"":""ЛДСП 16мм корпус перемычка"",""C45"":""568"",""D45"":""100"",""E45"":""2"",""F45"":""0"",""G45"":""0"",""H45"":""           2 650р. "",""I45"":""               -  р. "",""J45"":""0,11"",""K45"":""         301,04р. "",""L45"":""               -  р. "",""M45"":""               -  р. "",""N45"":""               -  р. "",""O45"":""               -  р. "",""P45"":""               301,04р. ""}",,
I-20240801-7A6FF0783E1A8FD1,P-2024-08-01,C-20240801-4B7CD5B2A18B9279,ЛДСП 16мм корпус перемычка,Работа по площади — ЛДСП 16мм корпус перемычка,работа с площадью,work,,,,,,,,м²,m2,,,,,0.1136,,,0,0,,,,,"{""area_m2"":{""status_codes"":[""derived""],""source_cell"":""Расчет!J45"",""source_formula"":""=((C45*D45)*E45)*0.000001""},""historical_unit_price"":{""status_codes"":[""static"",""historical_price""],""source_cell"":""Расчет!L45""},""historical_line_cost"":{""status_codes"":[""derived"",""historical_price""],""source_cell"":""Расчет!M45"",""source_formula"":""=(C45*D45*E45*0.000001)*L45""}}",derived;static;historical_price,source-materials/Medvedev.Works.Calc.zip,Medvedev.Works.Calc/Примеры расчетов/Кукня_01.08.24.xls,Расчет,B45:P45,"{""B45"":""ЛДСП 16мм корпус перемычка"",""C45"":""568"",""D45"":""100"",""E45"":""2"",""F45"":""0"",""G45"":""0"",""H45"":""           2 650р. "",""I45"":""               -  р. "",""J45"":""0,11"",""K45"":""         301,04р. "",""L45"":""               -  р. "",""M45"":""               -  р. "",""N45"":""               -  р. "",""O45"":""               -  р. "",""P45"":""               301,04р. ""}",,
I-20240801-66EFBD497F5AC6E3,P-2024-08-01,C-20240801-4B7CD5B2A18B9279,ЛДСП 16мм корпус перемычка,Работа с кромкой — ЛДСП 16мм корпус перемычка,раб. с кр-ой,work,,,,,,,,м,m,,,,,,,,0,0,,,,,"{""historical_unit_price"":{""status_codes"":[""static"",""historical_price""],""source_cell"":""Расчет!N45""},""historical_line_cost"":{""status_codes"":[""derived"",""historical_price""],""source_cell"":""Расчет!O45"",""source_formula"":""=((C45*E45*F45*0.001)+(D45*E45*G45*0.001))*N45""}}",derived;static;historical_price,source-materials/Medvedev.Works.Calc.zip,Medvedev.Works.Calc/Примеры расчетов/Кукня_01.08.24.xls,Расчет,B45:P45,"{""B45"":""ЛДСП 16мм корпус перемычка"",""C45"":""568"",""D45"":""100"",""E45"":""2"",""F45"":""0"",""G45"":""0"",""H45"":""           2 650р. "",""I45"":""               -  р. "",""J45"":""0,11"",""K45"":""         301,04р. "",""L45"":""               -  р. "",""M45"":""               -  р. "",""N45"":""               -  р. "",""O45"":""               -  р. "",""P45"":""               301,04р. ""}",,
I-20240801-9EE33C91EBAE6C86,P-2024-08-01,,ЛДСП 16мм корпус перемычка,Стоимость детали — ЛДСП 16мм корпус перемычка,стоимость детали,subtotal,,,,,,,,р.,currency,,,,,,,,,301.04,,,,,"{""historical_line_cost"":{""status_codes"":[""derived"",""historical_price""],""source_cell"":""Расчет!P45"",""source_formula"":""=IF($K$2=0,(((C45*D45*E45*0.000001*H45)+(C45*E45*F45*0.001*I45)+(D45*E45*G45*0.001*I45)+M45+O45)*$J$2),(((C45*D45*E45*0.000001*H45)+(C45*E45*F45*0.001*I45)+(D45*E45*G45*0.001*I45)+M45+O45)*$J$2)/$K$2)""}}",derived;historical_price,source-materials/Medvedev.Works.Calc.zip,Medvedev.Works.Calc/Примеры расчетов/Кукня_01.08.24.xls,Расчет,B45:P45,"{""B45"":""ЛДСП 16мм корпус перемычка"",""C45"":""568"",""D45"":""100"",""E45"":""2"",""F45"":""0"",""G45"":""0"",""H45"":""           2 650р. "",""I45"":""               -  р. "",""J45"":""0,11"",""K45"":""         301,04р. "",""L45"":""               -  р. "",""M45"":""               -  р. "",""N45"":""               -  р. "",""O45"":""               -  р. "",""P45"":""               301,04р. ""}",,
I-20240801-5F9FD36C4A344232,P-2024-08-01,C-20240801-7958F2A2A13E54EB,ЛДСП 16мм корпус перемычка,Материал — ЛДСП 16мм корпус перемычка,цена материала,material,,,,,,,,м²,m2,,,,,0.0836,,,2650,221.54,,,,,"{""area_m2"":{""status_codes"":[""derived""],""source_cell"":""Расчет!J46"",""source_formula"":""=((C46*D46)*E46)*0.000001""},""historical_unit_price"":{""status_codes"":[""static"",""historical_price""],""source_cell"":""Расчет!H46""},""historical_line_cost"":{""status_codes"":[""derived"",""historical_price""],""source_cell"":""Расчет!K46"",""source_formula"":""=J46*H46""}}",derived;static;historical_price,source-materials/Medvedev.Works.Calc.zip,Medvedev.Works.Calc/Примеры расчетов/Кукня_01.08.24.xls,Расчет,B46:P46,"{""B46"":""ЛДСП 16мм корпус перемычка"",""C46"":""418"",""D46"":""100"",""E46"":""2"",""F46"":""0"",""G46"":""0"",""H46"":""           2 650р. "",""I46"":""               -  р. "",""J46"":""0,08"",""K46"":""         221,54р. "",""L46"":""               -  р. "",""M46"":""               -  р. "",""N46"":""               -  р. "",""O46"":""               -  р. "",""P46"":""               221,54р. ""}",,
I-20240801-8DD84036D78F93DC,P-2024-08-01,C-20240801-7958F2A2A13E54EB,ЛДСП 16мм корпус перемычка,Кромка — ЛДСП 16мм корпус перемычка,цена кромки,material,,,,,,,,м,m,,,,,,,,0,0,,,,,"{""historical_unit_price"":{""status_codes"":[""static"",""historical_price""],""source_cell"":""Расчет!I46""},""historical_line_cost"":{""status_codes"":[""derived"",""historical_price""],""source_cell"":""Данные!C43"",""source_formula"":""=((((Расчет!C46*Расчет!F46)+(Расчет!D46*Расчет!G46))*Расчет!E46)/1000)*Расчет!I46""}}",derived;static;historical_price,source-materials/Medvedev.Works.Calc.zip,Medvedev.Works.Calc/Примеры расчетов/Кукня_01.08.24.xls,Расчет,B46:P46,"{""B46"":""ЛДСП 16мм корпус перемычка"",""C46"":""418"",""D46"":""100"",""E46"":""2"",""F46"":""0"",""G46"":""0"",""H46"":""           2 650р. "",""I46"":""               -  р. "",""J46"":""0,08"",""K46"":""         221,54р. "",""L46"":""               -  р. "",""M46"":""               -  р. "",""N46"":""               -  р. "",""O46"":""               -  р. "",""P46"":""               221,54р. ""}",,
I-20240801-FA1B87C2591A9A0C,P-2024-08-01,C-20240801-4B7CD5B2A18B9279,ЛДСП 16мм корпус перемычка,Работа по площади — ЛДСП 16мм корпус перемычка,работа с площадью,work,,,,,,,,м²,m2,,,,,0.0836,,,0,0,,,,,"{""area_m2"":{""status_codes"":[""derived""],""source_cell"":""Расчет!J46"",""source_formula"":""=((C46*D46)*E46)*0.000001""},""historical_unit_price"":{""status_codes"":[""static"",""historical_price""],""source_cell"":""Расчет!L46""},""historical_line_cost"":{""status_codes"":[""derived"",""historical_price""],""source_cell"":""Расчет!M46"",""source_formula"":""=(C46*D46*E46*0.000001)*L46""}}",derived;static;historical_price,source-materials/Medvedev.Works.Calc.zip,Medvedev.Works.Calc/Примеры расчетов/Кукня_01.08.24.xls,Расчет,B46:P46,"{""B46"":""ЛДСП 16мм корпус перемычка"",""C46"":""418"",""D46"":""100"",""E46"":""2"",""F46"":""0"",""G46"":""0"",""H46"":""           2 650р. "",""I46"":""               -  р. "",""J46"":""0,08"",""K46"":""         221,54р. "",""L46"":""               -  р. "",""M46"":""               -  р. "",""N46"":""               -  р. "",""O46"":""               -  р. "",""P46"":""               221,54р. ""}",,
I-20240801-90794F3607F92FB3,P-2024-08-01,C-20240801-4B7CD5B2A18B9279,ЛДСП 16мм корпус перемычка,Работа с кромкой — ЛДСП 16мм корпус перемычка,раб. с кр-ой,work,,,,,,,,м,m,,,,,,,,0,0,,,,,"{""historical_unit_price"":{""status_codes"":[""static"",""historical_price""],""source_cell"":""Расчет!N46""},""historical_line_cost"":{""status_codes"":[""derived"",""historical_price""],""source_cell"":""Расчет!O46"",""source_formula"":""=((C46*E46*F46*0.001)+(D46*E46*G46*0.001))*N46""}}",derived;static;historical_price,source-materials/Medvedev.Works.Calc.zip,Medvedev.Works.Calc/Примеры расчетов/Кукня_01.08.24.xls,Расчет,B46:P46,"{""B46"":""ЛДСП 16мм корпус перемычка"",""C46"":""418"",""D46"":""100"",""E46"":""2"",""F46"":""0"",""G46"":""0"",""H46"":""           2 650р. "",""I46"":""               -  р. "",""J46"":""0,08"",""K46"":""         221,54р. "",""L46"":""               -  р. "",""M46"":""               -  р. "",""N46"":""               -  р. "",""O46"":""               -  р. "",""P46"":""               221,54р. ""}",,
I-20240801-3FBDDDD5AC8AFFFE,P-2024-08-01,,ЛДСП 16мм корпус перемычка,Стоимость детали — ЛДСП 16мм корпус перемычка,стоимость детали,subtotal,,,,,,,,р.,currency,,,,,,,,,221.54,,,,,"{""historical_line_cost"":{""status_codes"":[""derived"",""historical_price""],""source_cell"":""Расчет!P46"",""source_formula"":""=IF($K$2=0,(((C46*D46*E46*0.000001*H46)+(C46*E46*F46*0.001*I46)+(D46*E46*G46*0.001*I46)+M46+O46)*$J$2),(((C46*D46*E46*0.000001*H46)+(C46*E46*F46*0.001*I46)+(D46*E46*G46*0.001*I46)+M46+O46)*$J$2)/$K$2)""}}",derived;historical_price,source-materials/Medvedev.Works.Calc.zip,Medvedev.Works.Calc/Примеры расчетов/Кукня_01.08.24.xls,Расчет,B46:P46,"{""B46"":""ЛДСП 16мм корпус перемычка"",""C46"":""418"",""D46"":""100"",""E46"":""2"",""F46"":""0"",""G46"":""0"",""H46"":""           2 650р. "",""I46"":""               -  р. "",""J46"":""0,08"",""K46"":""         221,54р. "",""L46"":""               -  р. "",""M46"":""               -  р. "",""N46"":""               -  р. "",""O46"":""               -  р. "",""P46"":""               221,54р. ""}",,
I-20240801-F586394EA94DF71C,P-2024-08-01,C-20240801-7958F2A2A13E54EB,ЛДСП 16мм корпус стоевая,Материал — ЛДСП 16мм корпус стоевая,цена материала,material,,,,,,,,м²,m2,,,,,4.1832,,,2650,11085.48,,,,,"{""area_m2"":{""status_codes"":[""derived""],""source_cell"":""Расчет!J47"",""source_formula"":""=((C47*D47)*E47)*0.000001""},""historical_unit_price"":{""status_codes"":[""static"",""historical_price""],""source_cell"":""Расчет!H47""},""historical_line_cost"":{""status_codes"":[""derived"",""historical_price""],""source_cell"":""Расчет!K47"",""source_formula"":""=J47*H47""}}",derived;static;historical_price,source-materials/Medvedev.Works.Calc.zip,Medvedev.Works.Calc/Примеры расчетов/Кукня_01.08.24.xls,Расчет,B47:P47,"{""B47"":""ЛДСП 16мм корпус стоевая"",""C47"":""747"",""D47"":""560"",""E47"":""10"",""F47"":""0"",""G47"":""0"",""H47"":""           2 650р. "",""I47"":""               -  р. "",""J47"":""4,18"",""K47"":""    11 085,48р. "",""L47"":""               -  р. "",""M47"":""               -  р. "",""N47"":""               -  р. "",""O47"":""               -  р. "",""P47"":""          11 085,48р. ""}",,
I-20240801-3CA5AFA51DF0033F,P-2024-08-01,C-20240801-7958F2A2A13E54EB,ЛДСП 16мм корпус стоевая,Кромка — ЛДСП 16мм корпус стоевая,цена кромки,material,,,,,,,,м,m,,,,,,,,0,0,,,,,"{""historical_unit_price"":{""status_codes"":[""static"",""historical_price""],""source_cell"":""Расчет!I47""},""historical_line_cost"":{""status_codes"":[""derived"",""historical_price""],""source_cell"":""Данные!C44"",""source_formula"":""=((((Расчет!C47*Расчет!F47)+(Расчет!D47*Расчет!G47))*Расчет!E47)/1000)*Расчет!I47""}}",derived;static;historical_price,source-materials/Medvedev.Works.Calc.zip,Medvedev.Works.Calc/Примеры расчетов/Кукня_01.08.24.xls,Расчет,B47:P47,"{""B47"":""ЛДСП 16мм корпус стоевая"",""C47"":""747"",""D47"":""560"",""E47"":""10"",""F47"":""0"",""G47"":""0"",""H47"":""           2 650р. "",""I47"":""               -  р. "",""J47"":""4,18"",""K47"":""    11 085,48р. "",""L47"":""               -  р. "",""M47"":""               -  р. "",""N47"":""               -  р. "",""O47"":""               -  р. "",""P47"":""          11 085,48р. ""}",,
I-20240801-1C9DF0DD2E387836,P-2024-08-01,C-20240801-4B7CD5B2A18B9279,ЛДСП 16мм корпус стоевая,Работа по площади — ЛДСП 16мм корпус стоевая,работа с площадью,work,,,,,,,,м²,m2,,,,,4.1832,,,0,0,,,,,"{""area_m2"":{""status_codes"":[""derived""],""source_cell"":""Расчет!J47"",""source_formula"":""=((C47*D47)*E47)*0.000001""},""historical_unit_price"":{""status_codes"":[""static"",""historical_price""],""source_cell"":""Расчет!L47""},""historical_line_cost"":{""status_codes"":[""derived"",""historical_price""],""source_cell"":""Расчет!M47"",""source_formula"":""=(C47*D47*E47*0.000001)*L47""}}",derived;static;historical_price,source-materials/Medvedev.Works.Calc.zip,Medvedev.Works.Calc/Примеры расчетов/Кукня_01.08.24.xls,Расчет,B47:P47,"{""B47"":""ЛДСП 16мм корпус стоевая"",""C47"":""747"",""D47"":""560"",""E47"":""10"",""F47"":""0"",""G47"":""0"",""H47"":""           2 650р. "",""I47"":""               -  р. "",""J47"":""4,18"",""K47"":""    11 085,48р. "",""L47"":""               -  р. "",""M47"":""               -  р. "",""N47"":""               -  р. "",""O47"":""               -  р. "",""P47"":""          11 085,48р. ""}",,
I-20240801-AFCA8FB216B18AD8,P-2024-08-01,C-20240801-4B7CD5B2A18B9279,ЛДСП 16мм корпус стоевая,Работа с кромкой — ЛДСП 16мм корпус стоевая,раб. с кр-ой,work,,,,,,,,м,m,,,,,,,,0,0,,,,,"{""historical_unit_price"":{""status_codes"":[""static"",""historical_price""],""source_cell"":""Расчет!N47""},""historical_line_cost"":{""status_codes"":[""derived"",""historical_price""],""source_cell"":""Расчет!O47"",""source_formula"":""=((C47*E47*F47*0.001)+(D47*E47*G47*0.001))*N47""}}",derived;static;historical_price,source-materials/Medvedev.Works.Calc.zip,Medvedev.Works.Calc/Примеры расчетов/Кукня_01.08.24.xls,Расчет,B47:P47,"{""B47"":""ЛДСП 16мм корпус стоевая"",""C47"":""747"",""D47"":""560"",""E47"":""10"",""F47"":""0"",""G47"":""0"",""H47"":""           2 650р. "",""I47"":""               -  р. "",""J47"":""4,18"",""K47"":""    11 085,48р. "",""L47"":""               -  р. "",""M47"":""               -  р. "",""N47"":""               -  р. "",""O47"":""               -  р. "",""P47"":""          11 085,48р. ""}",,
I-20240801-860423B0138641D9,P-2024-08-01,,ЛДСП 16мм корпус стоевая,Стоимость детали — ЛДСП 16мм корпус стоевая,стоимость детали,subtotal,,,,,,,,р.,currency,,,,,,,,,11085.48,,,,,"{""historical_line_cost"":{""status_codes"":[""derived"",""historical_price""],""source_cell"":""Расчет!P47"",""source_formula"":""=IF($K$2=0,(((C47*D47*E47*0.000001*H47)+(C47*E47*F47*0.001*I47)+(D47*E47*G47*0.001*I47)+M47+O47)*$J$2),(((C47*D47*E47*0.000001*H47)+(C47*E47*F47*0.001*I47)+(D47*E47*G47*0.001*I47)+M47+O47)*$J$2)/$K$2)""}}",derived;historical_price,source-materials/Medvedev.Works.Calc.zip,Medvedev.Works.Calc/Примеры расчетов/Кукня_01.08.24.xls,Расчет,B47:P47,"{""B47"":""ЛДСП 16мм корпус стоевая"",""C47"":""747"",""D47"":""560"",""E47"":""10"",""F47"":""0"",""G47"":""0"",""H47"":""           2 650р. "",""I47"":""               -  р. "",""J47"":""4,18"",""K47"":""    11 085,48р. "",""L47"":""               -  р. "",""M47"":""               -  р. "",""N47"":""               -  р. "",""O47"":""               -  р. "",""P47"":""          11 085,48р. ""}",,
I-20240801-8780BE60512AB354,P-2024-08-01,C-20240801-7958F2A2A13E54EB,ЛДСП 16мм корпус стоевая,Материал — ЛДСП 16мм корпус стоевая,цена материала,material,,,,,,,,м²,m2,,,,,10.36672,,,2650,27471.808,,,,,"{""area_m2"":{""status_codes"":[""derived""],""source_cell"":""Расчет!J48"",""source_formula"":""=((C48*D48)*E48)*0.000001""},""historical_unit_price"":{""status_codes"":[""static"",""historical_price""],""source_cell"":""Расчет!H48""},""historical_line_cost"":{""status_codes"":[""derived"",""historical_price""],""source_cell"":""Расчет!K48"",""source_formula"":""=J48*H48""}}",derived;static;historical_price,source-materials/Medvedev.Works.Calc.zip,Medvedev.Works.Calc/Примеры расчетов/Кукня_01.08.24.xls,Расчет,B48:P48,"{""B48"":""ЛДСП 16мм корпус стоевая"",""C48"":""2314"",""D48"":""560"",""E48"":""8"",""F48"":""0"",""G48"":""0"",""H48"":""           2 650р. "",""I48"":""               -  р. "",""J48"":""10,37"",""K48"":""    27 471,81р. "",""L48"":""               -  р. "",""M48"":""               -  р. "",""N48"":""               -  р. "",""O48"":""               -  р. "",""P48"":""          27 471,81р. ""}",,
I-20240801-99D1DAB433EBBAC1,P-2024-08-01,C-20240801-7958F2A2A13E54EB,ЛДСП 16мм корпус стоевая,Кромка — ЛДСП 16мм корпус стоевая,цена кромки,material,,,,,,,,м,m,,,,,,,,0,0,,,,,"{""historical_unit_price"":{""status_codes"":[""static"",""historical_price""],""source_cell"":""Расчет!I48""},""historical_line_cost"":{""status_codes"":[""derived"",""historical_price""],""source_cell"":""Данные!C45"",""source_formula"":""=((((Расчет!C48*Расчет!F48)+(Расчет!D48*Расчет!G48))*Расчет!E48)/1000)*Расчет!I48""}}",derived;static;historical_price,source-materials/Medvedev.Works.Calc.zip,Medvedev.Works.Calc/Примеры расчетов/Кукня_01.08.24.xls,Расчет,B48:P48,"{""B48"":""ЛДСП 16мм корпус стоевая"",""C48"":""2314"",""D48"":""560"",""E48"":""8"",""F48"":""0"",""G48"":""0"",""H48"":""           2 650р. "",""I48"":""               -  р. "",""J48"":""10,37"",""K48"":""    27 471,81р. "",""L48"":""               -  р. "",""M48"":""               -  р. "",""N48"":""               -  р. "",""O48"":""               -  р. "",""P48"":""          27 471,81р. ""}",,
I-20240801-47B2FCC9494775E7,P-2024-08-01,C-20240801-4B7CD5B2A18B9279,ЛДСП 16мм корпус стоевая,Работа по площади — ЛДСП 16мм корпус стоевая,работа с площадью,work,,,,,,,,м²,m2,,,,,10.36672,,,0,0,,,,,"{""area_m2"":{""status_codes"":[""derived""],""source_cell"":""Расчет!J48"",""source_formula"":""=((C48*D48)*E48)*0.000001""},""historical_unit_price"":{""status_codes"":[""static"",""historical_price""],""source_cell"":""Расчет!L48""},""historical_line_cost"":{""status_codes"":[""derived"",""historical_price""],""source_cell"":""Расчет!M48"",""source_formula"":""=(C48*D48*E48*0.000001)*L48""}}",derived;static;historical_price,source-materials/Medvedev.Works.Calc.zip,Medvedev.Works.Calc/Примеры расчетов/Кукня_01.08.24.xls,Расчет,B48:P48,"{""B48"":""ЛДСП 16мм корпус стоевая"",""C48"":""2314"",""D48"":""560"",""E48"":""8"",""F48"":""0"",""G48"":""0"",""H48"":""           2 650р. "",""I48"":""               -  р. "",""J48"":""10,37"",""K48"":""    27 471,81р. "",""L48"":""               -  р. "",""M48"":""               -  р. "",""N48"":""               -  р. "",""O48"":""               -  р. "",""P48"":""          27 471,81р. ""}",,
I-20240801-8D85732A7F337109,P-2024-08-01,C-20240801-4B7CD5B2A18B9279,ЛДСП 16мм корпус стоевая,Работа с кромкой — ЛДСП 16мм корпус стоевая,раб. с кр-ой,work,,,,,,,,м,m,,,,,,,,0,0,,,,,"{""historical_unit_price"":{""status_codes"":[""static"",""historical_price""],""source_cell"":""Расчет!N48""},""historical_line_cost"":{""status_codes"":[""derived"",""historical_price""],""source_cell"":""Расчет!O48"",""source_formula"":""=((C48*E48*F48*0.001)+(D48*E48*G48*0.001))*N48""}}",derived;static;historical_price,source-materials/Medvedev.Works.Calc.zip,Medvedev.Works.Calc/Примеры расчетов/Кукня_01.08.24.xls,Расчет,B48:P48,"{""B48"":""ЛДСП 16мм корпус стоевая"",""C48"":""2314"",""D48"":""560"",""E48"":""8"",""F48"":""0"",""G48"":""0"",""H48"":""           2 650р. "",""I48"":""               -  р. "",""J48"":""10,37"",""K48"":""    27 471,81р. "",""L48"":""               -  р. "",""M48"":""               -  р. "",""N48"":""               -  р. "",""O48"":""               -  р. "",""P48"":""          27 471,81р. ""}",,
I-20240801-77F785611C85B082,P-2024-08-01,,ЛДСП 16мм корпус стоевая,Стоимость детали — ЛДСП 16мм корпус стоевая,стоимость детали,subtotal,,,,,,,,р.,currency,,,,,,,,,27471.808,,,,,"{""historical_line_cost"":{""status_codes"":[""derived"",""historical_price""],""source_cell"":""Расчет!P48"",""source_formula"":""=IF($K$2=0,(((C48*D48*E48*0.000001*H48)+(C48*E48*F48*0.001*I48)+(D48*E48*G48*0.001*I48)+M48+O48)*$J$2),(((C48*D48*E48*0.000001*H48)+(C48*E48*F48*0.001*I48)+(D48*E48*G48*0.001*I48)+M48+O48)*$J$2)/$K$2)""}}",derived;historical_price,source-materials/Medvedev.Works.Calc.zip,Medvedev.Works.Calc/Примеры расчетов/Кукня_01.08.24.xls,Расчет,B48:P48,"{""B48"":""ЛДСП 16мм корпус стоевая"",""C48"":""2314"",""D48"":""560"",""E48"":""8"",""F48"":""0"",""G48"":""0"",""H48"":""           2 650р. "",""I48"":""               -  р. "",""J48"":""10,37"",""K48"":""    27 471,81р. "",""L48"":""               -  р. "",""M48"":""               -  р. "",""N48"":""               -  р. "",""O48"":""               -  р. "",""P48"":""          27 471,81р. ""}",,
I-20240801-07188441679015EE,P-2024-08-01,C-20240801-7958F2A2A13E54EB,ЛДСП 16мм корпус стяжка,Материал — ЛДСП 16мм корпус стяжка,цена материала,material,,,,,,,,м²,m2,,,,,2.335616,,,2650,6189.3824,,,,,"{""area_m2"":{""status_codes"":[""derived""],""source_cell"":""Расчет!J49"",""source_formula"":""=((C49*D49)*E49)*0.000001""},""historical_unit_price"":{""status_codes"":[""static"",""historical_price""],""source_cell"":""Расчет!H49""},""historical_line_cost"":{""status_codes"":[""derived"",""historical_price""],""source_cell"":""Расчет!K49"",""source_formula"":""=J49*H49""}}",derived;static;historical_price,source-materials/Medvedev.Works.Calc.zip,Medvedev.Works.Calc/Примеры расчетов/Кукня_01.08.24.xls,Расчет,B49:P49,"{""B49"":""ЛДСП 16мм корпус стяжка"",""C49"":""568"",""D49"":""514"",""E49"":""8"",""F49"":""0"",""G49"":""0"",""H49"":""           2 650р. "",""I49"":""               -  р. "",""J49"":""2,34"",""K49"":""      6 189,38р. "",""L49"":""               -  р. "",""M49"":""               -  р. "",""N49"":""               -  р. "",""O49"":""               -  р. "",""P49"":""            6 189,38р. ""}",,
I-20240801-39453AC7438445D2,P-2024-08-01,C-20240801-7958F2A2A13E54EB,ЛДСП 16мм корпус стяжка,Кромка — ЛДСП 16мм корпус стяжка,цена кромки,material,,,,,,,,м,m,,,,,,,,0,0,,,,,"{""historical_unit_price"":{""status_codes"":[""static"",""historical_price""],""source_cell"":""Расчет!I49""},""historical_line_cost"":{""status_codes"":[""derived"",""historical_price""],""source_cell"":""Данные!C46"",""source_formula"":""=((((Расчет!C49*Расчет!F49)+(Расчет!D49*Расчет!G49))*Расчет!E49)/1000)*Расчет!I49""}}",derived;static;historical_price,source-materials/Medvedev.Works.Calc.zip,Medvedev.Works.Calc/Примеры расчетов/Кукня_01.08.24.xls,Расчет,B49:P49,"{""B49"":""ЛДСП 16мм корпус стяжка"",""C49"":""568"",""D49"":""514"",""E49"":""8"",""F49"":""0"",""G49"":""0"",""H49"":""           2 650р. "",""I49"":""               -  р. "",""J49"":""2,34"",""K49"":""      6 189,38р. "",""L49"":""               -  р. "",""M49"":""               -  р. "",""N49"":""               -  р. "",""O49"":""               -  р. "",""P49"":""            6 189,38р. ""}",,
I-20240801-FF62DA9F6A6CD129,P-2024-08-01,C-20240801-4B7CD5B2A18B9279,ЛДСП 16мм корпус стяжка,Работа по площади — ЛДСП 16мм корпус стяжка,работа с площадью,work,,,,,,,,м²,m2,,,,,2.335616,,,0,0,,,,,"{""area_m2"":{""status_codes"":[""derived""],""source_cell"":""Расчет!J49"",""source_formula"":""=((C49*D49)*E49)*0.000001""},""historical_unit_price"":{""status_codes"":[""static"",""historical_price""],""source_cell"":""Расчет!L49""},""historical_line_cost"":{""status_codes"":[""derived"",""historical_price""],""source_cell"":""Расчет!M49"",""source_formula"":""=(C49*D49*E49*0.000001)*L49""}}",derived;static;historical_price,source-materials/Medvedev.Works.Calc.zip,Medvedev.Works.Calc/Примеры расчетов/Кукня_01.08.24.xls,Расчет,B49:P49,"{""B49"":""ЛДСП 16мм корпус стяжка"",""C49"":""568"",""D49"":""514"",""E49"":""8"",""F49"":""0"",""G49"":""0"",""H49"":""           2 650р. "",""I49"":""               -  р. "",""J49"":""2,34"",""K49"":""      6 189,38р. "",""L49"":""               -  р. "",""M49"":""               -  р. "",""N49"":""               -  р. "",""O49"":""               -  р. "",""P49"":""            6 189,38р. ""}",,
I-20240801-9D319B192A6C7101,P-2024-08-01,C-20240801-4B7CD5B2A18B9279,ЛДСП 16мм корпус стяжка,Работа с кромкой — ЛДСП 16мм корпус стяжка,раб. с кр-ой,work,,,,,,,,м,m,,,,,,,,0,0,,,,,"{""historical_unit_price"":{""status_codes"":[""static"",""historical_price""],""source_cell"":""Расчет!N49""},""historical_line_cost"":{""status_codes"":[""derived"",""historical_price""],""source_cell"":""Расчет!O49"",""source_formula"":""=((C49*E49*F49*0.001)+(D49*E49*G49*0.001))*N49""}}",derived;static;historical_price,source-materials/Medvedev.Works.Calc.zip,Medvedev.Works.Calc/Примеры расчетов/Кукня_01.08.24.xls,Расчет,B49:P49,"{""B49"":""ЛДСП 16мм корпус стяжка"",""C49"":""568"",""D49"":""514"",""E49"":""8"",""F49"":""0"",""G49"":""0"",""H49"":""           2 650р. "",""I49"":""               -  р. "",""J49"":""2,34"",""K49"":""      6 189,38р. "",""L49"":""               -  р. "",""M49"":""               -  р. "",""N49"":""               -  р. "",""O49"":""               -  р. "",""P49"":""            6 189,38р. ""}",,
I-20240801-E5000A7CACF7B58C,P-2024-08-01,,ЛДСП 16мм корпус стяжка,Стоимость детали — ЛДСП 16мм корпус стяжка,стоимость детали,subtotal,,,,,,,,р.,currency,,,,,,,,,6189.3824,,,,,"{""historical_line_cost"":{""status_codes"":[""derived"",""historical_price""],""source_cell"":""Расчет!P49"",""source_formula"":""=IF($K$2=0,(((C49*D49*E49*0.000001*H49)+(C49*E49*F49*0.001*I49)+(D49*E49*G49*0.001*I49)+M49+O49)*$J$2),(((C49*D49*E49*0.000001*H49)+(C49*E49*F49*0.001*I49)+(D49*E49*G49*0.001*I49)+M49+O49)*$J$2)/$K$2)""}}",derived;historical_price,source-materials/Medvedev.Works.Calc.zip,Medvedev.Works.Calc/Примеры расчетов/Кукня_01.08.24.xls,Расчет,B49:P49,"{""B49"":""ЛДСП 16мм корпус стяжка"",""C49"":""568"",""D49"":""514"",""E49"":""8"",""F49"":""0"",""G49"":""0"",""H49"":""           2 650р. "",""I49"":""               -  р. "",""J49"":""2,34"",""K49"":""      6 189,38р. "",""L49"":""               -  р. "",""M49"":""               -  р. "",""N49"":""               -  р. "",""O49"":""               -  р. "",""P49"":""            6 189,38р. ""}",,
I-20240801-211EABC203D701C9,P-2024-08-01,C-20240801-7958F2A2A13E54EB,ЛДСП 16мм корпус стяжка,Материал — ЛДСП 16мм корпус стяжка,цена материала,material,,,,,,,,м²,m2,,,,,0.554368,,,2650,1469.0752,,,,,"{""area_m2"":{""status_codes"":[""derived""],""source_cell"":""Расчет!J50"",""source_formula"":""=((C50*D50)*E50)*0.000001""},""historical_unit_price"":{""status_codes"":[""static"",""historical_price""],""source_cell"":""Расчет!H50""},""historical_line_cost"":{""status_codes"":[""derived"",""historical_price""],""source_cell"":""Расчет!K50"",""source_formula"":""=J50*H50""}}",derived;static;historical_price,source-materials/Medvedev.Works.Calc.zip,Medvedev.Works.Calc/Примеры расчетов/Кукня_01.08.24.xls,Расчет,B50:P50,"{""B50"":""ЛДСП 16мм корпус стяжка"",""C50"":""568"",""D50"":""488"",""E50"":""2"",""F50"":""0"",""G50"":""0"",""H50"":""           2 650р. "",""I50"":""               -  р. "",""J50"":""0,55"",""K50"":""      1 469,08р. "",""L50"":""               -  р. "",""M50"":""               -  р. "",""N50"":""               -  р. "",""O50"":""               -  р. "",""P50"":""            1 469,08р. ""}",,
I-20240801-3D2E76986B75EEE1,P-2024-08-01,C-20240801-7958F2A2A13E54EB,ЛДСП 16мм корпус стяжка,Кромка — ЛДСП 16мм корпус стяжка,цена кромки,material,,,,,,,,м,m,,,,,,,,0,0,,,,,"{""historical_unit_price"":{""status_codes"":[""static"",""historical_price""],""source_cell"":""Расчет!I50""},""historical_line_cost"":{""status_codes"":[""derived"",""historical_price""],""source_cell"":""Данные!C47"",""source_formula"":""=((((Расчет!C50*Расчет!F50)+(Расчет!D50*Расчет!G50))*Расчет!E50)/1000)*Расчет!I50""}}",derived;static;historical_price,source-materials/Medvedev.Works.Calc.zip,Medvedev.Works.Calc/Примеры расчетов/Кукня_01.08.24.xls,Расчет,B50:P50,"{""B50"":""ЛДСП 16мм корпус стяжка"",""C50"":""568"",""D50"":""488"",""E50"":""2"",""F50"":""0"",""G50"":""0"",""H50"":""           2 650р. "",""I50"":""               -  р. "",""J50"":""0,55"",""K50"":""      1 469,08р. "",""L50"":""               -  р. "",""M50"":""               -  р. "",""N50"":""               -  р. "",""O50"":""               -  р. "",""P50"":""            1 469,08р. ""}",,
I-20240801-5532F452D629DB38,P-2024-08-01,C-20240801-4B7CD5B2A18B9279,ЛДСП 16мм корпус стяжка,Работа по площади — ЛДСП 16мм корпус стяжка,работа с площадью,work,,,,,,,,м²,m2,,,,,0.554368,,,0,0,,,,,"{""area_m2"":{""status_codes"":[""derived""],""source_cell"":""Расчет!J50"",""source_formula"":""=((C50*D50)*E50)*0.000001""},""historical_unit_price"":{""status_codes"":[""static"",""historical_price""],""source_cell"":""Расчет!L50""},""historical_line_cost"":{""status_codes"":[""derived"",""historical_price""],""source_cell"":""Расчет!M50"",""source_formula"":""=(C50*D50*E50*0.000001)*L50""}}",derived;static;historical_price,source-materials/Medvedev.Works.Calc.zip,Medvedev.Works.Calc/Примеры расчетов/Кукня_01.08.24.xls,Расчет,B50:P50,"{""B50"":""ЛДСП 16мм корпус стяжка"",""C50"":""568"",""D50"":""488"",""E50"":""2"",""F50"":""0"",""G50"":""0"",""H50"":""           2 650р. "",""I50"":""               -  р. "",""J50"":""0,55"",""K50"":""      1 469,08р. "",""L50"":""               -  р. "",""M50"":""               -  р. "",""N50"":""               -  р. "",""O50"":""               -  р. "",""P50"":""            1 469,08р. ""}",,
I-20240801-6F13A8D872F53D90,P-2024-08-01,C-20240801-4B7CD5B2A18B9279,ЛДСП 16мм корпус стяжка,Работа с кромкой — ЛДСП 16мм корпус стяжка,раб. с кр-ой,work,,,,,,,,м,m,,,,,,,,0,0,,,,,"{""historical_unit_price"":{""status_codes"":[""static"",""historical_price""],""source_cell"":""Расчет!N50""},""historical_line_cost"":{""status_codes"":[""derived"",""historical_price""],""source_cell"":""Расчет!O50"",""source_formula"":""=((C50*E50*F50*0.001)+(D50*E50*G50*0.001))*N50""}}",derived;static;historical_price,source-materials/Medvedev.Works.Calc.zip,Medvedev.Works.Calc/Примеры расчетов/Кукня_01.08.24.xls,Расчет,B50:P50,"{""B50"":""ЛДСП 16мм корпус стяжка"",""C50"":""568"",""D50"":""488"",""E50"":""2"",""F50"":""0"",""G50"":""0"",""H50"":""           2 650р. "",""I50"":""               -  р. "",""J50"":""0,55"",""K50"":""      1 469,08р. "",""L50"":""               -  р. "",""M50"":""               -  р. "",""N50"":""               -  р. "",""O50"":""               -  р. "",""P50"":""            1 469,08р. ""}",,
I-20240801-D5D55349C95A83EE,P-2024-08-01,,ЛДСП 16мм корпус стяжка,Стоимость детали — ЛДСП 16мм корпус стяжка,стоимость детали,subtotal,,,,,,,,р.,currency,,,,,,,,,1469.0752,,,,,"{""historical_line_cost"":{""status_codes"":[""derived"",""historical_price""],""source_cell"":""Расчет!P50"",""source_formula"":""=IF($K$2=0,(((C50*D50*E50*0.000001*H50)+(C50*E50*F50*0.001*I50)+(D50*E50*G50*0.001*I50)+M50+O50)*$J$2),(((C50*D50*E50*0.000001*H50)+(C50*E50*F50*0.001*I50)+(D50*E50*G50*0.001*I50)+M50+O50)*$J$2)/$K$2)""}}",derived;historical_price,source-materials/Medvedev.Works.Calc.zip,Medvedev.Works.Calc/Примеры расчетов/Кукня_01.08.24.xls,Расчет,B50:P50,"{""B50"":""ЛДСП 16мм корпус стяжка"",""C50"":""568"",""D50"":""488"",""E50"":""2"",""F50"":""0"",""G50"":""0"",""H50"":""           2 650р. "",""I50"":""               -  р. "",""J50"":""0,55"",""K50"":""      1 469,08р. "",""L50"":""               -  р. "",""M50"":""               -  р. "",""N50"":""               -  р. "",""O50"":""               -  р. "",""P50"":""            1 469,08р. ""}",,
I-20240801-A3555E101D8585C3,P-2024-08-01,C-20240801-7958F2A2A13E54EB,ЛДСП 16мм корпус стяжка,Материал — ЛДСП 16мм корпус стяжка,цена материала,material,,,,,,,,м²,m2,,,,,0.282864,,,2650,749.5896,,,,,"{""area_m2"":{""status_codes"":[""derived""],""source_cell"":""Расчет!J51"",""source_formula"":""=((C51*D51)*E51)*0.000001""},""historical_unit_price"":{""status_codes"":[""static"",""historical_price""],""source_cell"":""Расчет!H51""},""historical_line_cost"":{""status_codes"":[""derived"",""historical_price""],""source_cell"":""Расчет!K51"",""source_formula"":""=J51*H51""}}",derived;static;historical_price,source-materials/Medvedev.Works.Calc.zip,Medvedev.Works.Calc/Примеры расчетов/Кукня_01.08.24.xls,Расчет,B51:P51,"{""B51"":""ЛДСП 16мм корпус стяжка"",""C51"":""568"",""D51"":""498"",""E51"":""1"",""F51"":""0"",""G51"":""0"",""H51"":""           2 650р. "",""I51"":""               -  р. "",""J51"":""0,28"",""K51"":""         749,59р. "",""L51"":""               -  р. "",""M51"":""               -  р. "",""N51"":""               -  р. "",""O51"":""               -  р. "",""P51"":""               749,59р. ""}",,
I-20240801-A01A55EF3763F740,P-2024-08-01,C-20240801-7958F2A2A13E54EB,ЛДСП 16мм корпус стяжка,Кромка — ЛДСП 16мм корпус стяжка,цена кромки,material,,,,,,,,м,m,,,,,,,,0,0,,,,,"{""historical_unit_price"":{""status_codes"":[""static"",""historical_price""],""source_cell"":""Расчет!I51""},""historical_line_cost"":{""status_codes"":[""derived"",""historical_price""],""source_cell"":""Данные!C48"",""source_formula"":""=((((Расчет!C51*Расчет!F51)+(Расчет!D51*Расчет!G51))*Расчет!E51)/1000)*Расчет!I51""}}",derived;static;historical_price,source-materials/Medvedev.Works.Calc.zip,Medvedev.Works.Calc/Примеры расчетов/Кукня_01.08.24.xls,Расчет,B51:P51,"{""B51"":""ЛДСП 16мм корпус стяжка"",""C51"":""568"",""D51"":""498"",""E51"":""1"",""F51"":""0"",""G51"":""0"",""H51"":""           2 650р. "",""I51"":""               -  р. "",""J51"":""0,28"",""K51"":""         749,59р. "",""L51"":""               -  р. "",""M51"":""               -  р. "",""N51"":""               -  р. "",""O51"":""               -  р. "",""P51"":""               749,59р. ""}",,
I-20240801-D4066A0FF026EB36,P-2024-08-01,C-20240801-4B7CD5B2A18B9279,ЛДСП 16мм корпус стяжка,Работа по площади — ЛДСП 16мм корпус стяжка,работа с площадью,work,,,,,,,,м²,m2,,,,,0.282864,,,0,0,,,,,"{""area_m2"":{""status_codes"":[""derived""],""source_cell"":""Расчет!J51"",""source_formula"":""=((C51*D51)*E51)*0.000001""},""historical_unit_price"":{""status_codes"":[""static"",""historical_price""],""source_cell"":""Расчет!L51""},""historical_line_cost"":{""status_codes"":[""derived"",""historical_price""],""source_cell"":""Расчет!M51"",""source_formula"":""=(C51*D51*E51*0.000001)*L51""}}",derived;static;historical_price,source-materials/Medvedev.Works.Calc.zip,Medvedev.Works.Calc/Примеры расчетов/Кукня_01.08.24.xls,Расчет,B51:P51,"{""B51"":""ЛДСП 16мм корпус стяжка"",""C51"":""568"",""D51"":""498"",""E51"":""1"",""F51"":""0"",""G51"":""0"",""H51"":""           2 650р. "",""I51"":""               -  р. "",""J51"":""0,28"",""K51"":""         749,59р. "",""L51"":""               -  р. "",""M51"":""               -  р. "",""N51"":""               -  р. "",""O51"":""               -  р. "",""P51"":""               749,59р. ""}",,
I-20240801-A7EDE9B660770B0E,P-2024-08-01,C-20240801-4B7CD5B2A18B9279,ЛДСП 16мм корпус стяжка,Работа с кромкой — ЛДСП 16мм корпус стяжка,раб. с кр-ой,work,,,,,,,,м,m,,,,,,,,0,0,,,,,"{""historical_unit_price"":{""status_codes"":[""static"",""historical_price""],""source_cell"":""Расчет!N51""},""historical_line_cost"":{""status_codes"":[""derived"",""historical_price""],""source_cell"":""Расчет!O51"",""source_formula"":""=((C51*E51*F51*0.001)+(D51*E51*G51*0.001))*N51""}}",derived;static;historical_price,source-materials/Medvedev.Works.Calc.zip,Medvedev.Works.Calc/Примеры расчетов/Кукня_01.08.24.xls,Расчет,B51:P51,"{""B51"":""ЛДСП 16мм корпус стяжка"",""C51"":""568"",""D51"":""498"",""E51"":""1"",""F51"":""0"",""G51"":""0"",""H51"":""           2 650р. "",""I51"":""               -  р. "",""J51"":""0,28"",""K51"":""         749,59р. "",""L51"":""               -  р. "",""M51"":""               -  р. "",""N51"":""               -  р. "",""O51"":""               -  р. "",""P51"":""               749,59р. ""}",,
I-20240801-B392042B16FC2254,P-2024-08-01,,ЛДСП 16мм корпус стяжка,Стоимость детали — ЛДСП 16мм корпус стяжка,стоимость детали,subtotal,,,,,,,,р.,currency,,,,,,,,,749.5896,,,,,"{""historical_line_cost"":{""status_codes"":[""derived"",""historical_price""],""source_cell"":""Расчет!P51"",""source_formula"":""=IF($K$2=0,(((C51*D51*E51*0.000001*H51)+(C51*E51*F51*0.001*I51)+(D51*E51*G51*0.001*I51)+M51+O51)*$J$2),(((C51*D51*E51*0.000001*H51)+(C51*E51*F51*0.001*I51)+(D51*E51*G51*0.001*I51)+M51+O51)*$J$2)/$K$2)""}}",derived;historical_price,source-materials/Medvedev.Works.Calc.zip,Medvedev.Works.Calc/Примеры расчетов/Кукня_01.08.24.xls,Расчет,B51:P51,"{""B51"":""ЛДСП 16мм корпус стяжка"",""C51"":""568"",""D51"":""498"",""E51"":""1"",""F51"":""0"",""G51"":""0"",""H51"":""           2 650р. "",""I51"":""               -  р. "",""J51"":""0,28"",""K51"":""         749,59р. "",""L51"":""               -  р. "",""M51"":""               -  р. "",""N51"":""               -  р. "",""O51"":""               -  р. "",""P51"":""               749,59р. ""}",,
I-20240801-C625E4D043F80444,P-2024-08-01,C-20240801-7958F2A2A13E54EB,ЛДСП 16мм корпус стяжка,Материал — ЛДСП 16мм корпус стяжка,цена материала,material,,,,,,,,м²,m2,,,,,0.532784,,,2650,1411.8776,,,,,"{""area_m2"":{""status_codes"":[""derived""],""source_cell"":""Расчет!J52"",""source_formula"":""=((C52*D52)*E52)*0.000001""},""historical_unit_price"":{""status_codes"":[""static"",""historical_price""],""source_cell"":""Расчет!H52""},""historical_line_cost"":{""status_codes"":[""derived"",""historical_price""],""source_cell"":""Расчет!K52"",""source_formula"":""=J52*H52""}}",derived;static;historical_price,source-materials/Medvedev.Works.Calc.zip,Medvedev.Works.Calc/Примеры расчетов/Кукня_01.08.24.xls,Расчет,B52:P52,"{""B52"":""ЛДСП 16мм корпус стяжка"",""C52"":""568"",""D52"":""938"",""E52"":""1"",""F52"":""0"",""G52"":""0"",""H52"":""           2 650р. "",""I52"":""               -  р. "",""J52"":""0,53"",""K52"":""      1 411,88р. "",""L52"":""               -  р. "",""M52"":""               -  р. "",""N52"":""               -  р. "",""O52"":""               -  р. "",""P52"":""            1 411,88р. ""}",,
I-20240801-C2DBDE65570A2CAE,P-2024-08-01,C-20240801-7958F2A2A13E54EB,ЛДСП 16мм корпус стяжка,Кромка — ЛДСП 16мм корпус стяжка,цена кромки,material,,,,,,,,м,m,,,,,,,,0,0,,,,,"{""historical_unit_price"":{""status_codes"":[""static"",""historical_price""],""source_cell"":""Расчет!I52""},""historical_line_cost"":{""status_codes"":[""derived"",""historical_price""],""source_cell"":""Данные!C49"",""source_formula"":""=((((Расчет!C52*Расчет!F52)+(Расчет!D52*Расчет!G52))*Расчет!E52)/1000)*Расчет!I52""}}",derived;static;historical_price,source-materials/Medvedev.Works.Calc.zip,Medvedev.Works.Calc/Примеры расчетов/Кукня_01.08.24.xls,Расчет,B52:P52,"{""B52"":""ЛДСП 16мм корпус стяжка"",""C52"":""568"",""D52"":""938"",""E52"":""1"",""F52"":""0"",""G52"":""0"",""H52"":""           2 650р. "",""I52"":""               -  р. "",""J52"":""0,53"",""K52"":""      1 411,88р. "",""L52"":""               -  р. "",""M52"":""               -  р. "",""N52"":""               -  р. "",""O52"":""               -  р. "",""P52"":""            1 411,88р. ""}",,
I-20240801-F2BF73285122053A,P-2024-08-01,C-20240801-4B7CD5B2A18B9279,ЛДСП 16мм корпус стяжка,Работа по площади — ЛДСП 16мм корпус стяжка,работа с площадью,work,,,,,,,,м²,m2,,,,,0.532784,,,0,0,,,,,"{""area_m2"":{""status_codes"":[""derived""],""source_cell"":""Расчет!J52"",""source_formula"":""=((C52*D52)*E52)*0.000001""},""historical_unit_price"":{""status_codes"":[""static"",""historical_price""],""source_cell"":""Расчет!L52""},""historical_line_cost"":{""status_codes"":[""derived"",""historical_price""],""source_cell"":""Расчет!M52"",""source_formula"":""=(C52*D52*E52*0.000001)*L52""}}",derived;static;historical_price,source-materials/Medvedev.Works.Calc.zip,Medvedev.Works.Calc/Примеры расчетов/Кукня_01.08.24.xls,Расчет,B52:P52,"{""B52"":""ЛДСП 16мм корпус стяжка"",""C52"":""568"",""D52"":""938"",""E52"":""1"",""F52"":""0"",""G52"":""0"",""H52"":""           2 650р. "",""I52"":""               -  р. "",""J52"":""0,53"",""K52"":""      1 411,88р. "",""L52"":""               -  р. "",""M52"":""               -  р. "",""N52"":""               -  р. "",""O52"":""               -  р. "",""P52"":""            1 411,88р. ""}",,
I-20240801-7BA9C6A81B0A5B57,P-2024-08-01,C-20240801-4B7CD5B2A18B9279,ЛДСП 16мм корпус стяжка,Работа с кромкой — ЛДСП 16мм корпус стяжка,раб. с кр-ой,work,,,,,,,,м,m,,,,,,,,0,0,,,,,"{""historical_unit_price"":{""status_codes"":[""static"",""historical_price""],""source_cell"":""Расчет!N52""},""historical_line_cost"":{""status_codes"":[""derived"",""historical_price""],""source_cell"":""Расчет!O52"",""source_formula"":""=((C52*E52*F52*0.001)+(D52*E52*G52*0.001))*N52""}}",derived;static;historical_price,source-materials/Medvedev.Works.Calc.zip,Medvedev.Works.Calc/Примеры расчетов/Кукня_01.08.24.xls,Расчет,B52:P52,"{""B52"":""ЛДСП 16мм корпус стяжка"",""C52"":""568"",""D52"":""938"",""E52"":""1"",""F52"":""0"",""G52"":""0"",""H52"":""           2 650р. "",""I52"":""               -  р. "",""J52"":""0,53"",""K52"":""      1 411,88р. "",""L52"":""               -  р. "",""M52"":""               -  р. "",""N52"":""               -  р. "",""O52"":""               -  р. "",""P52"":""            1 411,88р. ""}",,
I-20240801-3E00420CF7338192,P-2024-08-01,,ЛДСП 16мм корпус стяжка,Стоимость детали — ЛДСП 16мм корпус стяжка,стоимость детали,subtotal,,,,,,,,р.,currency,,,,,,,,,1411.8776,,,,,"{""historical_line_cost"":{""status_codes"":[""derived"",""historical_price""],""source_cell"":""Расчет!P52"",""source_formula"":""=IF($K$2=0,(((C52*D52*E52*0.000001*H52)+(C52*E52*F52*0.001*I52)+(D52*E52*G52*0.001*I52)+M52+O52)*$J$2),(((C52*D52*E52*0.000001*H52)+(C52*E52*F52*0.001*I52)+(D52*E52*G52*0.001*I52)+M52+O52)*$J$2)/$K$2)""}}",derived;historical_price,source-materials/Medvedev.Works.Calc.zip,Medvedev.Works.Calc/Примеры расчетов/Кукня_01.08.24.xls,Расчет,B52:P52,"{""B52"":""ЛДСП 16мм корпус стяжка"",""C52"":""568"",""D52"":""938"",""E52"":""1"",""F52"":""0"",""G52"":""0"",""H52"":""           2 650р. "",""I52"":""               -  р. "",""J52"":""0,53"",""K52"":""      1 411,88р. "",""L52"":""               -  р. "",""M52"":""               -  р. "",""N52"":""               -  р. "",""O52"":""               -  р. "",""P52"":""            1 411,88р. ""}",,
I-20240801-28026A4132D1DB25,P-2024-08-01,C-20240801-7958F2A2A13E54EB,ЛДСП 16мм корпус стяжка,Материал — ЛДСП 16мм корпус стяжка,цена материала,material,,,,,,,,м²,m2,,,,,0.950184,,,2650,2517.9876,,,,,"{""area_m2"":{""status_codes"":[""derived""],""source_cell"":""Расчет!J53"",""source_formula"":""=((C53*D53)*E53)*0.000001""},""historical_unit_price"":{""status_codes"":[""static"",""historical_price""],""source_cell"":""Расчет!H53""},""historical_line_cost"":{""status_codes"":[""derived"",""historical_price""],""source_cell"":""Расчет!K53"",""source_formula"":""=J53*H53""}}",derived;static;historical_price,source-materials/Medvedev.Works.Calc.zip,Medvedev.Works.Calc/Примеры расчетов/Кукня_01.08.24.xls,Расчет,B53:P53,"{""B53"":""ЛДСП 16мм корпус стяжка"",""C53"":""318"",""D53"":""498"",""E53"":""6"",""F53"":""0"",""G53"":""0"",""H53"":""           2 650р. "",""I53"":""               -  р. "",""J53"":""0,95"",""K53"":""      2 517,99р. "",""L53"":""               -  р. "",""M53"":""               -  р. "",""N53"":""               -  р. "",""O53"":""               -  р. "",""P53"":""            2 517,99р. ""}",,
I-20240801-21B01464F353E580,P-2024-08-01,C-20240801-7958F2A2A13E54EB,ЛДСП 16мм корпус стяжка,Кромка — ЛДСП 16мм корпус стяжка,цена кромки,material,,,,,,,,м,m,,,,,,,,0,0,,,,,"{""historical_unit_price"":{""status_codes"":[""static"",""historical_price""],""source_cell"":""Расчет!I53""},""historical_line_cost"":{""status_codes"":[""derived"",""historical_price""],""source_cell"":""Данные!C50"",""source_formula"":""=((((Расчет!C53*Расчет!F53)+(Расчет!D53*Расчет!G53))*Расчет!E53)/1000)*Расчет!I53""}}",derived;static;historical_price,source-materials/Medvedev.Works.Calc.zip,Medvedev.Works.Calc/Примеры расчетов/Кукня_01.08.24.xls,Расчет,B53:P53,"{""B53"":""ЛДСП 16мм корпус стяжка"",""C53"":""318"",""D53"":""498"",""E53"":""6"",""F53"":""0"",""G53"":""0"",""H53"":""           2 650р. "",""I53"":""               -  р. "",""J53"":""0,95"",""K53"":""      2 517,99р. "",""L53"":""               -  р. "",""M53"":""               -  р. "",""N53"":""               -  р. "",""O53"":""               -  р. "",""P53"":""            2 517,99р. ""}",,
I-20240801-1EBD185D358E176B,P-2024-08-01,C-20240801-4B7CD5B2A18B9279,ЛДСП 16мм корпус стяжка,Работа по площади — ЛДСП 16мм корпус стяжка,работа с площадью,work,,,,,,,,м²,m2,,,,,0.950184,,,0,0,,,,,"{""area_m2"":{""status_codes"":[""derived""],""source_cell"":""Расчет!J53"",""source_formula"":""=((C53*D53)*E53)*0.000001""},""historical_unit_price"":{""status_codes"":[""static"",""historical_price""],""source_cell"":""Расчет!L53""},""historical_line_cost"":{""status_codes"":[""derived"",""historical_price""],""source_cell"":""Расчет!M53"",""source_formula"":""=(C53*D53*E53*0.000001)*L53""}}",derived;static;historical_price,source-materials/Medvedev.Works.Calc.zip,Medvedev.Works.Calc/Примеры расчетов/Кукня_01.08.24.xls,Расчет,B53:P53,"{""B53"":""ЛДСП 16мм корпус стяжка"",""C53"":""318"",""D53"":""498"",""E53"":""6"",""F53"":""0"",""G53"":""0"",""H53"":""           2 650р. "",""I53"":""               -  р. "",""J53"":""0,95"",""K53"":""      2 517,99р. "",""L53"":""               -  р. "",""M53"":""               -  р. "",""N53"":""               -  р. "",""O53"":""               -  р. "",""P53"":""            2 517,99р. ""}",,
I-20240801-35B2DF5368A0A128,P-2024-08-01,C-20240801-4B7CD5B2A18B9279,ЛДСП 16мм корпус стяжка,Работа с кромкой — ЛДСП 16мм корпус стяжка,раб. с кр-ой,work,,,,,,,,м,m,,,,,,,,0,0,,,,,"{""historical_unit_price"":{""status_codes"":[""static"",""historical_price""],""source_cell"":""Расчет!N53""},""historical_line_cost"":{""status_codes"":[""derived"",""historical_price""],""source_cell"":""Расчет!O53"",""source_formula"":""=((C53*E53*F53*0.001)+(D53*E53*G53*0.001))*N53""}}",derived;static;historical_price,source-materials/Medvedev.Works.Calc.zip,Medvedev.Works.Calc/Примеры расчетов/Кукня_01.08.24.xls,Расчет,B53:P53,"{""B53"":""ЛДСП 16мм корпус стяжка"",""C53"":""318"",""D53"":""498"",""E53"":""6"",""F53"":""0"",""G53"":""0"",""H53"":""           2 650р. "",""I53"":""               -  р. "",""J53"":""0,95"",""K53"":""      2 517,99р. "",""L53"":""               -  р. "",""M53"":""               -  р. "",""N53"":""               -  р. "",""O53"":""               -  р. "",""P53"":""            2 517,99р. ""}",,
I-20240801-C156557189931264,P-2024-08-01,,ЛДСП 16мм корпус стяжка,Стоимость детали — ЛДСП 16мм корпус стяжка,стоимость детали,subtotal,,,,,,,,р.,currency,,,,,,,,,2517.9876,,,,,"{""historical_line_cost"":{""status_codes"":[""derived"",""historical_price""],""source_cell"":""Расчет!P53"",""source_formula"":""=IF($K$2=0,(((C53*D53*E53*0.000001*H53)+(C53*E53*F53*0.001*I53)+(D53*E53*G53*0.001*I53)+M53+O53)*$J$2),(((C53*D53*E53*0.000001*H53)+(C53*E53*F53*0.001*I53)+(D53*E53*G53*0.001*I53)+M53+O53)*$J$2)/$K$2)""}}",derived;historical_price,source-materials/Medvedev.Works.Calc.zip,Medvedev.Works.Calc/Примеры расчетов/Кукня_01.08.24.xls,Расчет,B53:P53,"{""B53"":""ЛДСП 16мм корпус стяжка"",""C53"":""318"",""D53"":""498"",""E53"":""6"",""F53"":""0"",""G53"":""0"",""H53"":""           2 650р. "",""I53"":""               -  р. "",""J53"":""0,95"",""K53"":""      2 517,99р. "",""L53"":""               -  р. "",""M53"":""               -  р. "",""N53"":""               -  р. "",""O53"":""               -  р. "",""P53"":""            2 517,99р. ""}",,
I-20240801-CDF84E352481ED01,P-2024-08-01,C-20240801-7958F2A2A13E54EB,ЛДСП 16мм корпус стяжка,Материал — ЛДСП 16мм корпус стяжка,цена материала,material,,,,,,,,м²,m2,,,,,0.163452,,,2650,433.1478,,,,,"{""area_m2"":{""status_codes"":[""derived""],""source_cell"":""Расчет!J54"",""source_formula"":""=((C54*D54)*E54)*0.000001""},""historical_unit_price"":{""status_codes"":[""static"",""historical_price""],""source_cell"":""Расчет!H54""},""historical_line_cost"":{""status_codes"":[""derived"",""historical_price""],""source_cell"":""Расчет!K54"",""source_formula"":""=J54*H54""}}",derived;static;historical_price,source-materials/Medvedev.Works.Calc.zip,Medvedev.Works.Calc/Примеры расчетов/Кукня_01.08.24.xls,Расчет,B54:P54,"{""B54"":""ЛДСП 16мм корпус стяжка"",""C54"":""318"",""D54"":""514"",""E54"":""1"",""F54"":""0"",""G54"":""0"",""H54"":""           2 650р. "",""I54"":""               -  р. "",""J54"":""0,16"",""K54"":""         433,15р. "",""L54"":""               -  р. "",""M54"":""               -  р. "",""N54"":""               -  р. "",""O54"":""               -  р. "",""P54"":""               433,15р. ""}",,
I-20240801-62A29A1A229D41E4,P-2024-08-01,C-20240801-7958F2A2A13E54EB,ЛДСП 16мм корпус стяжка,Кромка — ЛДСП 16мм корпус стяжка,цена кромки,material,,,,,,,,м,m,,,,,,,,0,0,,,,,"{""historical_unit_price"":{""status_codes"":[""static"",""historical_price""],""source_cell"":""Расчет!I54""},""historical_line_cost"":{""status_codes"":[""derived"",""historical_price""],""source_cell"":""Данные!C51"",""source_formula"":""=((((Расчет!C54*Расчет!F54)+(Расчет!D54*Расчет!G54))*Расчет!E54)/1000)*Расчет!I54""}}",derived;static;historical_price,source-materials/Medvedev.Works.Calc.zip,Medvedev.Works.Calc/Примеры расчетов/Кукня_01.08.24.xls,Расчет,B54:P54,"{""B54"":""ЛДСП 16мм корпус стяжка"",""C54"":""318"",""D54"":""514"",""E54"":""1"",""F54"":""0"",""G54"":""0"",""H54"":""           2 650р. "",""I54"":""               -  р. "",""J54"":""0,16"",""K54"":""         433,15р. "",""L54"":""               -  р. "",""M54"":""               -  р. "",""N54"":""               -  р. "",""O54"":""               -  р. "",""P54"":""               433,15р. ""}",,
I-20240801-E6A1C9484581AAA7,P-2024-08-01,C-20240801-4B7CD5B2A18B9279,ЛДСП 16мм корпус стяжка,Работа по площади — ЛДСП 16мм корпус стяжка,работа с площадью,work,,,,,,,,м²,m2,,,,,0.163452,,,0,0,,,,,"{""area_m2"":{""status_codes"":[""derived""],""source_cell"":""Расчет!J54"",""source_formula"":""=((C54*D54)*E54)*0.000001""},""historical_unit_price"":{""status_codes"":[""static"",""historical_price""],""source_cell"":""Расчет!L54""},""historical_line_cost"":{""status_codes"":[""derived"",""historical_price""],""source_cell"":""Расчет!M54"",""source_formula"":""=(C54*D54*E54*0.000001)*L54""}}",derived;static;historical_price,source-materials/Medvedev.Works.Calc.zip,Medvedev.Works.Calc/Примеры расчетов/Кукня_01.08.24.xls,Расчет,B54:P54,"{""B54"":""ЛДСП 16мм корпус стяжка"",""C54"":""318"",""D54"":""514"",""E54"":""1"",""F54"":""0"",""G54"":""0"",""H54"":""           2 650р. "",""I54"":""               -  р. "",""J54"":""0,16"",""K54"":""         433,15р. "",""L54"":""               -  р. "",""M54"":""               -  р. "",""N54"":""               -  р. "",""O54"":""               -  р. "",""P54"":""               433,15р. ""}",,
I-20240801-0B7B9987BD0342CD,P-2024-08-01,C-20240801-4B7CD5B2A18B9279,ЛДСП 16мм корпус стяжка,Работа с кромкой — ЛДСП 16мм корпус стяжка,раб. с кр-ой,work,,,,,,,,м,m,,,,,,,,0,0,,,,,"{""historical_unit_price"":{""status_codes"":[""static"",""historical_price""],""source_cell"":""Расчет!N54""},""historical_line_cost"":{""status_codes"":[""derived"",""historical_price""],""source_cell"":""Расчет!O54"",""source_formula"":""=((C54*E54*F54*0.001)+(D54*E54*G54*0.001))*N54""}}",derived;static;historical_price,source-materials/Medvedev.Works.Calc.zip,Medvedev.Works.Calc/Примеры расчетов/Кукня_01.08.24.xls,Расчет,B54:P54,"{""B54"":""ЛДСП 16мм корпус стяжка"",""C54"":""318"",""D54"":""514"",""E54"":""1"",""F54"":""0"",""G54"":""0"",""H54"":""           2 650р. "",""I54"":""               -  р. "",""J54"":""0,16"",""K54"":""         433,15р. "",""L54"":""               -  р. "",""M54"":""               -  р. "",""N54"":""               -  р. "",""O54"":""               -  р. "",""P54"":""               433,15р. ""}",,
I-20240801-05133BB5CE03AF4E,P-2024-08-01,,ЛДСП 16мм корпус стяжка,Стоимость детали — ЛДСП 16мм корпус стяжка,стоимость детали,subtotal,,,,,,,,р.,currency,,,,,,,,,433.1478,,,,,"{""historical_line_cost"":{""status_codes"":[""derived"",""historical_price""],""source_cell"":""Расчет!P54"",""source_formula"":""=IF($K$2=0,(((C54*D54*E54*0.000001*H54)+(C54*E54*F54*0.001*I54)+(D54*E54*G54*0.001*I54)+M54+O54)*$J$2),(((C54*D54*E54*0.000001*H54)+(C54*E54*F54*0.001*I54)+(D54*E54*G54*0.001*I54)+M54+O54)*$J$2)/$K$2)""}}",derived;historical_price,source-materials/Medvedev.Works.Calc.zip,Medvedev.Works.Calc/Примеры расчетов/Кукня_01.08.24.xls,Расчет,B54:P54,"{""B54"":""ЛДСП 16мм корпус стяжка"",""C54"":""318"",""D54"":""514"",""E54"":""1"",""F54"":""0"",""G54"":""0"",""H54"":""           2 650р. "",""I54"":""               -  р. "",""J54"":""0,16"",""K54"":""         433,15р. "",""L54"":""               -  р. "",""M54"":""               -  р. "",""N54"":""               -  р. "",""O54"":""               -  р. "",""P54"":""               433,15р. ""}",,
I-20240801-04826976DD1AB2BC,P-2024-08-01,C-20240801-7958F2A2A13E54EB,ЛДСП 16мм корпус стяжка,Материал — ЛДСП 16мм корпус стяжка,цена материала,material,,,,,,,,м²,m2,,,,,0.730764,,,2650,1936.5246,,,,,"{""area_m2"":{""status_codes"":[""derived""],""source_cell"":""Расчет!J55"",""source_formula"":""=((C55*D55)*E55)*0.000001""},""historical_unit_price"":{""status_codes"":[""static"",""historical_price""],""source_cell"":""Расчет!H55""},""historical_line_cost"":{""status_codes"":[""derived"",""historical_price""],""source_cell"":""Расчет!K55"",""source_formula"":""=J55*H55""}}",derived;static;historical_price,source-materials/Medvedev.Works.Calc.zip,Medvedev.Works.Calc/Примеры расчетов/Кукня_01.08.24.xls,Расчет,B55:P55,"{""B55"":""ЛДСП 16мм корпус стяжка"",""C55"":""318"",""D55"":""2298"",""E55"":""1"",""F55"":""0"",""G55"":""0"",""H55"":""           2 650р. "",""I55"":""               -  р. "",""J55"":""0,73"",""K55"":""      1 936,52р. "",""L55"":""               -  р. "",""M55"":""               -  р. "",""N55"":""               -  р. "",""O55"":""               -  р. "",""P55"":""            1 936,52р. ""}",,
I-20240801-A7275FB150C1BB08,P-2024-08-01,C-20240801-7958F2A2A13E54EB,ЛДСП 16мм корпус стяжка,Кромка — ЛДСП 16мм корпус стяжка,цена кромки,material,,,,,,,,м,m,,,,,,,,0,0,,,,,"{""historical_unit_price"":{""status_codes"":[""static"",""historical_price""],""source_cell"":""Расчет!I55""},""historical_line_cost"":{""status_codes"":[""derived"",""historical_price""],""source_cell"":""Данные!C52"",""source_formula"":""=((((Расчет!C55*Расчет!F55)+(Расчет!D55*Расчет!G55))*Расчет!E55)/1000)*Расчет!I55""}}",derived;static;historical_price,source-materials/Medvedev.Works.Calc.zip,Medvedev.Works.Calc/Примеры расчетов/Кукня_01.08.24.xls,Расчет,B55:P55,"{""B55"":""ЛДСП 16мм корпус стяжка"",""C55"":""318"",""D55"":""2298"",""E55"":""1"",""F55"":""0"",""G55"":""0"",""H55"":""           2 650р. "",""I55"":""               -  р. "",""J55"":""0,73"",""K55"":""      1 936,52р. "",""L55"":""               -  р. "",""M55"":""               -  р. "",""N55"":""               -  р. "",""O55"":""               -  р. "",""P55"":""            1 936,52р. ""}",,
I-20240801-0D0F2C5C8C02FBEC,P-2024-08-01,C-20240801-4B7CD5B2A18B9279,ЛДСП 16мм корпус стяжка,Работа по площади — ЛДСП 16мм корпус стяжка,работа с площадью,work,,,,,,,,м²,m2,,,,,0.730764,,,0,0,,,,,"{""area_m2"":{""status_codes"":[""derived""],""source_cell"":""Расчет!J55"",""source_formula"":""=((C55*D55)*E55)*0.000001""},""historical_unit_price"":{""status_codes"":[""static"",""historical_price""],""source_cell"":""Расчет!L55""},""historical_line_cost"":{""status_codes"":[""derived"",""historical_price""],""source_cell"":""Расчет!M55"",""source_formula"":""=(C55*D55*E55*0.000001)*L55""}}",derived;static;historical_price,source-materials/Medvedev.Works.Calc.zip,Medvedev.Works.Calc/Примеры расчетов/Кукня_01.08.24.xls,Расчет,B55:P55,"{""B55"":""ЛДСП 16мм корпус стяжка"",""C55"":""318"",""D55"":""2298"",""E55"":""1"",""F55"":""0"",""G55"":""0"",""H55"":""           2 650р. "",""I55"":""               -  р. "",""J55"":""0,73"",""K55"":""      1 936,52р. "",""L55"":""               -  р. "",""M55"":""               -  р. "",""N55"":""               -  р. "",""O55"":""               -  р. "",""P55"":""            1 936,52р. ""}",,
I-20240801-118BBB2913D8F2CE,P-2024-08-01,C-20240801-4B7CD5B2A18B9279,ЛДСП 16мм корпус стяжка,Работа с кромкой — ЛДСП 16мм корпус стяжка,раб. с кр-ой,work,,,,,,,,м,m,,,,,,,,0,0,,,,,"{""historical_unit_price"":{""status_codes"":[""static"",""historical_price""],""source_cell"":""Расчет!N55""},""historical_line_cost"":{""status_codes"":[""derived"",""historical_price""],""source_cell"":""Расчет!O55"",""source_formula"":""=((C55*E55*F55*0.001)+(D55*E55*G55*0.001))*N55""}}",derived;static;historical_price,source-materials/Medvedev.Works.Calc.zip,Medvedev.Works.Calc/Примеры расчетов/Кукня_01.08.24.xls,Расчет,B55:P55,"{""B55"":""ЛДСП 16мм корпус стяжка"",""C55"":""318"",""D55"":""2298"",""E55"":""1"",""F55"":""0"",""G55"":""0"",""H55"":""           2 650р. "",""I55"":""               -  р. "",""J55"":""0,73"",""K55"":""      1 936,52р. "",""L55"":""               -  р. "",""M55"":""               -  р. "",""N55"":""               -  р. "",""O55"":""               -  р. "",""P55"":""            1 936,52р. ""}",,
I-20240801-8318368FAAAEB3BB,P-2024-08-01,,ЛДСП 16мм корпус стяжка,Стоимость детали — ЛДСП 16мм корпус стяжка,стоимость детали,subtotal,,,,,,,,р.,currency,,,,,,,,,1936.5246,,,,,"{""historical_line_cost"":{""status_codes"":[""derived"",""historical_price""],""source_cell"":""Расчет!P55"",""source_formula"":""=IF($K$2=0,(((C55*D55*E55*0.000001*H55)+(C55*E55*F55*0.001*I55)+(D55*E55*G55*0.001*I55)+M55+O55)*$J$2),(((C55*D55*E55*0.000001*H55)+(C55*E55*F55*0.001*I55)+(D55*E55*G55*0.001*I55)+M55+O55)*$J$2)/$K$2)""}}",derived;historical_price,source-materials/Medvedev.Works.Calc.zip,Medvedev.Works.Calc/Примеры расчетов/Кукня_01.08.24.xls,Расчет,B55:P55,"{""B55"":""ЛДСП 16мм корпус стяжка"",""C55"":""318"",""D55"":""2298"",""E55"":""1"",""F55"":""0"",""G55"":""0"",""H55"":""           2 650р. "",""I55"":""               -  р. "",""J55"":""0,73"",""K55"":""      1 936,52р. "",""L55"":""               -  р. "",""M55"":""               -  р. "",""N55"":""               -  р. "",""O55"":""               -  р. "",""P55"":""            1 936,52р. ""}",,
I-20240801-40CD7B80A47A2F04,P-2024-08-01,C-20240801-7958F2A2A13E54EB,ЛДСП 16мм корпус фальшпанель,Материал — ЛДСП 16мм корпус фальшпанель,цена материала,material,,,,,,,,м²,m2,,,,,0.41965,,,2650,1112.0725,,,,,"{""area_m2"":{""status_codes"":[""derived""],""source_cell"":""Расчет!J56"",""source_formula"":""=((C56*D56)*E56)*0.000001""},""historical_unit_price"":{""status_codes"":[""static"",""historical_price""],""source_cell"":""Расчет!H56""},""historical_line_cost"":{""status_codes"":[""derived"",""historical_price""],""source_cell"":""Расчет!K56"",""source_formula"":""=J56*H56""}}",derived;static;historical_price,source-materials/Medvedev.Works.Calc.zip,Medvedev.Works.Calc/Примеры расчетов/Кукня_01.08.24.xls,Расчет,B56:P56,"{""B56"":""ЛДСП 16мм корпус фальшпанель"",""C56"":""763"",""D56"":""550"",""E56"":""1"",""F56"":""0"",""G56"":""0"",""H56"":""           2 650р. "",""I56"":""               -  р. "",""J56"":""0,42"",""K56"":""      1 112,07р. "",""L56"":""               -  р. "",""M56"":""               -  р. "",""N56"":""               -  р. "",""O56"":""               -  р. "",""P56"":""            1 112,07р. ""}",,
I-20240801-7ABD040548D31932,P-2024-08-01,C-20240801-7958F2A2A13E54EB,ЛДСП 16мм корпус фальшпанель,Кромка — ЛДСП 16мм корпус фальшпанель,цена кромки,material,,,,,,,,м,m,,,,,,,,0,0,,,,,"{""historical_unit_price"":{""status_codes"":[""static"",""historical_price""],""source_cell"":""Расчет!I56""},""historical_line_cost"":{""status_codes"":[""derived"",""historical_price""],""source_cell"":""Данные!C53"",""source_formula"":""=((((Расчет!C56*Расчет!F56)+(Расчет!D56*Расчет!G56))*Расчет!E56)/1000)*Расчет!I56""}}",derived;static;historical_price,source-materials/Medvedev.Works.Calc.zip,Medvedev.Works.Calc/Примеры расчетов/Кукня_01.08.24.xls,Расчет,B56:P56,"{""B56"":""ЛДСП 16мм корпус фальшпанель"",""C56"":""763"",""D56"":""550"",""E56"":""1"",""F56"":""0"",""G56"":""0"",""H56"":""           2 650р. "",""I56"":""               -  р. "",""J56"":""0,42"",""K56"":""      1 112,07р. "",""L56"":""               -  р. "",""M56"":""               -  р. "",""N56"":""               -  р. "",""O56"":""               -  р. "",""P56"":""            1 112,07р. ""}",,
I-20240801-B6CCEF1A403179BC,P-2024-08-01,C-20240801-4B7CD5B2A18B9279,ЛДСП 16мм корпус фальшпанель,Работа по площади — ЛДСП 16мм корпус фальшпанель,работа с площадью,work,,,,,,,,м²,m2,,,,,0.41965,,,0,0,,,,,"{""area_m2"":{""status_codes"":[""derived""],""source_cell"":""Расчет!J56"",""source_formula"":""=((C56*D56)*E56)*0.000001""},""historical_unit_price"":{""status_codes"":[""static"",""historical_price""],""source_cell"":""Расчет!L56""},""historical_line_cost"":{""status_codes"":[""derived"",""historical_price""],""source_cell"":""Расчет!M56"",""source_formula"":""=(C56*D56*E56*0.000001)*L56""}}",derived;static;historical_price,source-materials/Medvedev.Works.Calc.zip,Medvedev.Works.Calc/Примеры расчетов/Кукня_01.08.24.xls,Расчет,B56:P56,"{""B56"":""ЛДСП 16мм корпус фальшпанель"",""C56"":""763"",""D56"":""550"",""E56"":""1"",""F56"":""0"",""G56"":""0"",""H56"":""           2 650р. "",""I56"":""               -  р. "",""J56"":""0,42"",""K56"":""      1 112,07р. "",""L56"":""               -  р. "",""M56"":""               -  р. "",""N56"":""               -  р. "",""O56"":""               -  р. "",""P56"":""            1 112,07р. ""}",,
I-20240801-BA013CE9F17805CD,P-2024-08-01,C-20240801-4B7CD5B2A18B9279,ЛДСП 16мм корпус фальшпанель,Работа с кромкой — ЛДСП 16мм корпус фальшпанель,раб. с кр-ой,work,,,,,,,,м,m,,,,,,,,0,0,,,,,"{""historical_unit_price"":{""status_codes"":[""static"",""historical_price""],""source_cell"":""Расчет!N56""},""historical_line_cost"":{""status_codes"":[""derived"",""historical_price""],""source_cell"":""Расчет!O56"",""source_formula"":""=((C56*E56*F56*0.001)+(D56*E56*G56*0.001))*N56""}}",derived;static;historical_price,source-materials/Medvedev.Works.Calc.zip,Medvedev.Works.Calc/Примеры расчетов/Кукня_01.08.24.xls,Расчет,B56:P56,"{""B56"":""ЛДСП 16мм корпус фальшпанель"",""C56"":""763"",""D56"":""550"",""E56"":""1"",""F56"":""0"",""G56"":""0"",""H56"":""           2 650р. "",""I56"":""               -  р. "",""J56"":""0,42"",""K56"":""      1 112,07р. "",""L56"":""               -  р. "",""M56"":""               -  р. "",""N56"":""               -  р. "",""O56"":""               -  р. "",""P56"":""            1 112,07р. ""}",,
I-20240801-7D847E04A02B3A28,P-2024-08-01,,ЛДСП 16мм корпус фальшпанель,Стоимость детали — ЛДСП 16мм корпус фальшпанель,стоимость детали,subtotal,,,,,,,,р.,currency,,,,,,,,,1112.0725,,,,,"{""historical_line_cost"":{""status_codes"":[""derived"",""historical_price""],""source_cell"":""Расчет!P56"",""source_formula"":""=IF($K$2=0,(((C56*D56*E56*0.000001*H56)+(C56*E56*F56*0.001*I56)+(D56*E56*G56*0.001*I56)+M56+O56)*$J$2),(((C56*D56*E56*0.000001*H56)+(C56*E56*F56*0.001*I56)+(D56*E56*G56*0.001*I56)+M56+O56)*$J$2)/$K$2)""}}",derived;historical_price,source-materials/Medvedev.Works.Calc.zip,Medvedev.Works.Calc/Примеры расчетов/Кукня_01.08.24.xls,Расчет,B56:P56,"{""B56"":""ЛДСП 16мм корпус фальшпанель"",""C56"":""763"",""D56"":""550"",""E56"":""1"",""F56"":""0"",""G56"":""0"",""H56"":""           2 650р. "",""I56"":""               -  р. "",""J56"":""0,42"",""K56"":""      1 112,07р. "",""L56"":""               -  р. "",""M56"":""               -  р. "",""N56"":""               -  р. "",""O56"":""               -  р. "",""P56"":""            1 112,07р. ""}",,
I-20240801-9EA7434BB25ADF4B,P-2024-08-01,C-20240801-7958F2A2A13E54EB,ЛДСП 16мм корпус фиксатор планки,Материал — ЛДСП 16мм корпус фиксатор планки,цена материала,material,,,,,,,,м²,m2,,,,,0.0763,,,2650,202.195,,,,,"{""area_m2"":{""status_codes"":[""derived""],""source_cell"":""Расчет!J57"",""source_formula"":""=((C57*D57)*E57)*0.000001""},""historical_unit_price"":{""status_codes"":[""static"",""historical_price""],""source_cell"":""Расчет!H57""},""historical_line_cost"":{""status_codes"":[""derived"",""historical_price""],""source_cell"":""Расчет!K57"",""source_formula"":""=J57*H57""}}",derived;static;historical_price,source-materials/Medvedev.Works.Calc.zip,Medvedev.Works.Calc/Примеры расчетов/Кукня_01.08.24.xls,Расчет,B57:P57,"{""B57"":""ЛДСП 16мм корпус фиксатор планки"",""C57"":""763"",""D57"":""100"",""E57"":""1"",""F57"":""0"",""G57"":""0"",""H57"":""           2 650р. "",""I57"":""               -  р. "",""J57"":""0,08"",""K57"":""         202,20р. "",""L57"":""               -  р. "",""M57"":""               -  р. "",""N57"":""               -  р. "",""O57"":""               -  р. "",""P57"":""               202,20р. ""}",,
I-20240801-205CCAC5BEF305D3,P-2024-08-01,C-20240801-7958F2A2A13E54EB,ЛДСП 16мм корпус фиксатор планки,Кромка — ЛДСП 16мм корпус фиксатор планки,цена кромки,material,,,,,,,,м,m,,,,,,,,0,0,,,,,"{""historical_unit_price"":{""status_codes"":[""static"",""historical_price""],""source_cell"":""Расчет!I57""},""historical_line_cost"":{""status_codes"":[""derived"",""historical_price""],""source_cell"":""Данные!C54"",""source_formula"":""=((((Расчет!C57*Расчет!F57)+(Расчет!D57*Расчет!G57))*Расчет!E57)/1000)*Расчет!I57""}}",derived;static;historical_price,source-materials/Medvedev.Works.Calc.zip,Medvedev.Works.Calc/Примеры расчетов/Кукня_01.08.24.xls,Расчет,B57:P57,"{""B57"":""ЛДСП 16мм корпус фиксатор планки"",""C57"":""763"",""D57"":""100"",""E57"":""1"",""F57"":""0"",""G57"":""0"",""H57"":""           2 650р. "",""I57"":""               -  р. "",""J57"":""0,08"",""K57"":""         202,20р. "",""L57"":""               -  р. "",""M57"":""               -  р. "",""N57"":""               -  р. "",""O57"":""               -  р. "",""P57"":""               202,20р. ""}",,
I-20240801-95A548F17F1F8D1E,P-2024-08-01,C-20240801-4B7CD5B2A18B9279,ЛДСП 16мм корпус фиксатор планки,Работа по площади — ЛДСП 16мм корпус фиксатор планки,работа с площадью,work,,,,,,,,м²,m2,,,,,0.0763,,,0,0,,,,,"{""area_m2"":{""status_codes"":[""derived""],""source_cell"":""Расчет!J57"",""source_formula"":""=((C57*D57)*E57)*0.000001""},""historical_unit_price"":{""status_codes"":[""static"",""historical_price""],""source_cell"":""Расчет!L57""},""historical_line_cost"":{""status_codes"":[""derived"",""historical_price""],""source_cell"":""Расчет!M57"",""source_formula"":""=(C57*D57*E57*0.000001)*L57""}}",derived;static;historical_price,source-materials/Medvedev.Works.Calc.zip,Medvedev.Works.Calc/Примеры расчетов/Кукня_01.08.24.xls,Расчет,B57:P57,"{""B57"":""ЛДСП 16мм корпус фиксатор планки"",""C57"":""763"",""D57"":""100"",""E57"":""1"",""F57"":""0"",""G57"":""0"",""H57"":""           2 650р. "",""I57"":""               -  р. "",""J57"":""0,08"",""K57"":""         202,20р. "",""L57"":""               -  р. "",""M57"":""               -  р. "",""N57"":""               -  р. "",""O57"":""               -  р. "",""P57"":""               202,20р. ""}",,
I-20240801-0BEB204DD8684B1F,P-2024-08-01,C-20240801-4B7CD5B2A18B9279,ЛДСП 16мм корпус фиксатор планки,Работа с кромкой — ЛДСП 16мм корпус фиксатор планки,раб. с кр-ой,work,,,,,,,,м,m,,,,,,,,0,0,,,,,"{""historical_unit_price"":{""status_codes"":[""static"",""historical_price""],""source_cell"":""Расчет!N57""},""historical_line_cost"":{""status_codes"":[""derived"",""historical_price""],""source_cell"":""Расчет!O57"",""source_formula"":""=((C57*E57*F57*0.001)+(D57*E57*G57*0.001))*N57""}}",derived;static;historical_price,source-materials/Medvedev.Works.Calc.zip,Medvedev.Works.Calc/Примеры расчетов/Кукня_01.08.24.xls,Расчет,B57:P57,"{""B57"":""ЛДСП 16мм корпус фиксатор планки"",""C57"":""763"",""D57"":""100"",""E57"":""1"",""F57"":""0"",""G57"":""0"",""H57"":""           2 650р. "",""I57"":""               -  р. "",""J57"":""0,08"",""K57"":""         202,20р. "",""L57"":""               -  р. "",""M57"":""               -  р. "",""N57"":""               -  р. "",""O57"":""               -  р. "",""P57"":""               202,20р. ""}",,
I-20240801-918D74D870DB4C44,P-2024-08-01,,ЛДСП 16мм корпус фиксатор планки,Стоимость детали — ЛДСП 16мм корпус фиксатор планки,стоимость детали,subtotal,,,,,,,,р.,currency,,,,,,,,,202.195,,,,,"{""historical_line_cost"":{""status_codes"":[""derived"",""historical_price""],""source_cell"":""Расчет!P57"",""source_formula"":""=IF($K$2=0,(((C57*D57*E57*0.000001*H57)+(C57*E57*F57*0.001*I57)+(D57*E57*G57*0.001*I57)+M57+O57)*$J$2),(((C57*D57*E57*0.000001*H57)+(C57*E57*F57*0.001*I57)+(D57*E57*G57*0.001*I57)+M57+O57)*$J$2)/$K$2)""}}",derived;historical_price,source-materials/Medvedev.Works.Calc.zip,Medvedev.Works.Calc/Примеры расчетов/Кукня_01.08.24.xls,Расчет,B57:P57,"{""B57"":""ЛДСП 16мм корпус фиксатор планки"",""C57"":""763"",""D57"":""100"",""E57"":""1"",""F57"":""0"",""G57"":""0"",""H57"":""           2 650р. "",""I57"":""               -  р. "",""J57"":""0,08"",""K57"":""         202,20р. "",""L57"":""               -  р. "",""M57"":""               -  р. "",""N57"":""               -  р. "",""O57"":""               -  р. "",""P57"":""               202,20р. ""}",,
I-20240801-9B975A24BC37E35E,P-2024-08-01,C-20240801-7958F2A2A13E54EB,ЛДСП 16мм корпус фиксатор планки,Материал — ЛДСП 16мм корпус фиксатор планки,цена материала,material,,,,,,,,м²,m2,,,,,0.34335,,,2650,909.8775,,,,,"{""area_m2"":{""status_codes"":[""derived""],""source_cell"":""Расчет!J58"",""source_formula"":""=((C58*D58)*E58)*0.000001""},""historical_unit_price"":{""status_codes"":[""static"",""historical_price""],""source_cell"":""Расчет!H58""},""historical_line_cost"":{""status_codes"":[""derived"",""historical_price""],""source_cell"":""Расчет!K58"",""source_formula"":""=J58*H58""}}",derived;static;historical_price,source-materials/Medvedev.Works.Calc.zip,Medvedev.Works.Calc/Примеры расчетов/Кукня_01.08.24.xls,Расчет,B58:P58,"{""B58"":""ЛДСП 16мм корпус фиксатор планки"",""C58"":""763"",""D58"":""150"",""E58"":""3"",""F58"":""0"",""G58"":""0"",""H58"":""           2 650р. "",""I58"":""               -  р. "",""J58"":""0,34"",""K58"":""         909,88р. "",""L58"":""               -  р. "",""M58"":""               -  р. "",""N58"":""               -  р. "",""O58"":""               -  р. "",""P58"":""               909,88р. ""}",,
I-20240801-2C03E2E23A8DAE41,P-2024-08-01,C-20240801-7958F2A2A13E54EB,ЛДСП 16мм корпус фиксатор планки,Кромка — ЛДСП 16мм корпус фиксатор планки,цена кромки,material,,,,,,,,м,m,,,,,,,,0,0,,,,,"{""historical_unit_price"":{""status_codes"":[""static"",""historical_price""],""source_cell"":""Расчет!I58""},""historical_line_cost"":{""status_codes"":[""derived"",""historical_price""],""source_cell"":""Данные!C55"",""source_formula"":""=((((Расчет!C58*Расчет!F58)+(Расчет!D58*Расчет!G58))*Расчет!E58)/1000)*Расчет!I58""}}",derived;static;historical_price,source-materials/Medvedev.Works.Calc.zip,Medvedev.Works.Calc/Примеры расчетов/Кукня_01.08.24.xls,Расчет,B58:P58,"{""B58"":""ЛДСП 16мм корпус фиксатор планки"",""C58"":""763"",""D58"":""150"",""E58"":""3"",""F58"":""0"",""G58"":""0"",""H58"":""           2 650р. "",""I58"":""               -  р. "",""J58"":""0,34"",""K58"":""         909,88р. "",""L58"":""               -  р. "",""M58"":""               -  р. "",""N58"":""               -  р. "",""O58"":""               -  р. "",""P58"":""               909,88р. ""}",,
I-20240801-C825B889EDDBFDFF,P-2024-08-01,C-20240801-4B7CD5B2A18B9279,ЛДСП 16мм корпус фиксатор планки,Работа по площади — ЛДСП 16мм корпус фиксатор планки,работа с площадью,work,,,,,,,,м²,m2,,,,,0.34335,,,0,0,,,,,"{""area_m2"":{""status_codes"":[""derived""],""source_cell"":""Расчет!J58"",""source_formula"":""=((C58*D58)*E58)*0.000001""},""historical_unit_price"":{""status_codes"":[""static"",""historical_price""],""source_cell"":""Расчет!L58""},""historical_line_cost"":{""status_codes"":[""derived"",""historical_price""],""source_cell"":""Расчет!M58"",""source_formula"":""=(C58*D58*E58*0.000001)*L58""}}",derived;static;historical_price,source-materials/Medvedev.Works.Calc.zip,Medvedev.Works.Calc/Примеры расчетов/Кукня_01.08.24.xls,Расчет,B58:P58,"{""B58"":""ЛДСП 16мм корпус фиксатор планки"",""C58"":""763"",""D58"":""150"",""E58"":""3"",""F58"":""0"",""G58"":""0"",""H58"":""           2 650р. "",""I58"":""               -  р. "",""J58"":""0,34"",""K58"":""         909,88р. "",""L58"":""               -  р. "",""M58"":""               -  р. "",""N58"":""               -  р. "",""O58"":""               -  р. "",""P58"":""               909,88р. ""}",,
I-20240801-432AB6236C3E4A52,P-2024-08-01,C-20240801-4B7CD5B2A18B9279,ЛДСП 16мм корпус фиксатор планки,Работа с кромкой — ЛДСП 16мм корпус фиксатор планки,раб. с кр-ой,work,,,,,,,,м,m,,,,,,,,0,0,,,,,"{""historical_unit_price"":{""status_codes"":[""static"",""historical_price""],""source_cell"":""Расчет!N58""},""historical_line_cost"":{""status_codes"":[""derived"",""historical_price""],""source_cell"":""Расчет!O58"",""source_formula"":""=((C58*E58*F58*0.001)+(D58*E58*G58*0.001))*N58""}}",derived;static;historical_price,source-materials/Medvedev.Works.Calc.zip,Medvedev.Works.Calc/Примеры расчетов/Кукня_01.08.24.xls,Расчет,B58:P58,"{""B58"":""ЛДСП 16мм корпус фиксатор планки"",""C58"":""763"",""D58"":""150"",""E58"":""3"",""F58"":""0"",""G58"":""0"",""H58"":""           2 650р. "",""I58"":""               -  р. "",""J58"":""0,34"",""K58"":""         909,88р. "",""L58"":""               -  р. "",""M58"":""               -  р. "",""N58"":""               -  р. "",""O58"":""               -  р. "",""P58"":""               909,88р. ""}",,
I-20240801-DAAEAD7E2D683C4D,P-2024-08-01,,ЛДСП 16мм корпус фиксатор планки,Стоимость детали — ЛДСП 16мм корпус фиксатор планки,стоимость детали,subtotal,,,,,,,,р.,currency,,,,,,,,,909.8775,,,,,"{""historical_line_cost"":{""status_codes"":[""derived"",""historical_price""],""source_cell"":""Расчет!P58"",""source_formula"":""=IF($K$2=0,(((C58*D58*E58*0.000001*H58)+(C58*E58*F58*0.001*I58)+(D58*E58*G58*0.001*I58)+M58+O58)*$J$2),(((C58*D58*E58*0.000001*H58)+(C58*E58*F58*0.001*I58)+(D58*E58*G58*0.001*I58)+M58+O58)*$J$2)/$K$2)""}}",derived;historical_price,source-materials/Medvedev.Works.Calc.zip,Medvedev.Works.Calc/Примеры расчетов/Кукня_01.08.24.xls,Расчет,B58:P58,"{""B58"":""ЛДСП 16мм корпус фиксатор планки"",""C58"":""763"",""D58"":""150"",""E58"":""3"",""F58"":""0"",""G58"":""0"",""H58"":""           2 650р. "",""I58"":""               -  р. "",""J58"":""0,34"",""K58"":""         909,88р. "",""L58"":""               -  р. "",""M58"":""               -  р. "",""N58"":""               -  р. "",""O58"":""               -  р. "",""P58"":""               909,88р. ""}",,
I-20240801-0BA8661403DADB34,P-2024-08-01,C-20240801-7958F2A2A13E54EB,ЛДСП 16мм корпус фиксатор планки,Материал — ЛДСП 16мм корпус фиксатор планки,цена материала,material,,,,,,,,м²,m2,,,,,0.233,,,2650,617.45,,,,,"{""area_m2"":{""status_codes"":[""derived""],""source_cell"":""Расчет!J59"",""source_formula"":""=((C59*D59)*E59)*0.000001""},""historical_unit_price"":{""status_codes"":[""static"",""historical_price""],""source_cell"":""Расчет!H59""},""historical_line_cost"":{""status_codes"":[""derived"",""historical_price""],""source_cell"":""Расчет!K59"",""source_formula"":""=J59*H59""}}",derived;static;historical_price,source-materials/Medvedev.Works.Calc.zip,Medvedev.Works.Calc/Примеры расчетов/Кукня_01.08.24.xls,Расчет,B59:P59,"{""B59"":""ЛДСП 16мм корпус фиксатор планки"",""C59"":""2330"",""D59"":""100"",""E59"":""1"",""F59"":""0"",""G59"":""0"",""H59"":""           2 650р. "",""I59"":""               -  р. "",""J59"":""0,23"",""K59"":""         617,45р. "",""L59"":""               -  р. "",""M59"":""               -  р. "",""N59"":""               -  р. "",""O59"":""               -  р. "",""P59"":""               617,45р. ""}",,
I-20240801-B1C25A64EDA30C56,P-2024-08-01,C-20240801-7958F2A2A13E54EB,ЛДСП 16мм корпус фиксатор планки,Кромка — ЛДСП 16мм корпус фиксатор планки,цена кромки,material,,,,,,,,м,m,,,,,,,,0,0,,,,,"{""historical_unit_price"":{""status_codes"":[""static"",""historical_price""],""source_cell"":""Расчет!I59""},""historical_line_cost"":{""status_codes"":[""derived"",""historical_price""],""source_cell"":""Данные!C56"",""source_formula"":""=((((Расчет!C59*Расчет!F59)+(Расчет!D59*Расчет!G59))*Расчет!E59)/1000)*Расчет!I59""}}",derived;static;historical_price,source-materials/Medvedev.Works.Calc.zip,Medvedev.Works.Calc/Примеры расчетов/Кукня_01.08.24.xls,Расчет,B59:P59,"{""B59"":""ЛДСП 16мм корпус фиксатор планки"",""C59"":""2330"",""D59"":""100"",""E59"":""1"",""F59"":""0"",""G59"":""0"",""H59"":""           2 650р. "",""I59"":""               -  р. "",""J59"":""0,23"",""K59"":""         617,45р. "",""L59"":""               -  р. "",""M59"":""               -  р. "",""N59"":""               -  р. "",""O59"":""               -  р. "",""P59"":""               617,45р. ""}",,
I-20240801-8760101B166AFA94,P-2024-08-01,C-20240801-4B7CD5B2A18B9279,ЛДСП 16мм корпус фиксатор планки,Работа по площади — ЛДСП 16мм корпус фиксатор планки,работа с площадью,work,,,,,,,,м²,m2,,,,,0.233,,,0,0,,,,,"{""area_m2"":{""status_codes"":[""derived""],""source_cell"":""Расчет!J59"",""source_formula"":""=((C59*D59)*E59)*0.000001""},""historical_unit_price"":{""status_codes"":[""static"",""historical_price""],""source_cell"":""Расчет!L59""},""historical_line_cost"":{""status_codes"":[""derived"",""historical_price""],""source_cell"":""Расчет!M59"",""source_formula"":""=(C59*D59*E59*0.000001)*L59""}}",derived;static;historical_price,source-materials/Medvedev.Works.Calc.zip,Medvedev.Works.Calc/Примеры расчетов/Кукня_01.08.24.xls,Расчет,B59:P59,"{""B59"":""ЛДСП 16мм корпус фиксатор планки"",""C59"":""2330"",""D59"":""100"",""E59"":""1"",""F59"":""0"",""G59"":""0"",""H59"":""           2 650р. "",""I59"":""               -  р. "",""J59"":""0,23"",""K59"":""         617,45р. "",""L59"":""               -  р. "",""M59"":""               -  р. "",""N59"":""               -  р. "",""O59"":""               -  р. "",""P59"":""               617,45р. ""}",,
I-20240801-5D3009E0C9BA15F3,P-2024-08-01,C-20240801-4B7CD5B2A18B9279,ЛДСП 16мм корпус фиксатор планки,Работа с кромкой — ЛДСП 16мм корпус фиксатор планки,раб. с кр-ой,work,,,,,,,,м,m,,,,,,,,0,0,,,,,"{""historical_unit_price"":{""status_codes"":[""static"",""historical_price""],""source_cell"":""Расчет!N59""},""historical_line_cost"":{""status_codes"":[""derived"",""historical_price""],""source_cell"":""Расчет!O59"",""source_formula"":""=((C59*E59*F59*0.001)+(D59*E59*G59*0.001))*N59""}}",derived;static;historical_price,source-materials/Medvedev.Works.Calc.zip,Medvedev.Works.Calc/Примеры расчетов/Кукня_01.08.24.xls,Расчет,B59:P59,"{""B59"":""ЛДСП 16мм корпус фиксатор планки"",""C59"":""2330"",""D59"":""100"",""E59"":""1"",""F59"":""0"",""G59"":""0"",""H59"":""           2 650р. "",""I59"":""               -  р. "",""J59"":""0,23"",""K59"":""         617,45р. "",""L59"":""               -  р. "",""M59"":""               -  р. "",""N59"":""               -  р. "",""O59"":""               -  р. "",""P59"":""               617,45р. ""}",,
I-20240801-3C305D86C43EF3A4,P-2024-08-01,,ЛДСП 16мм корпус фиксатор планки,Стоимость детали — ЛДСП 16мм корпус фиксатор планки,стоимость детали,subtotal,,,,,,,,р.,currency,,,,,,,,,617.45,,,,,"{""historical_line_cost"":{""status_codes"":[""derived"",""historical_price""],""source_cell"":""Расчет!P59"",""source_formula"":""=IF($K$2=0,(((C59*D59*E59*0.000001*H59)+(C59*E59*F59*0.001*I59)+(D59*E59*G59*0.001*I59)+M59+O59)*$J$2),(((C59*D59*E59*0.000001*H59)+(C59*E59*F59*0.001*I59)+(D59*E59*G59*0.001*I59)+M59+O59)*$J$2)/$K$2)""}}",derived;historical_price,source-materials/Medvedev.Works.Calc.zip,Medvedev.Works.Calc/Примеры расчетов/Кукня_01.08.24.xls,Расчет,B59:P59,"{""B59"":""ЛДСП 16мм корпус фиксатор планки"",""C59"":""2330"",""D59"":""100"",""E59"":""1"",""F59"":""0"",""G59"":""0"",""H59"":""           2 650р. "",""I59"":""               -  р. "",""J59"":""0,23"",""K59"":""         617,45р. "",""L59"":""               -  р. "",""M59"":""               -  р. "",""N59"":""               -  р. "",""O59"":""               -  р. "",""P59"":""               617,45р. ""}",,
I-20240801-7CD8A7716B89F17A,P-2024-08-01,C-20240801-7958F2A2A13E54EB,ЛДСП 16мм корпус фиксатор планки,Материал — ЛДСП 16мм корпус фиксатор планки,цена материала,material,,,,,,,,м²,m2,,,,,0.39144,,,2650,1037.316,,,,,"{""area_m2"":{""status_codes"":[""derived""],""source_cell"":""Расчет!J60"",""source_formula"":""=((C60*D60)*E60)*0.000001""},""historical_unit_price"":{""status_codes"":[""static"",""historical_price""],""source_cell"":""Расчет!H60""},""historical_line_cost"":{""status_codes"":[""derived"",""historical_price""],""source_cell"":""Расчет!K60"",""source_formula"":""=J60*H60""}}",derived;static;historical_price,source-materials/Medvedev.Works.Calc.zip,Medvedev.Works.Calc/Примеры расчетов/Кукня_01.08.24.xls,Расчет,B60:P60,"{""B60"":""ЛДСП 16мм корпус фиксатор планки"",""C60"":""2330"",""D60"":""84"",""E60"":""2"",""F60"":""0"",""G60"":""0"",""H60"":""           2 650р. "",""I60"":""               -  р. "",""J60"":""0,39"",""K60"":""      1 037,32р. "",""L60"":""               -  р. "",""M60"":""               -  р. "",""N60"":""               -  р. "",""O60"":""               -  р. "",""P60"":""            1 037,32р. ""}",,
I-20240801-8AF5C9908098B159,P-2024-08-01,C-20240801-7958F2A2A13E54EB,ЛДСП 16мм корпус фиксатор планки,Кромка — ЛДСП 16мм корпус фиксатор планки,цена кромки,material,,,,,,,,м,m,,,,,,,,0,0,,,,,"{""historical_unit_price"":{""status_codes"":[""static"",""historical_price""],""source_cell"":""Расчет!I60""},""historical_line_cost"":{""status_codes"":[""derived"",""historical_price""],""source_cell"":""Данные!C57"",""source_formula"":""=((((Расчет!C60*Расчет!F60)+(Расчет!D60*Расчет!G60))*Расчет!E60)/1000)*Расчет!I60""}}",derived;static;historical_price,source-materials/Medvedev.Works.Calc.zip,Medvedev.Works.Calc/Примеры расчетов/Кукня_01.08.24.xls,Расчет,B60:P60,"{""B60"":""ЛДСП 16мм корпус фиксатор планки"",""C60"":""2330"",""D60"":""84"",""E60"":""2"",""F60"":""0"",""G60"":""0"",""H60"":""           2 650р. "",""I60"":""               -  р. "",""J60"":""0,39"",""K60"":""      1 037,32р. "",""L60"":""               -  р. "",""M60"":""               -  р. "",""N60"":""               -  р. "",""O60"":""               -  р. "",""P60"":""            1 037,32р. ""}",,
I-20240801-1B0FB91ED4B782A3,P-2024-08-01,C-20240801-4B7CD5B2A18B9279,ЛДСП 16мм корпус фиксатор планки,Работа по площади — ЛДСП 16мм корпус фиксатор планки,работа с площадью,work,,,,,,,,м²,m2,,,,,0.39144,,,0,0,,,,,"{""area_m2"":{""status_codes"":[""derived""],""source_cell"":""Расчет!J60"",""source_formula"":""=((C60*D60)*E60)*0.000001""},""historical_unit_price"":{""status_codes"":[""static"",""historical_price""],""source_cell"":""Расчет!L60""},""historical_line_cost"":{""status_codes"":[""derived"",""historical_price""],""source_cell"":""Расчет!M60"",""source_formula"":""=(C60*D60*E60*0.000001)*L60""}}",derived;static;historical_price,source-materials/Medvedev.Works.Calc.zip,Medvedev.Works.Calc/Примеры расчетов/Кукня_01.08.24.xls,Расчет,B60:P60,"{""B60"":""ЛДСП 16мм корпус фиксатор планки"",""C60"":""2330"",""D60"":""84"",""E60"":""2"",""F60"":""0"",""G60"":""0"",""H60"":""           2 650р. "",""I60"":""               -  р. "",""J60"":""0,39"",""K60"":""      1 037,32р. "",""L60"":""               -  р. "",""M60"":""               -  р. "",""N60"":""               -  р. "",""O60"":""               -  р. "",""P60"":""            1 037,32р. ""}",,
I-20240801-6F2038C66DFA1E02,P-2024-08-01,C-20240801-4B7CD5B2A18B9279,ЛДСП 16мм корпус фиксатор планки,Работа с кромкой — ЛДСП 16мм корпус фиксатор планки,раб. с кр-ой,work,,,,,,,,м,m,,,,,,,,0,0,,,,,"{""historical_unit_price"":{""status_codes"":[""static"",""historical_price""],""source_cell"":""Расчет!N60""},""historical_line_cost"":{""status_codes"":[""derived"",""historical_price""],""source_cell"":""Расчет!O60"",""source_formula"":""=((C60*E60*F60*0.001)+(D60*E60*G60*0.001))*N60""}}",derived;static;historical_price,source-materials/Medvedev.Works.Calc.zip,Medvedev.Works.Calc/Примеры расчетов/Кукня_01.08.24.xls,Расчет,B60:P60,"{""B60"":""ЛДСП 16мм корпус фиксатор планки"",""C60"":""2330"",""D60"":""84"",""E60"":""2"",""F60"":""0"",""G60"":""0"",""H60"":""           2 650р. "",""I60"":""               -  р. "",""J60"":""0,39"",""K60"":""      1 037,32р. "",""L60"":""               -  р. "",""M60"":""               -  р. "",""N60"":""               -  р. "",""O60"":""               -  р. "",""P60"":""            1 037,32р. ""}",,
I-20240801-AD5C0516506E7E75,P-2024-08-01,,ЛДСП 16мм корпус фиксатор планки,Стоимость детали — ЛДСП 16мм корпус фиксатор планки,стоимость детали,subtotal,,,,,,,,р.,currency,,,,,,,,,1037.316,,,,,"{""historical_line_cost"":{""status_codes"":[""derived"",""historical_price""],""source_cell"":""Расчет!P60"",""source_formula"":""=IF($K$2=0,(((C60*D60*E60*0.000001*H60)+(C60*E60*F60*0.001*I60)+(D60*E60*G60*0.001*I60)+M60+O60)*$J$2),(((C60*D60*E60*0.000001*H60)+(C60*E60*F60*0.001*I60)+(D60*E60*G60*0.001*I60)+M60+O60)*$J$2)/$K$2)""}}",derived;historical_price,source-materials/Medvedev.Works.Calc.zip,Medvedev.Works.Calc/Примеры расчетов/Кукня_01.08.24.xls,Расчет,B60:P60,"{""B60"":""ЛДСП 16мм корпус фиксатор планки"",""C60"":""2330"",""D60"":""84"",""E60"":""2"",""F60"":""0"",""G60"":""0"",""H60"":""           2 650р. "",""I60"":""               -  р. "",""J60"":""0,39"",""K60"":""      1 037,32р. "",""L60"":""               -  р. "",""M60"":""               -  р. "",""N60"":""               -  р. "",""O60"":""               -  р. "",""P60"":""            1 037,32р. ""}",,
I-20240801-F097F1E28D12548A,P-2024-08-01,C-20240801-7958F2A2A13E54EB,ЛДСП 16мм корпус фиксатор планки,Материал — ЛДСП 16мм корпус фиксатор планки,цена материала,material,,,,,,,,м²,m2,,,,,0.21,,,2650,556.5,,,,,"{""area_m2"":{""status_codes"":[""derived""],""source_cell"":""Расчет!J61"",""source_formula"":""=((C61*D61)*E61)*0.000001""},""historical_unit_price"":{""status_codes"":[""static"",""historical_price""],""source_cell"":""Расчет!H61""},""historical_line_cost"":{""status_codes"":[""derived"",""historical_price""],""source_cell"":""Расчет!K61"",""source_formula"":""=J61*H61""}}",derived;static;historical_price,source-materials/Medvedev.Works.Calc.zip,Medvedev.Works.Calc/Примеры расчетов/Кукня_01.08.24.xls,Расчет,B61:P61,"{""B61"":""ЛДСП 16мм корпус фиксатор планки"",""C61"":""350"",""D61"":""120"",""E61"":""5"",""F61"":""0"",""G61"":""0"",""H61"":""           2 650р. "",""I61"":""               -  р. "",""J61"":""0,21"",""K61"":""         556,50р. "",""L61"":""               -  р. "",""M61"":""               -  р. "",""N61"":""               -  р. "",""O61"":""               -  р. "",""P61"":""               556,50р. ""}",,
I-20240801-EC1A005758E0BE32,P-2024-08-01,C-20240801-7958F2A2A13E54EB,ЛДСП 16мм корпус фиксатор планки,Кромка — ЛДСП 16мм корпус фиксатор планки,цена кромки,material,,,,,,,,м,m,,,,,,,,0,0,,,,,"{""historical_unit_price"":{""status_codes"":[""static"",""historical_price""],""source_cell"":""Расчет!I61""},""historical_line_cost"":{""status_codes"":[""derived"",""historical_price""],""source_cell"":""Данные!C58"",""source_formula"":""=((((Расчет!C61*Расчет!F61)+(Расчет!D61*Расчет!G61))*Расчет!E61)/1000)*Расчет!I61""}}",derived;static;historical_price,source-materials/Medvedev.Works.Calc.zip,Medvedev.Works.Calc/Примеры расчетов/Кукня_01.08.24.xls,Расчет,B61:P61,"{""B61"":""ЛДСП 16мм корпус фиксатор планки"",""C61"":""350"",""D61"":""120"",""E61"":""5"",""F61"":""0"",""G61"":""0"",""H61"":""           2 650р. "",""I61"":""               -  р. "",""J61"":""0,21"",""K61"":""         556,50р. "",""L61"":""               -  р. "",""M61"":""               -  р. "",""N61"":""               -  р. "",""O61"":""               -  р. "",""P61"":""               556,50р. ""}",,
I-20240801-B39EA898244BC8B5,P-2024-08-01,C-20240801-4B7CD5B2A18B9279,ЛДСП 16мм корпус фиксатор планки,Работа по площади — ЛДСП 16мм корпус фиксатор планки,работа с площадью,work,,,,,,,,м²,m2,,,,,0.21,,,0,0,,,,,"{""area_m2"":{""status_codes"":[""derived""],""source_cell"":""Расчет!J61"",""source_formula"":""=((C61*D61)*E61)*0.000001""},""historical_unit_price"":{""status_codes"":[""static"",""historical_price""],""source_cell"":""Расчет!L61""},""historical_line_cost"":{""status_codes"":[""derived"",""historical_price""],""source_cell"":""Расчет!M61"",""source_formula"":""=(C61*D61*E61*0.000001)*L61""}}",derived;static;historical_price,source-materials/Medvedev.Works.Calc.zip,Medvedev.Works.Calc/Примеры расчетов/Кукня_01.08.24.xls,Расчет,B61:P61,"{""B61"":""ЛДСП 16мм корпус фиксатор планки"",""C61"":""350"",""D61"":""120"",""E61"":""5"",""F61"":""0"",""G61"":""0"",""H61"":""           2 650р. "",""I61"":""               -  р. "",""J61"":""0,21"",""K61"":""         556,50р. "",""L61"":""               -  р. "",""M61"":""               -  р. "",""N61"":""               -  р. "",""O61"":""               -  р. "",""P61"":""               556,50р. ""}",,
I-20240801-2895AD797A63295E,P-2024-08-01,C-20240801-4B7CD5B2A18B9279,ЛДСП 16мм корпус фиксатор планки,Работа с кромкой — ЛДСП 16мм корпус фиксатор планки,раб. с кр-ой,work,,,,,,,,м,m,,,,,,,,0,0,,,,,"{""historical_unit_price"":{""status_codes"":[""static"",""historical_price""],""source_cell"":""Расчет!N61""},""historical_line_cost"":{""status_codes"":[""derived"",""historical_price""],""source_cell"":""Расчет!O61"",""source_formula"":""=((C61*E61*F61*0.001)+(D61*E61*G61*0.001))*N61""}}",derived;static;historical_price,source-materials/Medvedev.Works.Calc.zip,Medvedev.Works.Calc/Примеры расчетов/Кукня_01.08.24.xls,Расчет,B61:P61,"{""B61"":""ЛДСП 16мм корпус фиксатор планки"",""C61"":""350"",""D61"":""120"",""E61"":""5"",""F61"":""0"",""G61"":""0"",""H61"":""           2 650р. "",""I61"":""               -  р. "",""J61"":""0,21"",""K61"":""         556,50р. "",""L61"":""               -  р. "",""M61"":""               -  р. "",""N61"":""               -  р. "",""O61"":""               -  р. "",""P61"":""               556,50р. ""}",,
I-20240801-F136109F2C27117B,P-2024-08-01,,ЛДСП 16мм корпус фиксатор планки,Стоимость детали — ЛДСП 16мм корпус фиксатор планки,стоимость детали,subtotal,,,,,,,,р.,currency,,,,,,,,,556.5,,,,,"{""historical_line_cost"":{""status_codes"":[""derived"",""historical_price""],""source_cell"":""Расчет!P61"",""source_formula"":""=IF($K$2=0,(((C61*D61*E61*0.000001*H61)+(C61*E61*F61*0.001*I61)+(D61*E61*G61*0.001*I61)+M61+O61)*$J$2),(((C61*D61*E61*0.000001*H61)+(C61*E61*F61*0.001*I61)+(D61*E61*G61*0.001*I61)+M61+O61)*$J$2)/$K$2)""}}",derived;historical_price,source-materials/Medvedev.Works.Calc.zip,Medvedev.Works.Calc/Примеры расчетов/Кукня_01.08.24.xls,Расчет,B61:P61,"{""B61"":""ЛДСП 16мм корпус фиксатор планки"",""C61"":""350"",""D61"":""120"",""E61"":""5"",""F61"":""0"",""G61"":""0"",""H61"":""           2 650р. "",""I61"":""               -  р. "",""J61"":""0,21"",""K61"":""         556,50р. "",""L61"":""               -  р. "",""M61"":""               -  р. "",""N61"":""               -  р. "",""O61"":""               -  р. "",""P61"":""               556,50р. ""}",,
I-20240801-D49B789D024BC405,P-2024-08-01,C-20240801-7958F2A2A13E54EB,ЛДСП 16мм ящик дно,Материал — ЛДСП 16мм ящик дно,цена материала,material,,,,,,,,м²,m2,,,,,0.938672,,,2650,2487.4808,,,,,"{""area_m2"":{""status_codes"":[""derived""],""source_cell"":""Расчет!J62"",""source_formula"":""=((C62*D62)*E62)*0.000001""},""historical_unit_price"":{""status_codes"":[""static"",""historical_price""],""source_cell"":""Расчет!H62""},""historical_line_cost"":{""status_codes"":[""derived"",""historical_price""],""source_cell"":""Расчет!K62"",""source_formula"":""=J62*H62""}}",derived;static;historical_price,source-materials/Medvedev.Works.Calc.zip,Medvedev.Works.Calc/Примеры расчетов/Кукня_01.08.24.xls,Расчет,B62:P62,"{""B62"":""ЛДСП 16мм ящик дно"",""C62"":""493"",""D62"":""476"",""E62"":""4"",""F62"":""0"",""G62"":""0"",""H62"":""           2 650р. "",""I62"":""               -  р. "",""J62"":""0,94"",""K62"":""      2 487,48р. "",""L62"":""               -  р. "",""M62"":""               -  р. "",""N62"":""               -  р. "",""O62"":""               -  р. "",""P62"":""            2 487,48р. ""}",,
I-20240801-BBDFD7396CEE8D19,P-2024-08-01,C-20240801-7958F2A2A13E54EB,ЛДСП 16мм ящик дно,Кромка — ЛДСП 16мм ящик дно,цена кромки,material,,,,,,,,м,m,,,,,,,,0,0,,,,,"{""historical_unit_price"":{""status_codes"":[""static"",""historical_price""],""source_cell"":""Расчет!I62""},""historical_line_cost"":{""status_codes"":[""derived"",""historical_price""],""source_cell"":""Данные!C59"",""source_formula"":""=((((Расчет!C62*Расчет!F62)+(Расчет!D62*Расчет!G62))*Расчет!E62)/1000)*Расчет!I62""}}",derived;static;historical_price,source-materials/Medvedev.Works.Calc.zip,Medvedev.Works.Calc/Примеры расчетов/Кукня_01.08.24.xls,Расчет,B62:P62,"{""B62"":""ЛДСП 16мм ящик дно"",""C62"":""493"",""D62"":""476"",""E62"":""4"",""F62"":""0"",""G62"":""0"",""H62"":""           2 650р. "",""I62"":""               -  р. "",""J62"":""0,94"",""K62"":""      2 487,48р. "",""L62"":""               -  р. "",""M62"":""               -  р. "",""N62"":""               -  р. "",""O62"":""               -  р. "",""P62"":""            2 487,48р. ""}",,
I-20240801-432B5567B2EBA86B,P-2024-08-01,C-20240801-4B7CD5B2A18B9279,ЛДСП 16мм ящик дно,Работа по площади — ЛДСП 16мм ящик дно,работа с площадью,work,,,,,,,,м²,m2,,,,,0.938672,,,0,0,,,,,"{""area_m2"":{""status_codes"":[""derived""],""source_cell"":""Расчет!J62"",""source_formula"":""=((C62*D62)*E62)*0.000001""},""historical_unit_price"":{""status_codes"":[""static"",""historical_price""],""source_cell"":""Расчет!L62""},""historical_line_cost"":{""status_codes"":[""derived"",""historical_price""],""source_cell"":""Расчет!M62"",""source_formula"":""=(C62*D62*E62*0.000001)*L62""}}",derived;static;historical_price,source-materials/Medvedev.Works.Calc.zip,Medvedev.Works.Calc/Примеры расчетов/Кукня_01.08.24.xls,Расчет,B62:P62,"{""B62"":""ЛДСП 16мм ящик дно"",""C62"":""493"",""D62"":""476"",""E62"":""4"",""F62"":""0"",""G62"":""0"",""H62"":""           2 650р. "",""I62"":""               -  р. "",""J62"":""0,94"",""K62"":""      2 487,48р. "",""L62"":""               -  р. "",""M62"":""               -  р. "",""N62"":""               -  р. "",""O62"":""               -  р. "",""P62"":""            2 487,48р. ""}",,
I-20240801-0B74B336EE5325EC,P-2024-08-01,C-20240801-4B7CD5B2A18B9279,ЛДСП 16мм ящик дно,Работа с кромкой — ЛДСП 16мм ящик дно,раб. с кр-ой,work,,,,,,,,м,m,,,,,,,,0,0,,,,,"{""historical_unit_price"":{""status_codes"":[""static"",""historical_price""],""source_cell"":""Расчет!N62""},""historical_line_cost"":{""status_codes"":[""derived"",""historical_price""],""source_cell"":""Расчет!O62"",""source_formula"":""=((C62*E62*F62*0.001)+(D62*E62*G62*0.001))*N62""}}",derived;static;historical_price,source-materials/Medvedev.Works.Calc.zip,Medvedev.Works.Calc/Примеры расчетов/Кукня_01.08.24.xls,Расчет,B62:P62,"{""B62"":""ЛДСП 16мм ящик дно"",""C62"":""493"",""D62"":""476"",""E62"":""4"",""F62"":""0"",""G62"":""0"",""H62"":""           2 650р. "",""I62"":""               -  р. "",""J62"":""0,94"",""K62"":""      2 487,48р. "",""L62"":""               -  р. "",""M62"":""               -  р. "",""N62"":""               -  р. "",""O62"":""               -  р. "",""P62"":""            2 487,48р. ""}",,
I-20240801-BE4955D07162BD8B,P-2024-08-01,,ЛДСП 16мм ящик дно,Стоимость детали — ЛДСП 16мм ящик дно,стоимость детали,subtotal,,,,,,,,р.,currency,,,,,,,,,2487.4808,,,,,"{""historical_line_cost"":{""status_codes"":[""derived"",""historical_price""],""source_cell"":""Расчет!P62"",""source_formula"":""=IF($K$2=0,(((C62*D62*E62*0.000001*H62)+(C62*E62*F62*0.001*I62)+(D62*E62*G62*0.001*I62)+M62+O62)*$J$2),(((C62*D62*E62*0.000001*H62)+(C62*E62*F62*0.001*I62)+(D62*E62*G62*0.001*I62)+M62+O62)*$J$2)/$K$2)""}}",derived;historical_price,source-materials/Medvedev.Works.Calc.zip,Medvedev.Works.Calc/Примеры расчетов/Кукня_01.08.24.xls,Расчет,B62:P62,"{""B62"":""ЛДСП 16мм ящик дно"",""C62"":""493"",""D62"":""476"",""E62"":""4"",""F62"":""0"",""G62"":""0"",""H62"":""           2 650р. "",""I62"":""               -  р. "",""J62"":""0,94"",""K62"":""      2 487,48р. "",""L62"":""               -  р. "",""M62"":""               -  р. "",""N62"":""               -  р. "",""O62"":""               -  р. "",""P62"":""            2 487,48р. ""}",,
I-20240801-09E8221D1E9F9F7E,P-2024-08-01,C-20240801-7958F2A2A13E54EB,ЛДСП 16мм ящик дно,Материал — ЛДСП 16мм ящик дно,цена материала,material,,,,,,,,м²,m2,,,,,0.564536,,,2650,1496.0204,,,,,"{""area_m2"":{""status_codes"":[""derived""],""source_cell"":""Расчет!J63"",""source_formula"":""=((C63*D63)*E63)*0.000001""},""historical_unit_price"":{""status_codes"":[""static"",""historical_price""],""source_cell"":""Расчет!H63""},""historical_line_cost"":{""status_codes"":[""derived"",""historical_price""],""source_cell"":""Расчет!K63"",""source_formula"":""=J63*H63""}}",derived;static;historical_price,source-materials/Medvedev.Works.Calc.zip,Medvedev.Works.Calc/Примеры расчетов/Кукня_01.08.24.xls,Расчет,B63:P63,"{""B63"":""ЛДСП 16мм ящик дно"",""C63"":""593"",""D63"":""476"",""E63"":""2"",""F63"":""0"",""G63"":""0"",""H63"":""           2 650р. "",""I63"":""               -  р. "",""J63"":""0,56"",""K63"":""      1 496,02р. "",""L63"":""               -  р. "",""M63"":""               -  р. "",""N63"":""               -  р. "",""O63"":""               -  р. "",""P63"":""            1 496,02р. ""}",,
I-20240801-59F43084F9AC8C24,P-2024-08-01,C-20240801-7958F2A2A13E54EB,ЛДСП 16мм ящик дно,Кромка — ЛДСП 16мм ящик дно,цена кромки,material,,,,,,,,м,m,,,,,,,,0,0,,,,,"{""historical_unit_price"":{""status_codes"":[""static"",""historical_price""],""source_cell"":""Расчет!I63""},""historical_line_cost"":{""status_codes"":[""derived"",""historical_price""],""source_cell"":""Данные!C60"",""source_formula"":""=((((Расчет!C63*Расчет!F63)+(Расчет!D63*Расчет!G63))*Расчет!E63)/1000)*Расчет!I63""}}",derived;static;historical_price,source-materials/Medvedev.Works.Calc.zip,Medvedev.Works.Calc/Примеры расчетов/Кукня_01.08.24.xls,Расчет,B63:P63,"{""B63"":""ЛДСП 16мм ящик дно"",""C63"":""593"",""D63"":""476"",""E63"":""2"",""F63"":""0"",""G63"":""0"",""H63"":""           2 650р. "",""I63"":""               -  р. "",""J63"":""0,56"",""K63"":""      1 496,02р. "",""L63"":""               -  р. "",""M63"":""               -  р. "",""N63"":""               -  р. "",""O63"":""               -  р. "",""P63"":""            1 496,02р. ""}",,
I-20240801-849188A4DE85F2F9,P-2024-08-01,C-20240801-4B7CD5B2A18B9279,ЛДСП 16мм ящик дно,Работа по площади — ЛДСП 16мм ящик дно,работа с площадью,work,,,,,,,,м²,m2,,,,,0.564536,,,0,0,,,,,"{""area_m2"":{""status_codes"":[""derived""],""source_cell"":""Расчет!J63"",""source_formula"":""=((C63*D63)*E63)*0.000001""},""historical_unit_price"":{""status_codes"":[""static"",""historical_price""],""source_cell"":""Расчет!L63""},""historical_line_cost"":{""status_codes"":[""derived"",""historical_price""],""source_cell"":""Расчет!M63"",""source_formula"":""=(C63*D63*E63*0.000001)*L63""}}",derived;static;historical_price,source-materials/Medvedev.Works.Calc.zip,Medvedev.Works.Calc/Примеры расчетов/Кукня_01.08.24.xls,Расчет,B63:P63,"{""B63"":""ЛДСП 16мм ящик дно"",""C63"":""593"",""D63"":""476"",""E63"":""2"",""F63"":""0"",""G63"":""0"",""H63"":""           2 650р. "",""I63"":""               -  р. "",""J63"":""0,56"",""K63"":""      1 496,02р. "",""L63"":""               -  р. "",""M63"":""               -  р. "",""N63"":""               -  р. "",""O63"":""               -  р. "",""P63"":""            1 496,02р. ""}",,
I-20240801-897F2D1413B9F033,P-2024-08-01,C-20240801-4B7CD5B2A18B9279,ЛДСП 16мм ящик дно,Работа с кромкой — ЛДСП 16мм ящик дно,раб. с кр-ой,work,,,,,,,,м,m,,,,,,,,0,0,,,,,"{""historical_unit_price"":{""status_codes"":[""static"",""historical_price""],""source_cell"":""Расчет!N63""},""historical_line_cost"":{""status_codes"":[""derived"",""historical_price""],""source_cell"":""Расчет!O63"",""source_formula"":""=((C63*E63*F63*0.001)+(D63*E63*G63*0.001))*N63""}}",derived;static;historical_price,source-materials/Medvedev.Works.Calc.zip,Medvedev.Works.Calc/Примеры расчетов/Кукня_01.08.24.xls,Расчет,B63:P63,"{""B63"":""ЛДСП 16мм ящик дно"",""C63"":""593"",""D63"":""476"",""E63"":""2"",""F63"":""0"",""G63"":""0"",""H63"":""           2 650р. "",""I63"":""               -  р. "",""J63"":""0,56"",""K63"":""      1 496,02р. "",""L63"":""               -  р. "",""M63"":""               -  р. "",""N63"":""               -  р. "",""O63"":""               -  р. "",""P63"":""            1 496,02р. ""}",,
I-20240801-692B1029B049167B,P-2024-08-01,,ЛДСП 16мм ящик дно,Стоимость детали — ЛДСП 16мм ящик дно,стоимость детали,subtotal,,,,,,,,р.,currency,,,,,,,,,1496.0204,,,,,"{""historical_line_cost"":{""status_codes"":[""derived"",""historical_price""],""source_cell"":""Расчет!P63"",""source_formula"":""=IF($K$2=0,(((C63*D63*E63*0.000001*H63)+(C63*E63*F63*0.001*I63)+(D63*E63*G63*0.001*I63)+M63+O63)*$J$2),(((C63*D63*E63*0.000001*H63)+(C63*E63*F63*0.001*I63)+(D63*E63*G63*0.001*I63)+M63+O63)*$J$2)/$K$2)""}}",derived;historical_price,source-materials/Medvedev.Works.Calc.zip,Medvedev.Works.Calc/Примеры расчетов/Кукня_01.08.24.xls,Расчет,B63:P63,"{""B63"":""ЛДСП 16мм ящик дно"",""C63"":""593"",""D63"":""476"",""E63"":""2"",""F63"":""0"",""G63"":""0"",""H63"":""           2 650р. "",""I63"":""               -  р. "",""J63"":""0,56"",""K63"":""      1 496,02р. "",""L63"":""               -  р. "",""M63"":""               -  р. "",""N63"":""               -  р. "",""O63"":""               -  р. "",""P63"":""            1 496,02р. ""}",,
I-20240801-0EFCEC362729B8C9,P-2024-08-01,C-20240801-7958F2A2A13E54EB,ЛДСП 16мм ящик задник,Материал — ЛДСП 16мм ящик задник,цена материала,material,,,,,,,,м²,m2,,,,,0.191438,,,2650,507.3107,,,,,"{""area_m2"":{""status_codes"":[""derived""],""source_cell"":""Расчет!J64"",""source_formula"":""=((C64*D64)*E64)*0.000001""},""historical_unit_price"":{""status_codes"":[""static"",""historical_price""],""source_cell"":""Расчет!H64""},""historical_line_cost"":{""status_codes"":[""derived"",""historical_price""],""source_cell"":""Расчет!K64"",""source_formula"":""=J64*H64""}}",derived;static;historical_price,source-materials/Medvedev.Works.Calc.zip,Medvedev.Works.Calc/Примеры расчетов/Кукня_01.08.24.xls,Расчет,B64:P64,"{""B64"":""ЛДСП 16мм ящик задник"",""C64"":""199"",""D64"":""481"",""E64"":""2"",""F64"":""0"",""G64"":""0"",""H64"":""           2 650р. "",""I64"":""               -  р. "",""J64"":""0,19"",""K64"":""         507,31р. "",""L64"":""               -  р. "",""M64"":""               -  р. "",""N64"":""               -  р. "",""O64"":""               -  р. "",""P64"":""               507,31р. ""}",,
I-20240801-9953E4B897BB408D,P-2024-08-01,C-20240801-7958F2A2A13E54EB,ЛДСП 16мм ящик задник,Кромка — ЛДСП 16мм ящик задник,цена кромки,material,,,,,,,,м,m,,,,,,,,0,0,,,,,"{""historical_unit_price"":{""status_codes"":[""static"",""historical_price""],""source_cell"":""Расчет!I64""},""historical_line_cost"":{""status_codes"":[""derived"",""historical_price""],""source_cell"":""Данные!C61"",""source_formula"":""=((((Расчет!C64*Расчет!F64)+(Расчет!D64*Расчет!G64))*Расчет!E64)/1000)*Расчет!I64""}}",derived;static;historical_price,source-materials/Medvedev.Works.Calc.zip,Medvedev.Works.Calc/Примеры расчетов/Кукня_01.08.24.xls,Расчет,B64:P64,"{""B64"":""ЛДСП 16мм ящик задник"",""C64"":""199"",""D64"":""481"",""E64"":""2"",""F64"":""0"",""G64"":""0"",""H64"":""           2 650р. "",""I64"":""               -  р. "",""J64"":""0,19"",""K64"":""         507,31р. "",""L64"":""               -  р. "",""M64"":""               -  р. "",""N64"":""               -  р. "",""O64"":""               -  р. "",""P64"":""               507,31р. ""}",,
I-20240801-D6624AC285139407,P-2024-08-01,C-20240801-4B7CD5B2A18B9279,ЛДСП 16мм ящик задник,Работа по площади — ЛДСП 16мм ящик задник,работа с площадью,work,,,,,,,,м²,m2,,,,,0.191438,,,0,0,,,,,"{""area_m2"":{""status_codes"":[""derived""],""source_cell"":""Расчет!J64"",""source_formula"":""=((C64*D64)*E64)*0.000001""},""historical_unit_price"":{""status_codes"":[""static"",""historical_price""],""source_cell"":""Расчет!L64""},""historical_line_cost"":{""status_codes"":[""derived"",""historical_price""],""source_cell"":""Расчет!M64"",""source_formula"":""=(C64*D64*E64*0.000001)*L64""}}",derived;static;historical_price,source-materials/Medvedev.Works.Calc.zip,Medvedev.Works.Calc/Примеры расчетов/Кукня_01.08.24.xls,Расчет,B64:P64,"{""B64"":""ЛДСП 16мм ящик задник"",""C64"":""199"",""D64"":""481"",""E64"":""2"",""F64"":""0"",""G64"":""0"",""H64"":""           2 650р. "",""I64"":""               -  р. "",""J64"":""0,19"",""K64"":""         507,31р. "",""L64"":""               -  р. "",""M64"":""               -  р. "",""N64"":""               -  р. "",""O64"":""               -  р. "",""P64"":""               507,31р. ""}",,
I-20240801-A385C3A23BF207AB,P-2024-08-01,C-20240801-4B7CD5B2A18B9279,ЛДСП 16мм ящик задник,Работа с кромкой — ЛДСП 16мм ящик задник,раб. с кр-ой,work,,,,,,,,м,m,,,,,,,,0,0,,,,,"{""historical_unit_price"":{""status_codes"":[""static"",""historical_price""],""source_cell"":""Расчет!N64""},""historical_line_cost"":{""status_codes"":[""derived"",""historical_price""],""source_cell"":""Расчет!O64"",""source_formula"":""=((C64*E64*F64*0.001)+(D64*E64*G64*0.001))*N64""}}",derived;static;historical_price,source-materials/Medvedev.Works.Calc.zip,Medvedev.Works.Calc/Примеры расчетов/Кукня_01.08.24.xls,Расчет,B64:P64,"{""B64"":""ЛДСП 16мм ящик задник"",""C64"":""199"",""D64"":""481"",""E64"":""2"",""F64"":""0"",""G64"":""0"",""H64"":""           2 650р. "",""I64"":""               -  р. "",""J64"":""0,19"",""K64"":""         507,31р. "",""L64"":""               -  р. "",""M64"":""               -  р. "",""N64"":""               -  р. "",""O64"":""               -  р. "",""P64"":""               507,31р. ""}",,
I-20240801-3D569E51A6FBD24D,P-2024-08-01,,ЛДСП 16мм ящик задник,Стоимость детали — ЛДСП 16мм ящик задник,стоимость детали,subtotal,,,,,,,,р.,currency,,,,,,,,,507.3107,,,,,"{""historical_line_cost"":{""status_codes"":[""derived"",""historical_price""],""source_cell"":""Расчет!P64"",""source_formula"":""=IF($K$2=0,(((C64*D64*E64*0.000001*H64)+(C64*E64*F64*0.001*I64)+(D64*E64*G64*0.001*I64)+M64+O64)*$J$2),(((C64*D64*E64*0.000001*H64)+(C64*E64*F64*0.001*I64)+(D64*E64*G64*0.001*I64)+M64+O64)*$J$2)/$K$2)""}}",derived;historical_price,source-materials/Medvedev.Works.Calc.zip,Medvedev.Works.Calc/Примеры расчетов/Кукня_01.08.24.xls,Расчет,B64:P64,"{""B64"":""ЛДСП 16мм ящик задник"",""C64"":""199"",""D64"":""481"",""E64"":""2"",""F64"":""0"",""G64"":""0"",""H64"":""           2 650р. "",""I64"":""               -  р. "",""J64"":""0,19"",""K64"":""         507,31р. "",""L64"":""               -  р. "",""M64"":""               -  р. "",""N64"":""               -  р. "",""O64"":""               -  р. "",""P64"":""               507,31р. ""}",,
I-20240801-C514AB72A8DAF691,P-2024-08-01,C-20240801-7958F2A2A13E54EB,ЛДСП 16мм ящик задник,Материал — ЛДСП 16мм ящик задник,цена материала,material,,,,,,,,м²,m2,,,,,0.056758,,,2650,150.4087,,,,,"{""area_m2"":{""status_codes"":[""derived""],""source_cell"":""Расчет!J65"",""source_formula"":""=((C65*D65)*E65)*0.000001""},""historical_unit_price"":{""status_codes"":[""static"",""historical_price""],""source_cell"":""Расчет!H65""},""historical_line_cost"":{""status_codes"":[""derived"",""historical_price""],""source_cell"":""Расчет!K65"",""source_formula"":""=J65*H65""}}",derived;static;historical_price,source-materials/Medvedev.Works.Calc.zip,Medvedev.Works.Calc/Примеры расчетов/Кукня_01.08.24.xls,Расчет,B65:P65,"{""B65"":""ЛДСП 16мм ящик задник"",""C65"":""118"",""D65"":""481"",""E65"":""1"",""F65"":""0"",""G65"":""0"",""H65"":""           2 650р. "",""I65"":""               -  р. "",""J65"":""0,06"",""K65"":""         150,41р. "",""L65"":""               -  р. "",""M65"":""               -  р. "",""N65"":""               -  р. "",""O65"":""               -  р. "",""P65"":""               150,41р. ""}",,
I-20240801-DF1C1CEA954C5E16,P-2024-08-01,C-20240801-7958F2A2A13E54EB,ЛДСП 16мм ящик задник,Кромка — ЛДСП 16мм ящик задник,цена кромки,material,,,,,,,,м,m,,,,,,,,0,0,,,,,"{""historical_unit_price"":{""status_codes"":[""static"",""historical_price""],""source_cell"":""Расчет!I65""},""historical_line_cost"":{""status_codes"":[""derived"",""historical_price""],""source_cell"":""Данные!C62"",""source_formula"":""=((((Расчет!C65*Расчет!F65)+(Расчет!D65*Расчет!G65))*Расчет!E65)/1000)*Расчет!I65""}}",derived;static;historical_price,source-materials/Medvedev.Works.Calc.zip,Medvedev.Works.Calc/Примеры расчетов/Кукня_01.08.24.xls,Расчет,B65:P65,"{""B65"":""ЛДСП 16мм ящик задник"",""C65"":""118"",""D65"":""481"",""E65"":""1"",""F65"":""0"",""G65"":""0"",""H65"":""           2 650р. "",""I65"":""               -  р. "",""J65"":""0,06"",""K65"":""         150,41р. "",""L65"":""               -  р. "",""M65"":""               -  р. "",""N65"":""               -  р. "",""O65"":""               -  р. "",""P65"":""               150,41р. ""}",,
I-20240801-970273675D8E3407,P-2024-08-01,C-20240801-4B7CD5B2A18B9279,ЛДСП 16мм ящик задник,Работа по площади — ЛДСП 16мм ящик задник,работа с площадью,work,,,,,,,,м²,m2,,,,,0.056758,,,0,0,,,,,"{""area_m2"":{""status_codes"":[""derived""],""source_cell"":""Расчет!J65"",""source_formula"":""=((C65*D65)*E65)*0.000001""},""historical_unit_price"":{""status_codes"":[""static"",""historical_price""],""source_cell"":""Расчет!L65""},""historical_line_cost"":{""status_codes"":[""derived"",""historical_price""],""source_cell"":""Расчет!M65"",""source_formula"":""=(C65*D65*E65*0.000001)*L65""}}",derived;static;historical_price,source-materials/Medvedev.Works.Calc.zip,Medvedev.Works.Calc/Примеры расчетов/Кукня_01.08.24.xls,Расчет,B65:P65,"{""B65"":""ЛДСП 16мм ящик задник"",""C65"":""118"",""D65"":""481"",""E65"":""1"",""F65"":""0"",""G65"":""0"",""H65"":""           2 650р. "",""I65"":""               -  р. "",""J65"":""0,06"",""K65"":""         150,41р. "",""L65"":""               -  р. "",""M65"":""               -  р. "",""N65"":""               -  р. "",""O65"":""               -  р. "",""P65"":""               150,41р. ""}",,
I-20240801-3FAFBB1897006E5B,P-2024-08-01,C-20240801-4B7CD5B2A18B9279,ЛДСП 16мм ящик задник,Работа с кромкой — ЛДСП 16мм ящик задник,раб. с кр-ой,work,,,,,,,,м,m,,,,,,,,0,0,,,,,"{""historical_unit_price"":{""status_codes"":[""static"",""historical_price""],""source_cell"":""Расчет!N65""},""historical_line_cost"":{""status_codes"":[""derived"",""historical_price""],""source_cell"":""Расчет!O65"",""source_formula"":""=((C65*E65*F65*0.001)+(D65*E65*G65*0.001))*N65""}}",derived;static;historical_price,source-materials/Medvedev.Works.Calc.zip,Medvedev.Works.Calc/Примеры расчетов/Кукня_01.08.24.xls,Расчет,B65:P65,"{""B65"":""ЛДСП 16мм ящик задник"",""C65"":""118"",""D65"":""481"",""E65"":""1"",""F65"":""0"",""G65"":""0"",""H65"":""           2 650р. "",""I65"":""               -  р. "",""J65"":""0,06"",""K65"":""         150,41р. "",""L65"":""               -  р. "",""M65"":""               -  р. "",""N65"":""               -  р. "",""O65"":""               -  р. "",""P65"":""               150,41р. ""}",,
I-20240801-590A780CF978D8B2,P-2024-08-01,,ЛДСП 16мм ящик задник,Стоимость детали — ЛДСП 16мм ящик задник,стоимость детали,subtotal,,,,,,,,р.,currency,,,,,,,,,150.4087,,,,,"{""historical_line_cost"":{""status_codes"":[""derived"",""historical_price""],""source_cell"":""Расчет!P65"",""source_formula"":""=IF($K$2=0,(((C65*D65*E65*0.000001*H65)+(C65*E65*F65*0.001*I65)+(D65*E65*G65*0.001*I65)+M65+O65)*$J$2),(((C65*D65*E65*0.000001*H65)+(C65*E65*F65*0.001*I65)+(D65*E65*G65*0.001*I65)+M65+O65)*$J$2)/$K$2)""}}",derived;historical_price,source-materials/Medvedev.Works.Calc.zip,Medvedev.Works.Calc/Примеры расчетов/Кукня_01.08.24.xls,Расчет,B65:P65,"{""B65"":""ЛДСП 16мм ящик задник"",""C65"":""118"",""D65"":""481"",""E65"":""1"",""F65"":""0"",""G65"":""0"",""H65"":""           2 650р. "",""I65"":""               -  р. "",""J65"":""0,06"",""K65"":""         150,41р. "",""L65"":""               -  р. "",""M65"":""               -  р. "",""N65"":""               -  р. "",""O65"":""               -  р. "",""P65"":""               150,41р. ""}",,
I-20240801-17774334255D6934,P-2024-08-01,C-20240801-7958F2A2A13E54EB,ЛДСП 16мм ящик задник,Материал — ЛДСП 16мм ящик задник,цена материала,material,,,,,,,,м²,m2,,,,,0.041366,,,2650,109.6199,,,,,"{""area_m2"":{""status_codes"":[""derived""],""source_cell"":""Расчет!J66"",""source_formula"":""=((C66*D66)*E66)*0.000001""},""historical_unit_price"":{""status_codes"":[""static"",""historical_price""],""source_cell"":""Расчет!H66""},""historical_line_cost"":{""status_codes"":[""derived"",""historical_price""],""source_cell"":""Расчет!K66"",""source_formula"":""=J66*H66""}}",derived;static;historical_price,source-materials/Medvedev.Works.Calc.zip,Medvedev.Works.Calc/Примеры расчетов/Кукня_01.08.24.xls,Расчет,B66:P66,"{""B66"":""ЛДСП 16мм ящик задник"",""C66"":""86"",""D66"":""481"",""E66"":""1"",""F66"":""0"",""G66"":""0"",""H66"":""           2 650р. "",""I66"":""               -  р. "",""J66"":""0,04"",""K66"":""         109,62р. "",""L66"":""               -  р. "",""M66"":""               -  р. "",""N66"":""               -  р. "",""O66"":""               -  р. "",""P66"":""               109,62р. ""}",,
I-20240801-70B3F7DD3B5ADDBD,P-2024-08-01,C-20240801-7958F2A2A13E54EB,ЛДСП 16мм ящик задник,Кромка — ЛДСП 16мм ящик задник,цена кромки,material,,,,,,,,м,m,,,,,,,,0,0,,,,,"{""historical_unit_price"":{""status_codes"":[""static"",""historical_price""],""source_cell"":""Расчет!I66""},""historical_line_cost"":{""status_codes"":[""derived"",""historical_price""],""source_cell"":""Данные!C63"",""source_formula"":""=((((Расчет!C66*Расчет!F66)+(Расчет!D66*Расчет!G66))*Расчет!E66)/1000)*Расчет!I66""}}",derived;static;historical_price,source-materials/Medvedev.Works.Calc.zip,Medvedev.Works.Calc/Примеры расчетов/Кукня_01.08.24.xls,Расчет,B66:P66,"{""B66"":""ЛДСП 16мм ящик задник"",""C66"":""86"",""D66"":""481"",""E66"":""1"",""F66"":""0"",""G66"":""0"",""H66"":""           2 650р. "",""I66"":""               -  р. "",""J66"":""0,04"",""K66"":""         109,62р. "",""L66"":""               -  р. "",""M66"":""               -  р. "",""N66"":""               -  р. "",""O66"":""               -  р. "",""P66"":""               109,62р. ""}",,
I-20240801-AA7A1F00B0212F1A,P-2024-08-01,C-20240801-4B7CD5B2A18B9279,ЛДСП 16мм ящик задник,Работа по площади — ЛДСП 16мм ящик задник,работа с площадью,work,,,,,,,,м²,m2,,,,,0.041366,,,0,0,,,,,"{""area_m2"":{""status_codes"":[""derived""],""source_cell"":""Расчет!J66"",""source_formula"":""=((C66*D66)*E66)*0.000001""},""historical_unit_price"":{""status_codes"":[""static"",""historical_price""],""source_cell"":""Расчет!L66""},""historical_line_cost"":{""status_codes"":[""derived"",""historical_price""],""source_cell"":""Расчет!M66"",""source_formula"":""=(C66*D66*E66*0.000001)*L66""}}",derived;static;historical_price,source-materials/Medvedev.Works.Calc.zip,Medvedev.Works.Calc/Примеры расчетов/Кукня_01.08.24.xls,Расчет,B66:P66,"{""B66"":""ЛДСП 16мм ящик задник"",""C66"":""86"",""D66"":""481"",""E66"":""1"",""F66"":""0"",""G66"":""0"",""H66"":""           2 650р. "",""I66"":""               -  р. "",""J66"":""0,04"",""K66"":""         109,62р. "",""L66"":""               -  р. "",""M66"":""               -  р. "",""N66"":""               -  р. "",""O66"":""               -  р. "",""P66"":""               109,62р. ""}",,
I-20240801-3B4541DE06DFBDE6,P-2024-08-01,C-20240801-4B7CD5B2A18B9279,ЛДСП 16мм ящик задник,Работа с кромкой — ЛДСП 16мм ящик задник,раб. с кр-ой,work,,,,,,,,м,m,,,,,,,,0,0,,,,,"{""historical_unit_price"":{""status_codes"":[""static"",""historical_price""],""source_cell"":""Расчет!N66""},""historical_line_cost"":{""status_codes"":[""derived"",""historical_price""],""source_cell"":""Расчет!O66"",""source_formula"":""=((C66*E66*F66*0.001)+(D66*E66*G66*0.001))*N66""}}",derived;static;historical_price,source-materials/Medvedev.Works.Calc.zip,Medvedev.Works.Calc/Примеры расчетов/Кукня_01.08.24.xls,Расчет,B66:P66,"{""B66"":""ЛДСП 16мм ящик задник"",""C66"":""86"",""D66"":""481"",""E66"":""1"",""F66"":""0"",""G66"":""0"",""H66"":""           2 650р. "",""I66"":""               -  р. "",""J66"":""0,04"",""K66"":""         109,62р. "",""L66"":""               -  р. "",""M66"":""               -  р. "",""N66"":""               -  р. "",""O66"":""               -  р. "",""P66"":""               109,62р. ""}",,
I-20240801-C99D96925EAD82FC,P-2024-08-01,,ЛДСП 16мм ящик задник,Стоимость детали — ЛДСП 16мм ящик задник,стоимость детали,subtotal,,,,,,,,р.,currency,,,,,,,,,109.6199,,,,,"{""historical_line_cost"":{""status_codes"":[""derived"",""historical_price""],""source_cell"":""Расчет!P66"",""source_formula"":""=IF($K$2=0,(((C66*D66*E66*0.000001*H66)+(C66*E66*F66*0.001*I66)+(D66*E66*G66*0.001*I66)+M66+O66)*$J$2),(((C66*D66*E66*0.000001*H66)+(C66*E66*F66*0.001*I66)+(D66*E66*G66*0.001*I66)+M66+O66)*$J$2)/$K$2)""}}",derived;historical_price,source-materials/Medvedev.Works.Calc.zip,Medvedev.Works.Calc/Примеры расчетов/Кукня_01.08.24.xls,Расчет,B66:P66,"{""B66"":""ЛДСП 16мм ящик задник"",""C66"":""86"",""D66"":""481"",""E66"":""1"",""F66"":""0"",""G66"":""0"",""H66"":""           2 650р. "",""I66"":""               -  р. "",""J66"":""0,04"",""K66"":""         109,62р. "",""L66"":""               -  р. "",""M66"":""               -  р. "",""N66"":""               -  р. "",""O66"":""               -  р. "",""P66"":""               109,62р. ""}",,
I-20240801-01B86108A2DC8792,P-2024-08-01,C-20240801-7958F2A2A13E54EB,ЛДСП 16мм ящик задник,Материал — ЛДСП 16мм ящик задник,цена материала,material,,,,,,,,м²,m2,,,,,0.231238,,,2650,612.7807,,,,,"{""area_m2"":{""status_codes"":[""derived""],""source_cell"":""Расчет!J67"",""source_formula"":""=((C67*D67)*E67)*0.000001""},""historical_unit_price"":{""status_codes"":[""static"",""historical_price""],""source_cell"":""Расчет!H67""},""historical_line_cost"":{""status_codes"":[""derived"",""historical_price""],""source_cell"":""Расчет!K67"",""source_formula"":""=J67*H67""}}",derived;static;historical_price,source-materials/Medvedev.Works.Calc.zip,Medvedev.Works.Calc/Примеры расчетов/Кукня_01.08.24.xls,Расчет,B67:P67,"{""B67"":""ЛДСП 16мм ящик задник"",""C67"":""199"",""D67"":""581"",""E67"":""2"",""F67"":""0"",""G67"":""0"",""H67"":""           2 650р. "",""I67"":""               -  р. "",""J67"":""0,23"",""K67"":""         612,78р. "",""L67"":""               -  р. "",""M67"":""               -  р. "",""N67"":""               -  р. "",""O67"":""               -  р. "",""P67"":""               612,78р. ""}",,
I-20240801-11FB7F035AFEF142,P-2024-08-01,C-20240801-7958F2A2A13E54EB,ЛДСП 16мм ящик задник,Кромка — ЛДСП 16мм ящик задник,цена кромки,material,,,,,,,,м,m,,,,,,,,0,0,,,,,"{""historical_unit_price"":{""status_codes"":[""static"",""historical_price""],""source_cell"":""Расчет!I67""},""historical_line_cost"":{""status_codes"":[""derived"",""historical_price""],""source_cell"":""Данные!C64"",""source_formula"":""=((((Расчет!C67*Расчет!F67)+(Расчет!D67*Расчет!G67))*Расчет!E67)/1000)*Расчет!I67""}}",derived;static;historical_price,source-materials/Medvedev.Works.Calc.zip,Medvedev.Works.Calc/Примеры расчетов/Кукня_01.08.24.xls,Расчет,B67:P67,"{""B67"":""ЛДСП 16мм ящик задник"",""C67"":""199"",""D67"":""581"",""E67"":""2"",""F67"":""0"",""G67"":""0"",""H67"":""           2 650р. "",""I67"":""               -  р. "",""J67"":""0,23"",""K67"":""         612,78р. "",""L67"":""               -  р. "",""M67"":""               -  р. "",""N67"":""               -  р. "",""O67"":""               -  р. "",""P67"":""               612,78р. ""}",,
I-20240801-CB4A4B5F44494E07,P-2024-08-01,C-20240801-4B7CD5B2A18B9279,ЛДСП 16мм ящик задник,Работа по площади — ЛДСП 16мм ящик задник,работа с площадью,work,,,,,,,,м²,m2,,,,,0.231238,,,0,0,,,,,"{""area_m2"":{""status_codes"":[""derived""],""source_cell"":""Расчет!J67"",""source_formula"":""=((C67*D67)*E67)*0.000001""},""historical_unit_price"":{""status_codes"":[""static"",""historical_price""],""source_cell"":""Расчет!L67""},""historical_line_cost"":{""status_codes"":[""derived"",""historical_price""],""source_cell"":""Расчет!M67"",""source_formula"":""=(C67*D67*E67*0.000001)*L67""}}",derived;static;historical_price,source-materials/Medvedev.Works.Calc.zip,Medvedev.Works.Calc/Примеры расчетов/Кукня_01.08.24.xls,Расчет,B67:P67,"{""B67"":""ЛДСП 16мм ящик задник"",""C67"":""199"",""D67"":""581"",""E67"":""2"",""F67"":""0"",""G67"":""0"",""H67"":""           2 650р. "",""I67"":""               -  р. "",""J67"":""0,23"",""K67"":""         612,78р. "",""L67"":""               -  р. "",""M67"":""               -  р. "",""N67"":""               -  р. "",""O67"":""               -  р. "",""P67"":""               612,78р. ""}",,
I-20240801-A7A80DEFEFAEF6AE,P-2024-08-01,C-20240801-4B7CD5B2A18B9279,ЛДСП 16мм ящик задник,Работа с кромкой — ЛДСП 16мм ящик задник,раб. с кр-ой,work,,,,,,,,м,m,,,,,,,,0,0,,,,,"{""historical_unit_price"":{""status_codes"":[""static"",""historical_price""],""source_cell"":""Расчет!N67""},""historical_line_cost"":{""status_codes"":[""derived"",""historical_price""],""source_cell"":""Расчет!O67"",""source_formula"":""=((C67*E67*F67*0.001)+(D67*E67*G67*0.001))*N67""}}",derived;static;historical_price,source-materials/Medvedev.Works.Calc.zip,Medvedev.Works.Calc/Примеры расчетов/Кукня_01.08.24.xls,Расчет,B67:P67,"{""B67"":""ЛДСП 16мм ящик задник"",""C67"":""199"",""D67"":""581"",""E67"":""2"",""F67"":""0"",""G67"":""0"",""H67"":""           2 650р. "",""I67"":""               -  р. "",""J67"":""0,23"",""K67"":""         612,78р. "",""L67"":""               -  р. "",""M67"":""               -  р. "",""N67"":""               -  р. "",""O67"":""               -  р. "",""P67"":""               612,78р. ""}",,
I-20240801-AB33988D286C3FB6,P-2024-08-01,,ЛДСП 16мм ящик задник,Стоимость детали — ЛДСП 16мм ящик задник,стоимость детали,subtotal,,,,,,,,р.,currency,,,,,,,,,612.7807,,,,,"{""historical_line_cost"":{""status_codes"":[""derived"",""historical_price""],""source_cell"":""Расчет!P67"",""source_formula"":""=IF($K$2=0,(((C67*D67*E67*0.000001*H67)+(C67*E67*F67*0.001*I67)+(D67*E67*G67*0.001*I67)+M67+O67)*$J$2),(((C67*D67*E67*0.000001*H67)+(C67*E67*F67*0.001*I67)+(D67*E67*G67*0.001*I67)+M67+O67)*$J$2)/$K$2)""}}",derived;historical_price,source-materials/Medvedev.Works.Calc.zip,Medvedev.Works.Calc/Примеры расчетов/Кукня_01.08.24.xls,Расчет,B67:P67,"{""B67"":""ЛДСП 16мм ящик задник"",""C67"":""199"",""D67"":""581"",""E67"":""2"",""F67"":""0"",""G67"":""0"",""H67"":""           2 650р. "",""I67"":""               -  р. "",""J67"":""0,23"",""K67"":""         612,78р. "",""L67"":""               -  р. "",""M67"":""               -  р. "",""N67"":""               -  р. "",""O67"":""               -  р. "",""P67"":""               612,78р. ""}",,
I-20240801-BF776BE19BF4305D,P-2024-08-01,C-20240801-7958F2A2A13E54EB,ЛДСП 25мм Подложка столешницы,Материал — ЛДСП 25мм Подложка столешницы,цена материала,material,,,,,,,,м²,m2,,,,,1.51704,,,1600,2427.264,,,,,"{""area_m2"":{""status_codes"":[""derived""],""source_cell"":""Расчет!J68"",""source_formula"":""=((C68*D68)*E68)*0.000001""},""historical_unit_price"":{""status_codes"":[""static"",""historical_price""],""source_cell"":""Расчет!H68""},""historical_line_cost"":{""status_codes"":[""derived"",""historical_price""],""source_cell"":""Расчет!K68"",""source_formula"":""=J68*H68""}}",derived;static;historical_price,source-materials/Medvedev.Works.Calc.zip,Medvedev.Works.Calc/Примеры расчетов/Кукня_01.08.24.xls,Расчет,B68:P68,"{""B68"":""ЛДСП 25мм Подложка столешницы"",""C68"":""2580"",""D68"":""588"",""E68"":""1"",""F68"":""2"",""G68"":""2"",""H68"":""           1 600р. "",""I68"":""       250,00р. "",""J68"":""1,52"",""K68"":""      2 427,26р. "",""L68"":""               -  р. "",""M68"":""               -  р. "",""N68"":""               -  р. "",""O68"":""               -  р. "",""P68"":""            4 011,26р. ""}",,
I-20240801-C9482332E31D9A99,P-2024-08-01,C-20240801-7958F2A2A13E54EB,ЛДСП 25мм Подложка столешницы,Кромка — ЛДСП 25мм Подложка столешницы,цена кромки,material,,,,,,,,м,m,,,,,,,,250,1584,,,,,"{""historical_unit_price"":{""status_codes"":[""static"",""historical_price""],""source_cell"":""Расчет!I68""},""historical_line_cost"":{""status_codes"":[""derived"",""historical_price""],""source_cell"":""Данные!C65"",""source_formula"":""=((((Расчет!C68*Расчет!F68)+(Расчет!D68*Расчет!G68))*Расчет!E68)/1000)*Расчет!I68""}}",derived;static;historical_price,source-materials/Medvedev.Works.Calc.zip,Medvedev.Works.Calc/Примеры расчетов/Кукня_01.08.24.xls,Расчет,B68:P68,"{""B68"":""ЛДСП 25мм Подложка столешницы"",""C68"":""2580"",""D68"":""588"",""E68"":""1"",""F68"":""2"",""G68"":""2"",""H68"":""           1 600р. "",""I68"":""       250,00р. "",""J68"":""1,52"",""K68"":""      2 427,26р. "",""L68"":""               -  р. "",""M68"":""               -  р. "",""N68"":""               -  р. "",""O68"":""               -  р. "",""P68"":""            4 011,26р. ""}",,
I-20240801-835DF469F70071FA,P-2024-08-01,C-20240801-4B7CD5B2A18B9279,ЛДСП 25мм Подложка столешницы,Работа по площади — ЛДСП 25мм Подложка столешницы,работа с площадью,work,,,,,,,,м²,m2,,,,,1.51704,,,0,0,,,,,"{""area_m2"":{""status_codes"":[""derived""],""source_cell"":""Расчет!J68"",""source_formula"":""=((C68*D68)*E68)*0.000001""},""historical_unit_price"":{""status_codes"":[""static"",""historical_price""],""source_cell"":""Расчет!L68""},""historical_line_cost"":{""status_codes"":[""derived"",""historical_price""],""source_cell"":""Расчет!M68"",""source_formula"":""=(C68*D68*E68*0.000001)*L68""}}",derived;static;historical_price,source-materials/Medvedev.Works.Calc.zip,Medvedev.Works.Calc/Примеры расчетов/Кукня_01.08.24.xls,Расчет,B68:P68,"{""B68"":""ЛДСП 25мм Подложка столешницы"",""C68"":""2580"",""D68"":""588"",""E68"":""1"",""F68"":""2"",""G68"":""2"",""H68"":""           1 600р. "",""I68"":""       250,00р. "",""J68"":""1,52"",""K68"":""      2 427,26р. "",""L68"":""               -  р. "",""M68"":""               -  р. "",""N68"":""               -  р. "",""O68"":""               -  р. "",""P68"":""            4 011,26р. ""}",,
I-20240801-90BB7B55E374EDE2,P-2024-08-01,C-20240801-4B7CD5B2A18B9279,ЛДСП 25мм Подложка столешницы,Работа с кромкой — ЛДСП 25мм Подложка столешницы,раб. с кр-ой,work,,,,,,,,м,m,,,,,,,,0,0,,,,,"{""historical_unit_price"":{""status_codes"":[""static"",""historical_price""],""source_cell"":""Расчет!N68""},""historical_line_cost"":{""status_codes"":[""derived"",""historical_price""],""source_cell"":""Расчет!O68"",""source_formula"":""=((C68*E68*F68*0.001)+(D68*E68*G68*0.001))*N68""}}",derived;static;historical_price,source-materials/Medvedev.Works.Calc.zip,Medvedev.Works.Calc/Примеры расчетов/Кукня_01.08.24.xls,Расчет,B68:P68,"{""B68"":""ЛДСП 25мм Подложка столешницы"",""C68"":""2580"",""D68"":""588"",""E68"":""1"",""F68"":""2"",""G68"":""2"",""H68"":""           1 600р. "",""I68"":""       250,00р. "",""J68"":""1,52"",""K68"":""      2 427,26р. "",""L68"":""               -  р. "",""M68"":""               -  р. "",""N68"":""               -  р. "",""O68"":""               -  р. "",""P68"":""            4 011,26р. ""}",,
I-20240801-1FF5B3E151F20669,P-2024-08-01,,ЛДСП 25мм Подложка столешницы,Стоимость детали — ЛДСП 25мм Подложка столешницы,стоимость детали,subtotal,,,,,,,,р.,currency,,,,,,,,,4011.264,,,,,"{""historical_line_cost"":{""status_codes"":[""derived"",""historical_price""],""source_cell"":""Расчет!P68"",""source_formula"":""=IF($K$2=0,(((C68*D68*E68*0.000001*H68)+(C68*E68*F68*0.001*I68)+(D68*E68*G68*0.001*I68)+M68+O68)*$J$2),(((C68*D68*E68*0.000001*H68)+(C68*E68*F68*0.001*I68)+(D68*E68*G68*0.001*I68)+M68+O68)*$J$2)/$K$2)""}}",derived;historical_price,source-materials/Medvedev.Works.Calc.zip,Medvedev.Works.Calc/Примеры расчетов/Кукня_01.08.24.xls,Расчет,B68:P68,"{""B68"":""ЛДСП 25мм Подложка столешницы"",""C68"":""2580"",""D68"":""588"",""E68"":""1"",""F68"":""2"",""G68"":""2"",""H68"":""           1 600р. "",""I68"":""       250,00р. "",""J68"":""1,52"",""K68"":""      2 427,26р. "",""L68"":""               -  р. "",""M68"":""               -  р. "",""N68"":""               -  р. "",""O68"":""               -  р. "",""P68"":""            4 011,26р. ""}",,
I-20240801-B695D8EAB2C2C53E,P-2024-08-01,C-20240801-7958F2A2A13E54EB,ЛДСП 25мм Подложка столешницы,Материал — ЛДСП 25мм Подложка столешницы,цена материала,material,,,,,,,,м²,m2,,,,,1.06428,,,1600,1702.848,,,,,"{""area_m2"":{""status_codes"":[""derived""],""source_cell"":""Расчет!J69"",""source_formula"":""=((C69*D69)*E69)*0.000001""},""historical_unit_price"":{""status_codes"":[""static"",""historical_price""],""source_cell"":""Расчет!H69""},""historical_line_cost"":{""status_codes"":[""derived"",""historical_price""],""source_cell"":""Расчет!K69"",""source_formula"":""=J69*H69""}}",derived;static;historical_price,source-materials/Medvedev.Works.Calc.zip,Medvedev.Works.Calc/Примеры расчетов/Кукня_01.08.24.xls,Расчет,B69:P69,"{""B69"":""ЛДСП 25мм Подложка столешницы"",""C69"":""1810"",""D69"":""588"",""E69"":""1"",""F69"":""2"",""G69"":""2"",""H69"":""           1 600р. "",""I69"":""       250,00р. "",""J69"":""1,06"",""K69"":""      1 702,85р. "",""L69"":""               -  р. "",""M69"":""               -  р. "",""N69"":""               -  р. "",""O69"":""               -  р. "",""P69"":""            2 901,85р. ""}",,
I-20240801-A1DE1CA02590B757,P-2024-08-01,C-20240801-7958F2A2A13E54EB,ЛДСП 25мм Подложка столешницы,Кромка — ЛДСП 25мм Подложка столешницы,цена кромки,material,,,,,,,,м,m,,,,,,,,250,1199,,,,,"{""historical_unit_price"":{""status_codes"":[""static"",""historical_price""],""source_cell"":""Расчет!I69""},""historical_line_cost"":{""status_codes"":[""derived"",""historical_price""],""source_cell"":""Данные!C66"",""source_formula"":""=((((Расчет!C69*Расчет!F69)+(Расчет!D69*Расчет!G69))*Расчет!E69)/1000)*Расчет!I69""}}",derived;static;historical_price,source-materials/Medvedev.Works.Calc.zip,Medvedev.Works.Calc/Примеры расчетов/Кукня_01.08.24.xls,Расчет,B69:P69,"{""B69"":""ЛДСП 25мм Подложка столешницы"",""C69"":""1810"",""D69"":""588"",""E69"":""1"",""F69"":""2"",""G69"":""2"",""H69"":""           1 600р. "",""I69"":""       250,00р. "",""J69"":""1,06"",""K69"":""      1 702,85р. "",""L69"":""               -  р. "",""M69"":""               -  р. "",""N69"":""               -  р. "",""O69"":""               -  р. "",""P69"":""            2 901,85р. ""}",,
I-20240801-158C08021A907746,P-2024-08-01,C-20240801-4B7CD5B2A18B9279,ЛДСП 25мм Подложка столешницы,Работа по площади — ЛДСП 25мм Подложка столешницы,работа с площадью,work,,,,,,,,м²,m2,,,,,1.06428,,,0,0,,,,,"{""area_m2"":{""status_codes"":[""derived""],""source_cell"":""Расчет!J69"",""source_formula"":""=((C69*D69)*E69)*0.000001""},""historical_unit_price"":{""status_codes"":[""static"",""historical_price""],""source_cell"":""Расчет!L69""},""historical_line_cost"":{""status_codes"":[""derived"",""historical_price""],""source_cell"":""Расчет!M69"",""source_formula"":""=(C69*D69*E69*0.000001)*L69""}}",derived;static;historical_price,source-materials/Medvedev.Works.Calc.zip,Medvedev.Works.Calc/Примеры расчетов/Кукня_01.08.24.xls,Расчет,B69:P69,"{""B69"":""ЛДСП 25мм Подложка столешницы"",""C69"":""1810"",""D69"":""588"",""E69"":""1"",""F69"":""2"",""G69"":""2"",""H69"":""           1 600р. "",""I69"":""       250,00р. "",""J69"":""1,06"",""K69"":""      1 702,85р. "",""L69"":""               -  р. "",""M69"":""               -  р. "",""N69"":""               -  р. "",""O69"":""               -  р. "",""P69"":""            2 901,85р. ""}",,
I-20240801-A3F26C2AA0F79C56,P-2024-08-01,C-20240801-4B7CD5B2A18B9279,ЛДСП 25мм Подложка столешницы,Работа с кромкой — ЛДСП 25мм Подложка столешницы,раб. с кр-ой,work,,,,,,,,м,m,,,,,,,,0,0,,,,,"{""historical_unit_price"":{""status_codes"":[""static"",""historical_price""],""source_cell"":""Расчет!N69""},""historical_line_cost"":{""status_codes"":[""derived"",""historical_price""],""source_cell"":""Расчет!O69"",""source_formula"":""=((C69*E69*F69*0.001)+(D69*E69*G69*0.001))*N69""}}",derived;static;historical_price,source-materials/Medvedev.Works.Calc.zip,Medvedev.Works.Calc/Примеры расчетов/Кукня_01.08.24.xls,Расчет,B69:P69,"{""B69"":""ЛДСП 25мм Подложка столешницы"",""C69"":""1810"",""D69"":""588"",""E69"":""1"",""F69"":""2"",""G69"":""2"",""H69"":""           1 600р. "",""I69"":""       250,00р. "",""J69"":""1,06"",""K69"":""      1 702,85р. "",""L69"":""               -  р. "",""M69"":""               -  р. "",""N69"":""               -  р. "",""O69"":""               -  р. "",""P69"":""            2 901,85р. ""}",,
I-20240801-6C72BAF5884E3A95,P-2024-08-01,,ЛДСП 25мм Подложка столешницы,Стоимость детали — ЛДСП 25мм Подложка столешницы,стоимость детали,subtotal,,,,,,,,р.,currency,,,,,,,,,2901.848,,,,,"{""historical_line_cost"":{""status_codes"":[""derived"",""historical_price""],""source_cell"":""Расчет!P69"",""source_formula"":""=IF($K$2=0,(((C69*D69*E69*0.000001*H69)+(C69*E69*F69*0.001*I69)+(D69*E69*G69*0.001*I69)+M69+O69)*$J$2),(((C69*D69*E69*0.000001*H69)+(C69*E69*F69*0.001*I69)+(D69*E69*G69*0.001*I69)+M69+O69)*$J$2)/$K$2)""}}",derived;historical_price,source-materials/Medvedev.Works.Calc.zip,Medvedev.Works.Calc/Примеры расчетов/Кукня_01.08.24.xls,Расчет,B69:P69,"{""B69"":""ЛДСП 25мм Подложка столешницы"",""C69"":""1810"",""D69"":""588"",""E69"":""1"",""F69"":""2"",""G69"":""2"",""H69"":""           1 600р. "",""I69"":""       250,00р. "",""J69"":""1,06"",""K69"":""      1 702,85р. "",""L69"":""               -  р. "",""M69"":""               -  р. "",""N69"":""               -  р. "",""O69"":""               -  р. "",""P69"":""            2 901,85р. ""}",,
I-20240801-CD574013EC154756,P-2024-08-01,C-20240801-7958F2A2A13E54EB,ЛДСП 16мм подложка столешницы,Материал — ЛДСП 16мм подложка столешницы,цена материала,material,,,,,,,,м²,m2,,,,,0.507444,,,2650,1344.7266,,,,,"{""area_m2"":{""status_codes"":[""derived""],""source_cell"":""Расчет!J70"",""source_formula"":""=((C70*D70)*E70)*0.000001""},""historical_unit_price"":{""status_codes"":[""static"",""historical_price""],""source_cell"":""Расчет!H70""},""historical_line_cost"":{""status_codes"":[""derived"",""historical_price""],""source_cell"":""Расчет!K70"",""source_formula"":""=J70*H70""}}",derived;static;historical_price,source-materials/Medvedev.Works.Calc.zip,Medvedev.Works.Calc/Примеры расчетов/Кукня_01.08.24.xls,Расчет,B70:P70,"{""B70"":""ЛДСП 16мм подложка столешницы"",""C70"":""863"",""D70"":""588"",""E70"":""1"",""F70"":""2"",""G70"":""2"",""H70"":""           2 650р. "",""I70"":""               -  р. "",""J70"":""0,51"",""K70"":""      1 344,73р. "",""L70"":""               -  р. "",""M70"":""               -  р. "",""N70"":""               -  р. "",""O70"":""               -  р. "",""P70"":""            1 344,73р. ""}",,
I-20240801-B63AC271FAC85456,P-2024-08-01,C-20240801-7958F2A2A13E54EB,ЛДСП 16мм подложка столешницы,Кромка — ЛДСП 16мм подложка столешницы,цена кромки,material,,,,,,,,м,m,,,,,,,,0,0,,,,,"{""historical_unit_price"":{""status_codes"":[""static"",""historical_price""],""source_cell"":""Расчет!I70""},""historical_line_cost"":{""status_codes"":[""derived"",""historical_price""],""source_cell"":""Данные!C67"",""source_formula"":""=((((Расчет!C70*Расчет!F70)+(Расчет!D70*Расчет!G70))*Расчет!E70)/1000)*Расчет!I70""}}",derived;static;historical_price,source-materials/Medvedev.Works.Calc.zip,Medvedev.Works.Calc/Примеры расчетов/Кукня_01.08.24.xls,Расчет,B70:P70,"{""B70"":""ЛДСП 16мм подложка столешницы"",""C70"":""863"",""D70"":""588"",""E70"":""1"",""F70"":""2"",""G70"":""2"",""H70"":""           2 650р. "",""I70"":""               -  р. "",""J70"":""0,51"",""K70"":""      1 344,73р. "",""L70"":""               -  р. "",""M70"":""               -  р. "",""N70"":""               -  р. "",""O70"":""               -  р. "",""P70"":""            1 344,73р. ""}",,
I-20240801-D7659DE2B12FBCE2,P-2024-08-01,C-20240801-4B7CD5B2A18B9279,ЛДСП 16мм подложка столешницы,Работа по площади — ЛДСП 16мм подложка столешницы,работа с площадью,work,,,,,,,,м²,m2,,,,,0.507444,,,0,0,,,,,"{""area_m2"":{""status_codes"":[""derived""],""source_cell"":""Расчет!J70"",""source_formula"":""=((C70*D70)*E70)*0.000001""},""historical_unit_price"":{""status_codes"":[""static"",""historical_price""],""source_cell"":""Расчет!L70""},""historical_line_cost"":{""status_codes"":[""derived"",""historical_price""],""source_cell"":""Расчет!M70"",""source_formula"":""=(C70*D70*E70*0.000001)*L70""}}",derived;static;historical_price,source-materials/Medvedev.Works.Calc.zip,Medvedev.Works.Calc/Примеры расчетов/Кукня_01.08.24.xls,Расчет,B70:P70,"{""B70"":""ЛДСП 16мм подложка столешницы"",""C70"":""863"",""D70"":""588"",""E70"":""1"",""F70"":""2"",""G70"":""2"",""H70"":""           2 650р. "",""I70"":""               -  р. "",""J70"":""0,51"",""K70"":""      1 344,73р. "",""L70"":""               -  р. "",""M70"":""               -  р. "",""N70"":""               -  р. "",""O70"":""               -  р. "",""P70"":""            1 344,73р. ""}",,
I-20240801-0195C7C5649F1517,P-2024-08-01,C-20240801-4B7CD5B2A18B9279,ЛДСП 16мм подложка столешницы,Работа с кромкой — ЛДСП 16мм подложка столешницы,раб. с кр-ой,work,,,,,,,,м,m,,,,,,,,0,0,,,,,"{""historical_unit_price"":{""status_codes"":[""static"",""historical_price""],""source_cell"":""Расчет!N70""},""historical_line_cost"":{""status_codes"":[""derived"",""historical_price""],""source_cell"":""Расчет!O70"",""source_formula"":""=((C70*E70*F70*0.001)+(D70*E70*G70*0.001))*N70""}}",derived;static;historical_price,source-materials/Medvedev.Works.Calc.zip,Medvedev.Works.Calc/Примеры расчетов/Кукня_01.08.24.xls,Расчет,B70:P70,"{""B70"":""ЛДСП 16мм подложка столешницы"",""C70"":""863"",""D70"":""588"",""E70"":""1"",""F70"":""2"",""G70"":""2"",""H70"":""           2 650р. "",""I70"":""               -  р. "",""J70"":""0,51"",""K70"":""      1 344,73р. "",""L70"":""               -  р. "",""M70"":""               -  р. "",""N70"":""               -  р. "",""O70"":""               -  р. "",""P70"":""            1 344,73р. ""}",,
I-20240801-218159BC42771519,P-2024-08-01,,ЛДСП 16мм подложка столешницы,Стоимость детали — ЛДСП 16мм подложка столешницы,стоимость детали,subtotal,,,,,,,,р.,currency,,,,,,,,,1344.7266,,,,,"{""historical_line_cost"":{""status_codes"":[""derived"",""historical_price""],""source_cell"":""Расчет!P70"",""source_formula"":""=IF($K$2=0,(((C70*D70*E70*0.000001*H70)+(C70*E70*F70*0.001*I70)+(D70*E70*G70*0.001*I70)+M70+O70)*$J$2),(((C70*D70*E70*0.000001*H70)+(C70*E70*F70*0.001*I70)+(D70*E70*G70*0.001*I70)+M70+O70)*$J$2)/$K$2)""}}",derived;historical_price,source-materials/Medvedev.Works.Calc.zip,Medvedev.Works.Calc/Примеры расчетов/Кукня_01.08.24.xls,Расчет,B70:P70,"{""B70"":""ЛДСП 16мм подложка столешницы"",""C70"":""863"",""D70"":""588"",""E70"":""1"",""F70"":""2"",""G70"":""2"",""H70"":""           2 650р. "",""I70"":""               -  р. "",""J70"":""0,51"",""K70"":""      1 344,73р. "",""L70"":""               -  р. "",""M70"":""               -  р. "",""N70"":""               -  р. "",""O70"":""               -  р. "",""P70"":""            1 344,73р. ""}",,
I-20240801-525CBAEB308BFDC6,P-2024-08-01,C-20240801-7958F2A2A13E54EB,Акриловый камень для столешницы Пласть,Материал — Акриловый камень для столешницы Пласть,цена материала,material,,,,,,,,м²,m2,,,,,1.8075,,,0,0,,,,,"{""area_m2"":{""status_codes"":[""derived""],""source_cell"":""Расчет!J71"",""source_formula"":""=((C71*D71)*E71)*0.000001""},""historical_unit_price"":{""status_codes"":[""static"",""historical_price""],""source_cell"":""Расчет!H71""},""historical_line_cost"":{""status_codes"":[""derived"",""historical_price""],""source_cell"":""Расчет!K71"",""source_formula"":""=J71*H71""}}",derived;static;historical_price,source-materials/Medvedev.Works.Calc.zip,Medvedev.Works.Calc/Примеры расчетов/Кукня_01.08.24.xls,Расчет,B71:P71,"{""B71"":""Акриловый камень для столешницы Пласть"",""C71"":""2410"",""D71"":""750"",""E71"":""1"",""F71"":""1"",""G71"":""0"",""H71"":""                   -р. "",""I71"":""               -  р. "",""J71"":""1,81"",""K71"":""                 -  р. "",""L71"":""               -  р. "",""M71"":""               -  р. "",""N71"":""    2 000,00р. "",""O71"":""    4 820,00р. "",""P71"":""            4 820,00р. ""}",,
I-20240801-520E5EF218A5C21B,P-2024-08-01,C-20240801-7958F2A2A13E54EB,Акриловый камень для столешницы Пласть,Кромка — Акриловый камень для столешницы Пласть,цена кромки,material,,,,,,,,м,m,,,,,,,,0,0,,,,,"{""historical_unit_price"":{""status_codes"":[""static"",""historical_price""],""source_cell"":""Расчет!I71""},""historical_line_cost"":{""status_codes"":[""derived"",""historical_price""],""source_cell"":""Данные!C68"",""source_formula"":""=((((Расчет!C71*Расчет!F71)+(Расчет!D71*Расчет!G71))*Расчет!E71)/1000)*Расчет!I71""}}",derived;static;historical_price,source-materials/Medvedev.Works.Calc.zip,Medvedev.Works.Calc/Примеры расчетов/Кукня_01.08.24.xls,Расчет,B71:P71,"{""B71"":""Акриловый камень для столешницы Пласть"",""C71"":""2410"",""D71"":""750"",""E71"":""1"",""F71"":""1"",""G71"":""0"",""H71"":""                   -р. "",""I71"":""               -  р. "",""J71"":""1,81"",""K71"":""                 -  р. "",""L71"":""               -  р. "",""M71"":""               -  р. "",""N71"":""    2 000,00р. "",""O71"":""    4 820,00р. "",""P71"":""            4 820,00р. ""}",,
I-20240801-C9E8AFC85805F435,P-2024-08-01,C-20240801-4B7CD5B2A18B9279,Акриловый камень для столешницы Пласть,Работа по площади — Акриловый камень для столешницы Пласть,работа с площадью,work,,,,,,,,м²,m2,,,,,1.8075,,,0,0,,,,,"{""area_m2"":{""status_codes"":[""derived""],""source_cell"":""Расчет!J71"",""source_formula"":""=((C71*D71)*E71)*0.000001""},""historical_unit_price"":{""status_codes"":[""static"",""historical_price""],""source_cell"":""Расчет!L71""},""historical_line_cost"":{""status_codes"":[""derived"",""historical_price""],""source_cell"":""Расчет!M71"",""source_formula"":""=(C71*D71*E71*0.000001)*L71""}}",derived;static;historical_price,source-materials/Medvedev.Works.Calc.zip,Medvedev.Works.Calc/Примеры расчетов/Кукня_01.08.24.xls,Расчет,B71:P71,"{""B71"":""Акриловый камень для столешницы Пласть"",""C71"":""2410"",""D71"":""750"",""E71"":""1"",""F71"":""1"",""G71"":""0"",""H71"":""                   -р. "",""I71"":""               -  р. "",""J71"":""1,81"",""K71"":""                 -  р. "",""L71"":""               -  р. "",""M71"":""               -  р. "",""N71"":""    2 000,00р. "",""O71"":""    4 820,00р. "",""P71"":""            4 820,00р. ""}",,
I-20240801-EF283CE18AD819FA,P-2024-08-01,C-20240801-4B7CD5B2A18B9279,Акриловый камень для столешницы Пласть,Работа с кромкой — Акриловый камень для столешницы Пласть,раб. с кр-ой,work,,,,,,,,м,m,,,,,,,,2000,4820,,,,,"{""historical_unit_price"":{""status_codes"":[""static"",""historical_price""],""source_cell"":""Расчет!N71""},""historical_line_cost"":{""status_codes"":[""derived"",""historical_price""],""source_cell"":""Расчет!O71"",""source_formula"":""=((C71*E71*F71*0.001)+(D71*E71*G71*0.001))*N71""}}",derived;static;historical_price,source-materials/Medvedev.Works.Calc.zip,Medvedev.Works.Calc/Примеры расчетов/Кукня_01.08.24.xls,Расчет,B71:P71,"{""B71"":""Акриловый камень для столешницы Пласть"",""C71"":""2410"",""D71"":""750"",""E71"":""1"",""F71"":""1"",""G71"":""0"",""H71"":""                   -р. "",""I71"":""               -  р. "",""J71"":""1,81"",""K71"":""                 -  р. "",""L71"":""               -  р. "",""M71"":""               -  р. "",""N71"":""    2 000,00р. "",""O71"":""    4 820,00р. "",""P71"":""            4 820,00р. ""}",,
I-20240801-33E7F2F8EB3F898B,P-2024-08-01,,Акриловый камень для столешницы Пласть,Стоимость детали — Акриловый камень для столешницы Пласть,стоимость детали,subtotal,,,,,,,,р.,currency,,,,,,,,,4820,,,,,"{""historical_line_cost"":{""status_codes"":[""derived"",""historical_price""],""source_cell"":""Расчет!P71"",""source_formula"":""=IF($K$2=0,(((C71*D71*E71*0.000001*H71)+(C71*E71*F71*0.001*I71)+(D71*E71*G71*0.001*I71)+M71+O71)*$J$2),(((C71*D71*E71*0.000001*H71)+(C71*E71*F71*0.001*I71)+(D71*E71*G71*0.001*I71)+M71+O71)*$J$2)/$K$2)""}}",derived;historical_price,source-materials/Medvedev.Works.Calc.zip,Medvedev.Works.Calc/Примеры расчетов/Кукня_01.08.24.xls,Расчет,B71:P71,"{""B71"":""Акриловый камень для столешницы Пласть"",""C71"":""2410"",""D71"":""750"",""E71"":""1"",""F71"":""1"",""G71"":""0"",""H71"":""                   -р. "",""I71"":""               -  р. "",""J71"":""1,81"",""K71"":""                 -  р. "",""L71"":""               -  р. "",""M71"":""               -  р. "",""N71"":""    2 000,00р. "",""O71"":""    4 820,00р. "",""P71"":""            4 820,00р. ""}",,
I-20240801-E0869F6B4ABDD765,P-2024-08-01,C-20240801-7958F2A2A13E54EB,Акриловый камень для столешницы Пласть,Материал — Акриловый камень для столешницы Пласть,цена материала,material,,,,,,,,м²,m2,,,,,1.2627,,,0,0,,,,,"{""area_m2"":{""status_codes"":[""derived""],""source_cell"":""Расчет!J72"",""source_formula"":""=((C72*D72)*E72)*0.000001""},""historical_unit_price"":{""status_codes"":[""static"",""historical_price""],""source_cell"":""Расчет!H72""},""historical_line_cost"":{""status_codes"":[""derived"",""historical_price""],""source_cell"":""Расчет!K72"",""source_formula"":""=J72*H72""}}",derived;static;historical_price,source-materials/Medvedev.Works.Calc.zip,Medvedev.Works.Calc/Примеры расчетов/Кукня_01.08.24.xls,Расчет,B72:P72,"{""B72"":""Акриловый камень для столешницы Пласть"",""C72"":""1830"",""D72"":""690"",""E72"":""1"",""F72"":""1"",""G72"":""0"",""H72"":""                   -р. "",""I72"":""               -  р. "",""J72"":""1,26"",""K72"":""                 -  р. "",""L72"":""               -  р. "",""M72"":""               -  р. "",""N72"":""    2 000,00р. "",""O72"":""    3 660,00р. "",""P72"":""            3 660,00р. ""}",,
I-20240801-15D0FBBCEA767589,P-2024-08-01,C-20240801-7958F2A2A13E54EB,Акриловый камень для столешницы Пласть,Кромка — Акриловый камень для столешницы Пласть,цена кромки,material,,,,,,,,м,m,,,,,,,,0,0,,,,,"{""historical_unit_price"":{""status_codes"":[""static"",""historical_price""],""source_cell"":""Расчет!I72""},""historical_line_cost"":{""status_codes"":[""derived"",""historical_price""],""source_cell"":""Данные!C69"",""source_formula"":""=((((Расчет!C72*Расчет!F72)+(Расчет!D72*Расчет!G72))*Расчет!E72)/1000)*Расчет!I72""}}",derived;static;historical_price,source-materials/Medvedev.Works.Calc.zip,Medvedev.Works.Calc/Примеры расчетов/Кукня_01.08.24.xls,Расчет,B72:P72,"{""B72"":""Акриловый камень для столешницы Пласть"",""C72"":""1830"",""D72"":""690"",""E72"":""1"",""F72"":""1"",""G72"":""0"",""H72"":""                   -р. "",""I72"":""               -  р. "",""J72"":""1,26"",""K72"":""                 -  р. "",""L72"":""               -  р. "",""M72"":""               -  р. "",""N72"":""    2 000,00р. "",""O72"":""    3 660,00р. "",""P72"":""            3 660,00р. ""}",,
I-20240801-796814FE6D42EEAF,P-2024-08-01,C-20240801-4B7CD5B2A18B9279,Акриловый камень для столешницы Пласть,Работа по площади — Акриловый камень для столешницы Пласть,работа с площадью,work,,,,,,,,м²,m2,,,,,1.2627,,,0,0,,,,,"{""area_m2"":{""status_codes"":[""derived""],""source_cell"":""Расчет!J72"",""source_formula"":""=((C72*D72)*E72)*0.000001""},""historical_unit_price"":{""status_codes"":[""static"",""historical_price""],""source_cell"":""Расчет!L72""},""historical_line_cost"":{""status_codes"":[""derived"",""historical_price""],""source_cell"":""Расчет!M72"",""source_formula"":""=(C72*D72*E72*0.000001)*L72""}}",derived;static;historical_price,source-materials/Medvedev.Works.Calc.zip,Medvedev.Works.Calc/Примеры расчетов/Кукня_01.08.24.xls,Расчет,B72:P72,"{""B72"":""Акриловый камень для столешницы Пласть"",""C72"":""1830"",""D72"":""690"",""E72"":""1"",""F72"":""1"",""G72"":""0"",""H72"":""                   -р. "",""I72"":""               -  р. "",""J72"":""1,26"",""K72"":""                 -  р. "",""L72"":""               -  р. "",""M72"":""               -  р. "",""N72"":""    2 000,00р. "",""O72"":""    3 660,00р. "",""P72"":""            3 660,00р. ""}",,
I-20240801-47BC88AF364A8BE9,P-2024-08-01,C-20240801-4B7CD5B2A18B9279,Акриловый камень для столешницы Пласть,Работа с кромкой — Акриловый камень для столешницы Пласть,раб. с кр-ой,work,,,,,,,,м,m,,,,,,,,2000,3660,,,,,"{""historical_unit_price"":{""status_codes"":[""static"",""historical_price""],""source_cell"":""Расчет!N72""},""historical_line_cost"":{""status_codes"":[""derived"",""historical_price""],""source_cell"":""Расчет!O72"",""source_formula"":""=((C72*E72*F72*0.001)+(D72*E72*G72*0.001))*N72""}}",derived;static;historical_price,source-materials/Medvedev.Works.Calc.zip,Medvedev.Works.Calc/Примеры расчетов/Кукня_01.08.24.xls,Расчет,B72:P72,"{""B72"":""Акриловый камень для столешницы Пласть"",""C72"":""1830"",""D72"":""690"",""E72"":""1"",""F72"":""1"",""G72"":""0"",""H72"":""                   -р. "",""I72"":""               -  р. "",""J72"":""1,26"",""K72"":""                 -  р. "",""L72"":""               -  р. "",""M72"":""               -  р. "",""N72"":""    2 000,00р. "",""O72"":""    3 660,00р. "",""P72"":""            3 660,00р. ""}",,
I-20240801-DA330A5181F4B588,P-2024-08-01,,Акриловый камень для столешницы Пласть,Стоимость детали — Акриловый камень для столешницы Пласть,стоимость детали,subtotal,,,,,,,,р.,currency,,,,,,,,,3660,,,,,"{""historical_line_cost"":{""status_codes"":[""derived"",""historical_price""],""source_cell"":""Расчет!P72"",""source_formula"":""=IF($K$2=0,(((C72*D72*E72*0.000001*H72)+(C72*E72*F72*0.001*I72)+(D72*E72*G72*0.001*I72)+M72+O72)*$J$2),(((C72*D72*E72*0.000001*H72)+(C72*E72*F72*0.001*I72)+(D72*E72*G72*0.001*I72)+M72+O72)*$J$2)/$K$2)""}}",derived;historical_price,source-materials/Medvedev.Works.Calc.zip,Medvedev.Works.Calc/Примеры расчетов/Кукня_01.08.24.xls,Расчет,B72:P72,"{""B72"":""Акриловый камень для столешницы Пласть"",""C72"":""1830"",""D72"":""690"",""E72"":""1"",""F72"":""1"",""G72"":""0"",""H72"":""                   -р. "",""I72"":""               -  р. "",""J72"":""1,26"",""K72"":""                 -  р. "",""L72"":""               -  р. "",""M72"":""               -  р. "",""N72"":""    2 000,00р. "",""O72"":""    3 660,00р. "",""P72"":""            3 660,00р. ""}",,
I-20240801-9771FF393D6A6141,P-2024-08-01,C-20240801-7958F2A2A13E54EB,Акриловый камень для столешницы Пласть,Материал — Акриловый камень для столешницы Пласть,цена материала,material,,,,,,,,м²,m2,,,,,0.516,,,0,0,,,,,"{""area_m2"":{""status_codes"":[""derived""],""source_cell"":""Расчет!J73"",""source_formula"":""=((C73*D73)*E73)*0.000001""},""historical_unit_price"":{""status_codes"":[""static"",""historical_price""],""source_cell"":""Расчет!H73""},""historical_line_cost"":{""status_codes"":[""derived"",""historical_price""],""source_cell"":""Расчет!K73"",""source_formula"":""=J73*H73""}}",derived;static;historical_price,source-materials/Medvedev.Works.Calc.zip,Medvedev.Works.Calc/Примеры расчетов/Кукня_01.08.24.xls,Расчет,B73:P73,"{""B73"":""Акриловый камень для столешницы Пласть"",""C73"":""860"",""D73"":""600"",""E73"":""1"",""F73"":""1"",""G73"":""0"",""H73"":""                   -р. "",""I73"":""               -  р. "",""J73"":""0,52"",""K73"":""                 -  р. "",""L73"":""               -  р. "",""M73"":""               -  р. "",""N73"":""    2 000,00р. "",""O73"":""    1 720,00р. "",""P73"":""            1 720,00р. ""}",,
I-20240801-6338C7899A9A4F40,P-2024-08-01,C-20240801-7958F2A2A13E54EB,Акриловый камень для столешницы Пласть,Кромка — Акриловый камень для столешницы Пласть,цена кромки,material,,,,,,,,м,m,,,,,,,,0,0,,,,,"{""historical_unit_price"":{""status_codes"":[""static"",""historical_price""],""source_cell"":""Расчет!I73""},""historical_line_cost"":{""status_codes"":[""derived"",""historical_price""],""source_cell"":""Данные!C70"",""source_formula"":""=((((Расчет!C73*Расчет!F73)+(Расчет!D73*Расчет!G73))*Расчет!E73)/1000)*Расчет!I73""}}",derived;static;historical_price,source-materials/Medvedev.Works.Calc.zip,Medvedev.Works.Calc/Примеры расчетов/Кукня_01.08.24.xls,Расчет,B73:P73,"{""B73"":""Акриловый камень для столешницы Пласть"",""C73"":""860"",""D73"":""600"",""E73"":""1"",""F73"":""1"",""G73"":""0"",""H73"":""                   -р. "",""I73"":""               -  р. "",""J73"":""0,52"",""K73"":""                 -  р. "",""L73"":""               -  р. "",""M73"":""               -  р. "",""N73"":""    2 000,00р. "",""O73"":""    1 720,00р. "",""P73"":""            1 720,00р. ""}",,
I-20240801-B345CC349223958A,P-2024-08-01,C-20240801-4B7CD5B2A18B9279,Акриловый камень для столешницы Пласть,Работа по площади — Акриловый камень для столешницы Пласть,работа с площадью,work,,,,,,,,м²,m2,,,,,0.516,,,0,0,,,,,"{""area_m2"":{""status_codes"":[""derived""],""source_cell"":""Расчет!J73"",""source_formula"":""=((C73*D73)*E73)*0.000001""},""historical_unit_price"":{""status_codes"":[""static"",""historical_price""],""source_cell"":""Расчет!L73""},""historical_line_cost"":{""status_codes"":[""derived"",""historical_price""],""source_cell"":""Расчет!M73"",""source_formula"":""=(C73*D73*E73*0.000001)*L73""}}",derived;static;historical_price,source-materials/Medvedev.Works.Calc.zip,Medvedev.Works.Calc/Примеры расчетов/Кукня_01.08.24.xls,Расчет,B73:P73,"{""B73"":""Акриловый камень для столешницы Пласть"",""C73"":""860"",""D73"":""600"",""E73"":""1"",""F73"":""1"",""G73"":""0"",""H73"":""                   -р. "",""I73"":""               -  р. "",""J73"":""0,52"",""K73"":""                 -  р. "",""L73"":""               -  р. "",""M73"":""               -  р. "",""N73"":""    2 000,00р. "",""O73"":""    1 720,00р. "",""P73"":""            1 720,00р. ""}",,
I-20240801-CB466EF17575530B,P-2024-08-01,C-20240801-4B7CD5B2A18B9279,Акриловый камень для столешницы Пласть,Работа с кромкой — Акриловый камень для столешницы Пласть,раб. с кр-ой,work,,,,,,,,м,m,,,,,,,,2000,1720,,,,,"{""historical_unit_price"":{""status_codes"":[""static"",""historical_price""],""source_cell"":""Расчет!N73""},""historical_line_cost"":{""status_codes"":[""derived"",""historical_price""],""source_cell"":""Расчет!O73"",""source_formula"":""=((C73*E73*F73*0.001)+(D73*E73*G73*0.001))*N73""}}",derived;static;historical_price,source-materials/Medvedev.Works.Calc.zip,Medvedev.Works.Calc/Примеры расчетов/Кукня_01.08.24.xls,Расчет,B73:P73,"{""B73"":""Акриловый камень для столешницы Пласть"",""C73"":""860"",""D73"":""600"",""E73"":""1"",""F73"":""1"",""G73"":""0"",""H73"":""                   -р. "",""I73"":""               -  р. "",""J73"":""0,52"",""K73"":""                 -  р. "",""L73"":""               -  р. "",""M73"":""               -  р. "",""N73"":""    2 000,00р. "",""O73"":""    1 720,00р. "",""P73"":""            1 720,00р. ""}",,
I-20240801-4C2417133920339E,P-2024-08-01,,Акриловый камень для столешницы Пласть,Стоимость детали — Акриловый камень для столешницы Пласть,стоимость детали,subtotal,,,,,,,,р.,currency,,,,,,,,,1720,,,,,"{""historical_line_cost"":{""status_codes"":[""derived"",""historical_price""],""source_cell"":""Расчет!P73"",""source_formula"":""=IF($K$2=0,(((C73*D73*E73*0.000001*H73)+(C73*E73*F73*0.001*I73)+(D73*E73*G73*0.001*I73)+M73+O73)*$J$2),(((C73*D73*E73*0.000001*H73)+(C73*E73*F73*0.001*I73)+(D73*E73*G73*0.001*I73)+M73+O73)*$J$2)/$K$2)""}}",derived;historical_price,source-materials/Medvedev.Works.Calc.zip,Medvedev.Works.Calc/Примеры расчетов/Кукня_01.08.24.xls,Расчет,B73:P73,"{""B73"":""Акриловый камень для столешницы Пласть"",""C73"":""860"",""D73"":""600"",""E73"":""1"",""F73"":""1"",""G73"":""0"",""H73"":""                   -р. "",""I73"":""               -  р. "",""J73"":""0,52"",""K73"":""                 -  р. "",""L73"":""               -  р. "",""M73"":""               -  р. "",""N73"":""    2 000,00р. "",""O73"":""    1 720,00р. "",""P73"":""            1 720,00р. ""}",,
I-20240801-D13A9D900181A42F,P-2024-08-01,C-20240801-7958F2A2A13E54EB,Акриловый камень для столешницы Подгиб,Материал — Акриловый камень для столешницы Подгиб,цена материала,material,,,,,,,,м²,m2,,,,,0.1032,,,0,0,,,,,"{""area_m2"":{""status_codes"":[""derived""],""source_cell"":""Расчет!J74"",""source_formula"":""=((C74*D74)*E74)*0.000001""},""historical_unit_price"":{""status_codes"":[""static"",""historical_price""],""source_cell"":""Расчет!H74""},""historical_line_cost"":{""status_codes"":[""derived"",""historical_price""],""source_cell"":""Расчет!K74"",""source_formula"":""=J74*H74""}}",derived;static;historical_price,source-materials/Medvedev.Works.Calc.zip,Medvedev.Works.Calc/Примеры расчетов/Кукня_01.08.24.xls,Расчет,B74:P74,"{""B74"":""Акриловый камень для столешницы Подгиб"",""C74"":""860"",""D74"":""120"",""E74"":""1"",""F74"":""1"",""G74"":""0"",""H74"":""                   -р. "",""I74"":""               -  р. "",""J74"":""0,10"",""K74"":""                 -  р. "",""L74"":""               -  р. "",""M74"":""               -  р. "",""N74"":""    2 000,00р. "",""O74"":""    1 720,00р. "",""P74"":""            1 720,00р. ""}",,
I-20240801-EBEDDC16BF8417EB,P-2024-08-01,C-20240801-7958F2A2A13E54EB,Акриловый камень для столешницы Подгиб,Кромка — Акриловый камень для столешницы Подгиб,цена кромки,material,,,,,,,,м,m,,,,,,,,0,0,,,,,"{""historical_unit_price"":{""status_codes"":[""static"",""historical_price""],""source_cell"":""Расчет!I74""},""historical_line_cost"":{""status_codes"":[""derived"",""historical_price""],""source_cell"":""Данные!C71"",""source_formula"":""=((((Расчет!C74*Расчет!F74)+(Расчет!D74*Расчет!G74))*Расчет!E74)/1000)*Расчет!I74""}}",derived;static;historical_price,source-materials/Medvedev.Works.Calc.zip,Medvedev.Works.Calc/Примеры расчетов/Кукня_01.08.24.xls,Расчет,B74:P74,"{""B74"":""Акриловый камень для столешницы Подгиб"",""C74"":""860"",""D74"":""120"",""E74"":""1"",""F74"":""1"",""G74"":""0"",""H74"":""                   -р. "",""I74"":""               -  р. "",""J74"":""0,10"",""K74"":""                 -  р. "",""L74"":""               -  р. "",""M74"":""               -  р. "",""N74"":""    2 000,00р. "",""O74"":""    1 720,00р. "",""P74"":""            1 720,00р. ""}",,
I-20240801-4E39A60283074123,P-2024-08-01,C-20240801-4B7CD5B2A18B9279,Акриловый камень для столешницы Подгиб,Работа по площади — Акриловый камень для столешницы Подгиб,работа с площадью,work,,,,,,,,м²,m2,,,,,0.1032,,,0,0,,,,,"{""area_m2"":{""status_codes"":[""derived""],""source_cell"":""Расчет!J74"",""source_formula"":""=((C74*D74)*E74)*0.000001""},""historical_unit_price"":{""status_codes"":[""static"",""historical_price""],""source_cell"":""Расчет!L74""},""historical_line_cost"":{""status_codes"":[""derived"",""historical_price""],""source_cell"":""Расчет!M74"",""source_formula"":""=(C74*D74*E74*0.000001)*L74""}}",derived;static;historical_price,source-materials/Medvedev.Works.Calc.zip,Medvedev.Works.Calc/Примеры расчетов/Кукня_01.08.24.xls,Расчет,B74:P74,"{""B74"":""Акриловый камень для столешницы Подгиб"",""C74"":""860"",""D74"":""120"",""E74"":""1"",""F74"":""1"",""G74"":""0"",""H74"":""                   -р. "",""I74"":""               -  р. "",""J74"":""0,10"",""K74"":""                 -  р. "",""L74"":""               -  р. "",""M74"":""               -  р. "",""N74"":""    2 000,00р. "",""O74"":""    1 720,00р. "",""P74"":""            1 720,00р. ""}",,
I-20240801-96D30E141FEB05C6,P-2024-08-01,C-20240801-4B7CD5B2A18B9279,Акриловый камень для столешницы Подгиб,Работа с кромкой — Акриловый камень для столешницы Подгиб,раб. с кр-ой,work,,,,,,,,м,m,,,,,,,,2000,1720,,,,,"{""historical_unit_price"":{""status_codes"":[""static"",""historical_price""],""source_cell"":""Расчет!N74""},""historical_line_cost"":{""status_codes"":[""derived"",""historical_price""],""source_cell"":""Расчет!O74"",""source_formula"":""=((C74*E74*F74*0.001)+(D74*E74*G74*0.001))*N74""}}",derived;static;historical_price,source-materials/Medvedev.Works.Calc.zip,Medvedev.Works.Calc/Примеры расчетов/Кукня_01.08.24.xls,Расчет,B74:P74,"{""B74"":""Акриловый камень для столешницы Подгиб"",""C74"":""860"",""D74"":""120"",""E74"":""1"",""F74"":""1"",""G74"":""0"",""H74"":""                   -р. "",""I74"":""               -  р. "",""J74"":""0,10"",""K74"":""                 -  р. "",""L74"":""               -  р. "",""M74"":""               -  р. "",""N74"":""    2 000,00р. "",""O74"":""    1 720,00р. "",""P74"":""            1 720,00р. ""}",,
I-20240801-A9D5536A28472910,P-2024-08-01,,Акриловый камень для столешницы Подгиб,Стоимость детали — Акриловый камень для столешницы Подгиб,стоимость детали,subtotal,,,,,,,,р.,currency,,,,,,,,,1720,,,,,"{""historical_line_cost"":{""status_codes"":[""derived"",""historical_price""],""source_cell"":""Расчет!P74"",""source_formula"":""=IF($K$2=0,(((C74*D74*E74*0.000001*H74)+(C74*E74*F74*0.001*I74)+(D74*E74*G74*0.001*I74)+M74+O74)*$J$2),(((C74*D74*E74*0.000001*H74)+(C74*E74*F74*0.001*I74)+(D74*E74*G74*0.001*I74)+M74+O74)*$J$2)/$K$2)""}}",derived;historical_price,source-materials/Medvedev.Works.Calc.zip,Medvedev.Works.Calc/Примеры расчетов/Кукня_01.08.24.xls,Расчет,B74:P74,"{""B74"":""Акриловый камень для столешницы Подгиб"",""C74"":""860"",""D74"":""120"",""E74"":""1"",""F74"":""1"",""G74"":""0"",""H74"":""                   -р. "",""I74"":""               -  р. "",""J74"":""0,10"",""K74"":""                 -  р. "",""L74"":""               -  р. "",""M74"":""               -  р. "",""N74"":""    2 000,00р. "",""O74"":""    1 720,00р. "",""P74"":""            1 720,00р. ""}",,
I-20240801-E2C98D271E484A51,P-2024-08-01,C-20240801-7958F2A2A13E54EB,Акриловый камень для столешницы Торец,Материал — Акриловый камень для столешницы Торец,цена материала,material,,,,,,,,м²,m2,,,,,0.05124,,,0,0,,,,,"{""area_m2"":{""status_codes"":[""derived""],""source_cell"":""Расчет!J75"",""source_formula"":""=((C75*D75)*E75)*0.000001""},""historical_unit_price"":{""status_codes"":[""static"",""historical_price""],""source_cell"":""Расчет!H75""},""historical_line_cost"":{""status_codes"":[""derived"",""historical_price""],""source_cell"":""Расчет!K75"",""source_formula"":""=J75*H75""}}",derived;static;historical_price,source-materials/Medvedev.Works.Calc.zip,Medvedev.Works.Calc/Примеры расчетов/Кукня_01.08.24.xls,Расчет,B75:P75,"{""B75"":""Акриловый камень для столешницы Торец"",""C75"":""1830"",""D75"":""28"",""E75"":""1"",""F75"":""1"",""G75"":""0"",""H75"":""                   -р. "",""I75"":""               -  р. "",""J75"":""0,05"",""K75"":""                 -  р. "",""L75"":""               -  р. "",""M75"":""               -  р. "",""N75"":""    2 000,00р. "",""O75"":""    3 660,00р. "",""P75"":""            3 660,00р. ""}",,
I-20240801-8A957909AD3D6660,P-2024-08-01,C-20240801-7958F2A2A13E54EB,Акриловый камень для столешницы Торец,Кромка — Акриловый камень для столешницы Торец,цена кромки,material,,,,,,,,м,m,,,,,,,,0,0,,,,,"{""historical_unit_price"":{""status_codes"":[""static"",""historical_price""],""source_cell"":""Расчет!I75""},""historical_line_cost"":{""status_codes"":[""derived"",""historical_price""],""source_cell"":""Данные!C72"",""source_formula"":""=((((Расчет!C75*Расчет!F75)+(Расчет!D75*Расчет!G75))*Расчет!E75)/1000)*Расчет!I75""}}",derived;static;historical_price,source-materials/Medvedev.Works.Calc.zip,Medvedev.Works.Calc/Примеры расчетов/Кукня_01.08.24.xls,Расчет,B75:P75,"{""B75"":""Акриловый камень для столешницы Торец"",""C75"":""1830"",""D75"":""28"",""E75"":""1"",""F75"":""1"",""G75"":""0"",""H75"":""                   -р. "",""I75"":""               -  р. "",""J75"":""0,05"",""K75"":""                 -  р. "",""L75"":""               -  р. "",""M75"":""               -  р. "",""N75"":""    2 000,00р. "",""O75"":""    3 660,00р. "",""P75"":""            3 660,00р. ""}",,
I-20240801-A781A41E228631A7,P-2024-08-01,C-20240801-4B7CD5B2A18B9279,Акриловый камень для столешницы Торец,Работа по площади — Акриловый камень для столешницы Торец,работа с площадью,work,,,,,,,,м²,m2,,,,,0.05124,,,0,0,,,,,"{""area_m2"":{""status_codes"":[""derived""],""source_cell"":""Расчет!J75"",""source_formula"":""=((C75*D75)*E75)*0.000001""},""historical_unit_price"":{""status_codes"":[""static"",""historical_price""],""source_cell"":""Расчет!L75""},""historical_line_cost"":{""status_codes"":[""derived"",""historical_price""],""source_cell"":""Расчет!M75"",""source_formula"":""=(C75*D75*E75*0.000001)*L75""}}",derived;static;historical_price,source-materials/Medvedev.Works.Calc.zip,Medvedev.Works.Calc/Примеры расчетов/Кукня_01.08.24.xls,Расчет,B75:P75,"{""B75"":""Акриловый камень для столешницы Торец"",""C75"":""1830"",""D75"":""28"",""E75"":""1"",""F75"":""1"",""G75"":""0"",""H75"":""                   -р. "",""I75"":""               -  р. "",""J75"":""0,05"",""K75"":""                 -  р. "",""L75"":""               -  р. "",""M75"":""               -  р. "",""N75"":""    2 000,00р. "",""O75"":""    3 660,00р. "",""P75"":""            3 660,00р. ""}",,
I-20240801-7AFD98A82CF4FA85,P-2024-08-01,C-20240801-4B7CD5B2A18B9279,Акриловый камень для столешницы Торец,Работа с кромкой — Акриловый камень для столешницы Торец,раб. с кр-ой,work,,,,,,,,м,m,,,,,,,,2000,3660,,,,,"{""historical_unit_price"":{""status_codes"":[""static"",""historical_price""],""source_cell"":""Расчет!N75""},""historical_line_cost"":{""status_codes"":[""derived"",""historical_price""],""source_cell"":""Расчет!O75"",""source_formula"":""=((C75*E75*F75*0.001)+(D75*E75*G75*0.001))*N75""}}",derived;static;historical_price,source-materials/Medvedev.Works.Calc.zip,Medvedev.Works.Calc/Примеры расчетов/Кукня_01.08.24.xls,Расчет,B75:P75,"{""B75"":""Акриловый камень для столешницы Торец"",""C75"":""1830"",""D75"":""28"",""E75"":""1"",""F75"":""1"",""G75"":""0"",""H75"":""                   -р. "",""I75"":""               -  р. "",""J75"":""0,05"",""K75"":""                 -  р. "",""L75"":""               -  р. "",""M75"":""               -  р. "",""N75"":""    2 000,00р. "",""O75"":""    3 660,00р. "",""P75"":""            3 660,00р. ""}",,
I-20240801-FB76CC9665D7F7DE,P-2024-08-01,,Акриловый камень для столешницы Торец,Стоимость детали — Акриловый камень для столешницы Торец,стоимость детали,subtotal,,,,,,,,р.,currency,,,,,,,,,3660,,,,,"{""historical_line_cost"":{""status_codes"":[""derived"",""historical_price""],""source_cell"":""Расчет!P75"",""source_formula"":""=IF($K$2=0,(((C75*D75*E75*0.000001*H75)+(C75*E75*F75*0.001*I75)+(D75*E75*G75*0.001*I75)+M75+O75)*$J$2),(((C75*D75*E75*0.000001*H75)+(C75*E75*F75*0.001*I75)+(D75*E75*G75*0.001*I75)+M75+O75)*$J$2)/$K$2)""}}",derived;historical_price,source-materials/Medvedev.Works.Calc.zip,Medvedev.Works.Calc/Примеры расчетов/Кукня_01.08.24.xls,Расчет,B75:P75,"{""B75"":""Акриловый камень для столешницы Торец"",""C75"":""1830"",""D75"":""28"",""E75"":""1"",""F75"":""1"",""G75"":""0"",""H75"":""                   -р. "",""I75"":""               -  р. "",""J75"":""0,05"",""K75"":""                 -  р. "",""L75"":""               -  р. "",""M75"":""               -  р. "",""N75"":""    2 000,00р. "",""O75"":""    3 660,00р. "",""P75"":""            3 660,00р. ""}",,
I-20240801-C1A0B89849240561,P-2024-08-01,C-20240801-7958F2A2A13E54EB,Акриловый камень для столешницы Торец,Материал — Акриловый камень для столешницы Торец,цена материала,material,,,,,,,,м²,m2,,,,,0.004536,,,0,0,,,,,"{""area_m2"":{""status_codes"":[""derived""],""source_cell"":""Расчет!J76"",""source_formula"":""=((C76*D76)*E76)*0.000001""},""historical_unit_price"":{""status_codes"":[""static"",""historical_price""],""source_cell"":""Расчет!H76""},""historical_line_cost"":{""status_codes"":[""derived"",""historical_price""],""source_cell"":""Расчет!K76"",""source_formula"":""=J76*H76""}}",derived;static;historical_price,source-materials/Medvedev.Works.Calc.zip,Medvedev.Works.Calc/Примеры расчетов/Кукня_01.08.24.xls,Расчет,B76:P76,"{""B76"":""Акриловый камень для столешницы Торец"",""C76"":""162"",""D76"":""28"",""E76"":""1"",""F76"":""1"",""G76"":""0"",""H76"":""                   -р. "",""I76"":""               -  р. "",""J76"":""0,00"",""K76"":""                 -  р. "",""L76"":""               -  р. "",""M76"":""               -  р. "",""N76"":""    2 000,00р. "",""O76"":""       324,00р. "",""P76"":""               324,00р. ""}",,
I-20240801-659DE5CFCCF7486A,P-2024-08-01,C-20240801-7958F2A2A13E54EB,Акриловый камень для столешницы Торец,Кромка — Акриловый камень для столешницы Торец,цена кромки,material,,,,,,,,м,m,,,,,,,,0,0,,,,,"{""historical_unit_price"":{""status_codes"":[""static"",""historical_price""],""source_cell"":""Расчет!I76""},""historical_line_cost"":{""status_codes"":[""derived"",""historical_price""],""source_cell"":""Данные!C73"",""source_formula"":""=((((Расчет!C76*Расчет!F76)+(Расчет!D76*Расчет!G76))*Расчет!E76)/1000)*Расчет!I76""}}",derived;static;historical_price,source-materials/Medvedev.Works.Calc.zip,Medvedev.Works.Calc/Примеры расчетов/Кукня_01.08.24.xls,Расчет,B76:P76,"{""B76"":""Акриловый камень для столешницы Торец"",""C76"":""162"",""D76"":""28"",""E76"":""1"",""F76"":""1"",""G76"":""0"",""H76"":""                   -р. "",""I76"":""               -  р. "",""J76"":""0,00"",""K76"":""                 -  р. "",""L76"":""               -  р. "",""M76"":""               -  р. "",""N76"":""    2 000,00р. "",""O76"":""       324,00р. "",""P76"":""               324,00р. ""}",,
I-20240801-E551E25CDAA9AEEF,P-2024-08-01,C-20240801-4B7CD5B2A18B9279,Акриловый камень для столешницы Торец,Работа по площади — Акриловый камень для столешницы Торец,работа с площадью,work,,,,,,,,м²,m2,,,,,0.004536,,,0,0,,,,,"{""area_m2"":{""status_codes"":[""derived""],""source_cell"":""Расчет!J76"",""source_formula"":""=((C76*D76)*E76)*0.000001""},""historical_unit_price"":{""status_codes"":[""static"",""historical_price""],""source_cell"":""Расчет!L76""},""historical_line_cost"":{""status_codes"":[""derived"",""historical_price""],""source_cell"":""Расчет!M76"",""source_formula"":""=(C76*D76*E76*0.000001)*L76""}}",derived;static;historical_price,source-materials/Medvedev.Works.Calc.zip,Medvedev.Works.Calc/Примеры расчетов/Кукня_01.08.24.xls,Расчет,B76:P76,"{""B76"":""Акриловый камень для столешницы Торец"",""C76"":""162"",""D76"":""28"",""E76"":""1"",""F76"":""1"",""G76"":""0"",""H76"":""                   -р. "",""I76"":""               -  р. "",""J76"":""0,00"",""K76"":""                 -  р. "",""L76"":""               -  р. "",""M76"":""               -  р. "",""N76"":""    2 000,00р. "",""O76"":""       324,00р. "",""P76"":""               324,00р. ""}",,
I-20240801-AE24D464F16EAC0A,P-2024-08-01,C-20240801-4B7CD5B2A18B9279,Акриловый камень для столешницы Торец,Работа с кромкой — Акриловый камень для столешницы Торец,раб. с кр-ой,work,,,,,,,,м,m,,,,,,,,2000,324,,,,,"{""historical_unit_price"":{""status_codes"":[""static"",""historical_price""],""source_cell"":""Расчет!N76""},""historical_line_cost"":{""status_codes"":[""derived"",""historical_price""],""source_cell"":""Расчет!O76"",""source_formula"":""=((C76*E76*F76*0.001)+(D76*E76*G76*0.001))*N76""}}",derived;static;historical_price,source-materials/Medvedev.Works.Calc.zip,Medvedev.Works.Calc/Примеры расчетов/Кукня_01.08.24.xls,Расчет,B76:P76,"{""B76"":""Акриловый камень для столешницы Торец"",""C76"":""162"",""D76"":""28"",""E76"":""1"",""F76"":""1"",""G76"":""0"",""H76"":""                   -р. "",""I76"":""               -  р. "",""J76"":""0,00"",""K76"":""                 -  р. "",""L76"":""               -  р. "",""M76"":""               -  р. "",""N76"":""    2 000,00р. "",""O76"":""       324,00р. "",""P76"":""               324,00р. ""}",,
I-20240801-D9241EE254F48D33,P-2024-08-01,,Акриловый камень для столешницы Торец,Стоимость детали — Акриловый камень для столешницы Торец,стоимость детали,subtotal,,,,,,,,р.,currency,,,,,,,,,324,,,,,"{""historical_line_cost"":{""status_codes"":[""derived"",""historical_price""],""source_cell"":""Расчет!P76"",""source_formula"":""=IF($K$2=0,(((C76*D76*E76*0.000001*H76)+(C76*E76*F76*0.001*I76)+(D76*E76*G76*0.001*I76)+M76+O76)*$J$2),(((C76*D76*E76*0.000001*H76)+(C76*E76*F76*0.001*I76)+(D76*E76*G76*0.001*I76)+M76+O76)*$J$2)/$K$2)""}}",derived;historical_price,source-materials/Medvedev.Works.Calc.zip,Medvedev.Works.Calc/Примеры расчетов/Кукня_01.08.24.xls,Расчет,B76:P76,"{""B76"":""Акриловый камень для столешницы Торец"",""C76"":""162"",""D76"":""28"",""E76"":""1"",""F76"":""1"",""G76"":""0"",""H76"":""                   -р. "",""I76"":""               -  р. "",""J76"":""0,00"",""K76"":""                 -  р. "",""L76"":""               -  р. "",""M76"":""               -  р. "",""N76"":""    2 000,00р. "",""O76"":""       324,00р. "",""P76"":""               324,00р. ""}",,
I-20240801-8A1491611AD2325C,P-2024-08-01,C-20240801-7958F2A2A13E54EB,Акриловый камень для столешницы Торец,Материал — Акриловый камень для столешницы Торец,цена материала,material,,,,,,,,м²,m2,,,,,0.0168,,,0,0,,,,,"{""area_m2"":{""status_codes"":[""derived""],""source_cell"":""Расчет!J77"",""source_formula"":""=((C77*D77)*E77)*0.000001""},""historical_unit_price"":{""status_codes"":[""static"",""historical_price""],""source_cell"":""Расчет!H77""},""historical_line_cost"":{""status_codes"":[""derived"",""historical_price""],""source_cell"":""Расчет!K77"",""source_formula"":""=J77*H77""}}",derived;static;historical_price,source-materials/Medvedev.Works.Calc.zip,Medvedev.Works.Calc/Примеры расчетов/Кукня_01.08.24.xls,Расчет,B77:P77,"{""B77"":""Акриловый камень для столешницы Торец"",""C77"":""600"",""D77"":""28"",""E77"":""1"",""F77"":""1"",""G77"":""0"",""H77"":""                   -р. "",""I77"":""               -  р. "",""J77"":""0,02"",""K77"":""                 -  р. "",""L77"":""               -  р. "",""M77"":""               -  р. "",""N77"":""    2 000,00р. "",""O77"":""    1 200,00р. "",""P77"":""            1 200,00р. ""}",,
I-20240801-9411CFF92C253922,P-2024-08-01,C-20240801-7958F2A2A13E54EB,Акриловый камень для столешницы Торец,Кромка — Акриловый камень для столешницы Торец,цена кромки,material,,,,,,,,м,m,,,,,,,,0,0,,,,,"{""historical_unit_price"":{""status_codes"":[""static"",""historical_price""],""source_cell"":""Расчет!I77""},""historical_line_cost"":{""status_codes"":[""derived"",""historical_price""],""source_cell"":""Данные!C74"",""source_formula"":""=((((Расчет!C77*Расчет!F77)+(Расчет!D77*Расчет!G77))*Расчет!E77)/1000)*Расчет!I77""}}",derived;static;historical_price,source-materials/Medvedev.Works.Calc.zip,Medvedev.Works.Calc/Примеры расчетов/Кукня_01.08.24.xls,Расчет,B77:P77,"{""B77"":""Акриловый камень для столешницы Торец"",""C77"":""600"",""D77"":""28"",""E77"":""1"",""F77"":""1"",""G77"":""0"",""H77"":""                   -р. "",""I77"":""               -  р. "",""J77"":""0,02"",""K77"":""                 -  р. "",""L77"":""               -  р. "",""M77"":""               -  р. "",""N77"":""    2 000,00р. "",""O77"":""    1 200,00р. "",""P77"":""            1 200,00р. ""}",,
I-20240801-BB41228E36017F80,P-2024-08-01,C-20240801-4B7CD5B2A18B9279,Акриловый камень для столешницы Торец,Работа по площади — Акриловый камень для столешницы Торец,работа с площадью,work,,,,,,,,м²,m2,,,,,0.0168,,,0,0,,,,,"{""area_m2"":{""status_codes"":[""derived""],""source_cell"":""Расчет!J77"",""source_formula"":""=((C77*D77)*E77)*0.000001""},""historical_unit_price"":{""status_codes"":[""static"",""historical_price""],""source_cell"":""Расчет!L77""},""historical_line_cost"":{""status_codes"":[""derived"",""historical_price""],""source_cell"":""Расчет!M77"",""source_formula"":""=(C77*D77*E77*0.000001)*L77""}}",derived;static;historical_price,source-materials/Medvedev.Works.Calc.zip,Medvedev.Works.Calc/Примеры расчетов/Кукня_01.08.24.xls,Расчет,B77:P77,"{""B77"":""Акриловый камень для столешницы Торец"",""C77"":""600"",""D77"":""28"",""E77"":""1"",""F77"":""1"",""G77"":""0"",""H77"":""                   -р. "",""I77"":""               -  р. "",""J77"":""0,02"",""K77"":""                 -  р. "",""L77"":""               -  р. "",""M77"":""               -  р. "",""N77"":""    2 000,00р. "",""O77"":""    1 200,00р. "",""P77"":""            1 200,00р. ""}",,
I-20240801-9F361AA132D02C2F,P-2024-08-01,C-20240801-4B7CD5B2A18B9279,Акриловый камень для столешницы Торец,Работа с кромкой — Акриловый камень для столешницы Торец,раб. с кр-ой,work,,,,,,,,м,m,,,,,,,,2000,1200,,,,,"{""historical_unit_price"":{""status_codes"":[""static"",""historical_price""],""source_cell"":""Расчет!N77""},""historical_line_cost"":{""status_codes"":[""derived"",""historical_price""],""source_cell"":""Расчет!O77"",""source_formula"":""=((C77*E77*F77*0.001)+(D77*E77*G77*0.001))*N77""}}",derived;static;historical_price,source-materials/Medvedev.Works.Calc.zip,Medvedev.Works.Calc/Примеры расчетов/Кукня_01.08.24.xls,Расчет,B77:P77,"{""B77"":""Акриловый камень для столешницы Торец"",""C77"":""600"",""D77"":""28"",""E77"":""1"",""F77"":""1"",""G77"":""0"",""H77"":""                   -р. "",""I77"":""               -  р. "",""J77"":""0,02"",""K77"":""                 -  р. "",""L77"":""               -  р. "",""M77"":""               -  р. "",""N77"":""    2 000,00р. "",""O77"":""    1 200,00р. "",""P77"":""            1 200,00р. ""}",,
I-20240801-78C6DD5942E086AF,P-2024-08-01,,Акриловый камень для столешницы Торец,Стоимость детали — Акриловый камень для столешницы Торец,стоимость детали,subtotal,,,,,,,,р.,currency,,,,,,,,,1200,,,,,"{""historical_line_cost"":{""status_codes"":[""derived"",""historical_price""],""source_cell"":""Расчет!P77"",""source_formula"":""=IF($K$2=0,(((C77*D77*E77*0.000001*H77)+(C77*E77*F77*0.001*I77)+(D77*E77*G77*0.001*I77)+M77+O77)*$J$2),(((C77*D77*E77*0.000001*H77)+(C77*E77*F77*0.001*I77)+(D77*E77*G77*0.001*I77)+M77+O77)*$J$2)/$K$2)""}}",derived;historical_price,source-materials/Medvedev.Works.Calc.zip,Medvedev.Works.Calc/Примеры расчетов/Кукня_01.08.24.xls,Расчет,B77:P77,"{""B77"":""Акриловый камень для столешницы Торец"",""C77"":""600"",""D77"":""28"",""E77"":""1"",""F77"":""1"",""G77"":""0"",""H77"":""                   -р. "",""I77"":""               -  р. "",""J77"":""0,02"",""K77"":""                 -  р. "",""L77"":""               -  р. "",""M77"":""               -  р. "",""N77"":""    2 000,00р. "",""O77"":""    1 200,00р. "",""P77"":""            1 200,00р. ""}",,
I-20240801-9D2758BB115ABBA6,P-2024-08-01,C-20240801-7958F2A2A13E54EB,Акриловый камень для столешницы Торец,Материал — Акриловый камень для столешницы Торец,цена материала,material,,,,,,,,м²,m2,,,,,0.047824,,,0,0,,,,,"{""area_m2"":{""status_codes"":[""derived""],""source_cell"":""Расчет!J78"",""source_formula"":""=((C78*D78)*E78)*0.000001""},""historical_unit_price"":{""status_codes"":[""static"",""historical_price""],""source_cell"":""Расчет!H78""},""historical_line_cost"":{""status_codes"":[""derived"",""historical_price""],""source_cell"":""Расчет!K78"",""source_formula"":""=J78*H78""}}",derived;static;historical_price,source-materials/Medvedev.Works.Calc.zip,Medvedev.Works.Calc/Примеры расчетов/Кукня_01.08.24.xls,Расчет,B78:P78,"{""B78"":""Акриловый камень для столешницы Торец"",""C78"":""1708"",""D78"":""28"",""E78"":""1"",""F78"":""1"",""G78"":""0"",""H78"":""                   -р. "",""I78"":""               -  р. "",""J78"":""0,05"",""K78"":""                 -  р. "",""L78"":""               -  р. "",""M78"":""               -  р. "",""N78"":""    2 000,00р. "",""O78"":""    3 416,00р. "",""P78"":""            3 416,00р. ""}",,
I-20240801-23CBF88C02ADF87D,P-2024-08-01,C-20240801-7958F2A2A13E54EB,Акриловый камень для столешницы Торец,Кромка — Акриловый камень для столешницы Торец,цена кромки,material,,,,,,,,м,m,,,,,,,,0,0,,,,,"{""historical_unit_price"":{""status_codes"":[""static"",""historical_price""],""source_cell"":""Расчет!I78""},""historical_line_cost"":{""status_codes"":[""derived"",""historical_price""],""source_cell"":""Данные!C75"",""source_formula"":""=((((Расчет!C78*Расчет!F78)+(Расчет!D78*Расчет!G78))*Расчет!E78)/1000)*Расчет!I78""}}",derived;static;historical_price,source-materials/Medvedev.Works.Calc.zip,Medvedev.Works.Calc/Примеры расчетов/Кукня_01.08.24.xls,Расчет,B78:P78,"{""B78"":""Акриловый камень для столешницы Торец"",""C78"":""1708"",""D78"":""28"",""E78"":""1"",""F78"":""1"",""G78"":""0"",""H78"":""                   -р. "",""I78"":""               -  р. "",""J78"":""0,05"",""K78"":""                 -  р. "",""L78"":""               -  р. "",""M78"":""               -  р. "",""N78"":""    2 000,00р. "",""O78"":""    3 416,00р. "",""P78"":""            3 416,00р. ""}",,
I-20240801-0846ACD9CD4BC69B,P-2024-08-01,C-20240801-4B7CD5B2A18B9279,Акриловый камень для столешницы Торец,Работа по площади — Акриловый камень для столешницы Торец,работа с площадью,work,,,,,,,,м²,m2,,,,,0.047824,,,0,0,,,,,"{""area_m2"":{""status_codes"":[""derived""],""source_cell"":""Расчет!J78"",""source_formula"":""=((C78*D78)*E78)*0.000001""},""historical_unit_price"":{""status_codes"":[""static"",""historical_price""],""source_cell"":""Расчет!L78""},""historical_line_cost"":{""status_codes"":[""derived"",""historical_price""],""source_cell"":""Расчет!M78"",""source_formula"":""=(C78*D78*E78*0.000001)*L78""}}",derived;static;historical_price,source-materials/Medvedev.Works.Calc.zip,Medvedev.Works.Calc/Примеры расчетов/Кукня_01.08.24.xls,Расчет,B78:P78,"{""B78"":""Акриловый камень для столешницы Торец"",""C78"":""1708"",""D78"":""28"",""E78"":""1"",""F78"":""1"",""G78"":""0"",""H78"":""                   -р. "",""I78"":""               -  р. "",""J78"":""0,05"",""K78"":""                 -  р. "",""L78"":""               -  р. "",""M78"":""               -  р. "",""N78"":""    2 000,00р. "",""O78"":""    3 416,00р. "",""P78"":""            3 416,00р. ""}",,
I-20240801-B112908C25CB83F4,P-2024-08-01,C-20240801-4B7CD5B2A18B9279,Акриловый камень для столешницы Торец,Работа с кромкой — Акриловый камень для столешницы Торец,раб. с кр-ой,work,,,,,,,,м,m,,,,,,,,2000,3416,,,,,"{""historical_unit_price"":{""status_codes"":[""static"",""historical_price""],""source_cell"":""Расчет!N78""},""historical_line_cost"":{""status_codes"":[""derived"",""historical_price""],""source_cell"":""Расчет!O78"",""source_formula"":""=((C78*E78*F78*0.001)+(D78*E78*G78*0.001))*N78""}}",derived;static;historical_price,source-materials/Medvedev.Works.Calc.zip,Medvedev.Works.Calc/Примеры расчетов/Кукня_01.08.24.xls,Расчет,B78:P78,"{""B78"":""Акриловый камень для столешницы Торец"",""C78"":""1708"",""D78"":""28"",""E78"":""1"",""F78"":""1"",""G78"":""0"",""H78"":""                   -р. "",""I78"":""               -  р. "",""J78"":""0,05"",""K78"":""                 -  р. "",""L78"":""               -  р. "",""M78"":""               -  р. "",""N78"":""    2 000,00р. "",""O78"":""    3 416,00р. "",""P78"":""            3 416,00р. ""}",,
I-20240801-C2B728CFFEF5C3B0,P-2024-08-01,,Акриловый камень для столешницы Торец,Стоимость детали — Акриловый камень для столешницы Торец,стоимость детали,subtotal,,,,,,,,р.,currency,,,,,,,,,3416,,,,,"{""historical_line_cost"":{""status_codes"":[""derived"",""historical_price""],""source_cell"":""Расчет!P78"",""source_formula"":""=IF($K$2=0,(((C78*D78*E78*0.000001*H78)+(C78*E78*F78*0.001*I78)+(D78*E78*G78*0.001*I78)+M78+O78)*$J$2),(((C78*D78*E78*0.000001*H78)+(C78*E78*F78*0.001*I78)+(D78*E78*G78*0.001*I78)+M78+O78)*$J$2)/$K$2)""}}",derived;historical_price,source-materials/Medvedev.Works.Calc.zip,Medvedev.Works.Calc/Примеры расчетов/Кукня_01.08.24.xls,Расчет,B78:P78,"{""B78"":""Акриловый камень для столешницы Торец"",""C78"":""1708"",""D78"":""28"",""E78"":""1"",""F78"":""1"",""G78"":""0"",""H78"":""                   -р. "",""I78"":""               -  р. "",""J78"":""0,05"",""K78"":""                 -  р. "",""L78"":""               -  р. "",""M78"":""               -  р. "",""N78"":""    2 000,00р. "",""O78"":""    3 416,00р. "",""P78"":""            3 416,00р. ""}",,
I-20240801-F853FF44BA33B9E2,P-2024-08-01,C-20240801-7958F2A2A13E54EB,Акриловый камень для столешницы Торец,Материал — Акриловый камень для столешницы Торец,цена материала,material,,,,,,,,м²,m2,,,,,0.02408,,,0,0,,,,,"{""area_m2"":{""status_codes"":[""derived""],""source_cell"":""Расчет!J79"",""source_formula"":""=((C79*D79)*E79)*0.000001""},""historical_unit_price"":{""status_codes"":[""static"",""historical_price""],""source_cell"":""Расчет!H79""},""historical_line_cost"":{""status_codes"":[""derived"",""historical_price""],""source_cell"":""Расчет!K79"",""source_formula"":""=J79*H79""}}",derived;static;historical_price,source-materials/Medvedev.Works.Calc.zip,Medvedev.Works.Calc/Примеры расчетов/Кукня_01.08.24.xls,Расчет,B79:P79,"{""B79"":""Акриловый камень для столешницы Торец"",""C79"":""860"",""D79"":""28"",""E79"":""1"",""F79"":""1"",""G79"":""0"",""H79"":""                   -р. "",""I79"":""               -  р. "",""J79"":""0,02"",""K79"":""                 -  р. "",""L79"":""               -  р. "",""M79"":""               -  р. "",""N79"":""    2 000,00р. "",""O79"":""    1 720,00р. "",""P79"":""            1 720,00р. ""}",,
I-20240801-FD102DA3C713F76E,P-2024-08-01,C-20240801-7958F2A2A13E54EB,Акриловый камень для столешницы Торец,Кромка — Акриловый камень для столешницы Торец,цена кромки,material,,,,,,,,м,m,,,,,,,,0,0,,,,,"{""historical_unit_price"":{""status_codes"":[""static"",""historical_price""],""source_cell"":""Расчет!I79""},""historical_line_cost"":{""status_codes"":[""derived"",""historical_price""],""source_cell"":""Данные!C76"",""source_formula"":""=((((Расчет!C79*Расчет!F79)+(Расчет!D79*Расчет!G79))*Расчет!E79)/1000)*Расчет!I79""}}",derived;static;historical_price,source-materials/Medvedev.Works.Calc.zip,Medvedev.Works.Calc/Примеры расчетов/Кукня_01.08.24.xls,Расчет,B79:P79,"{""B79"":""Акриловый камень для столешницы Торец"",""C79"":""860"",""D79"":""28"",""E79"":""1"",""F79"":""1"",""G79"":""0"",""H79"":""                   -р. "",""I79"":""               -  р. "",""J79"":""0,02"",""K79"":""                 -  р. "",""L79"":""               -  р. "",""M79"":""               -  р. "",""N79"":""    2 000,00р. "",""O79"":""    1 720,00р. "",""P79"":""            1 720,00р. ""}",,
I-20240801-3898B03A47CD861B,P-2024-08-01,C-20240801-4B7CD5B2A18B9279,Акриловый камень для столешницы Торец,Работа по площади — Акриловый камень для столешницы Торец,работа с площадью,work,,,,,,,,м²,m2,,,,,0.02408,,,0,0,,,,,"{""area_m2"":{""status_codes"":[""derived""],""source_cell"":""Расчет!J79"",""source_formula"":""=((C79*D79)*E79)*0.000001""},""historical_unit_price"":{""status_codes"":[""static"",""historical_price""],""source_cell"":""Расчет!L79""},""historical_line_cost"":{""status_codes"":[""derived"",""historical_price""],""source_cell"":""Расчет!M79"",""source_formula"":""=(C79*D79*E79*0.000001)*L79""}}",derived;static;historical_price,source-materials/Medvedev.Works.Calc.zip,Medvedev.Works.Calc/Примеры расчетов/Кукня_01.08.24.xls,Расчет,B79:P79,"{""B79"":""Акриловый камень для столешницы Торец"",""C79"":""860"",""D79"":""28"",""E79"":""1"",""F79"":""1"",""G79"":""0"",""H79"":""                   -р. "",""I79"":""               -  р. "",""J79"":""0,02"",""K79"":""                 -  р. "",""L79"":""               -  р. "",""M79"":""               -  р. "",""N79"":""    2 000,00р. "",""O79"":""    1 720,00р. "",""P79"":""            1 720,00р. ""}",,
I-20240801-4EFE9AD88E27D378,P-2024-08-01,C-20240801-4B7CD5B2A18B9279,Акриловый камень для столешницы Торец,Работа с кромкой — Акриловый камень для столешницы Торец,раб. с кр-ой,work,,,,,,,,м,m,,,,,,,,2000,1720,,,,,"{""historical_unit_price"":{""status_codes"":[""static"",""historical_price""],""source_cell"":""Расчет!N79""},""historical_line_cost"":{""status_codes"":[""derived"",""historical_price""],""source_cell"":""Расчет!O79"",""source_formula"":""=((C79*E79*F79*0.001)+(D79*E79*G79*0.001))*N79""}}",derived;static;historical_price,source-materials/Medvedev.Works.Calc.zip,Medvedev.Works.Calc/Примеры расчетов/Кукня_01.08.24.xls,Расчет,B79:P79,"{""B79"":""Акриловый камень для столешницы Торец"",""C79"":""860"",""D79"":""28"",""E79"":""1"",""F79"":""1"",""G79"":""0"",""H79"":""                   -р. "",""I79"":""               -  р. "",""J79"":""0,02"",""K79"":""                 -  р. "",""L79"":""               -  р. "",""M79"":""               -  р. "",""N79"":""    2 000,00р. "",""O79"":""    1 720,00р. "",""P79"":""            1 720,00р. ""}",,
I-20240801-A2ED047812D4D056,P-2024-08-01,,Акриловый камень для столешницы Торец,Стоимость детали — Акриловый камень для столешницы Торец,стоимость детали,subtotal,,,,,,,,р.,currency,,,,,,,,,1720,,,,,"{""historical_line_cost"":{""status_codes"":[""derived"",""historical_price""],""source_cell"":""Расчет!P79"",""source_formula"":""=IF($K$2=0,(((C79*D79*E79*0.000001*H79)+(C79*E79*F79*0.001*I79)+(D79*E79*G79*0.001*I79)+M79+O79)*$J$2),(((C79*D79*E79*0.000001*H79)+(C79*E79*F79*0.001*I79)+(D79*E79*G79*0.001*I79)+M79+O79)*$J$2)/$K$2)""}}",derived;historical_price,source-materials/Medvedev.Works.Calc.zip,Medvedev.Works.Calc/Примеры расчетов/Кукня_01.08.24.xls,Расчет,B79:P79,"{""B79"":""Акриловый камень для столешницы Торец"",""C79"":""860"",""D79"":""28"",""E79"":""1"",""F79"":""1"",""G79"":""0"",""H79"":""                   -р. "",""I79"":""               -  р. "",""J79"":""0,02"",""K79"":""                 -  р. "",""L79"":""               -  р. "",""M79"":""               -  р. "",""N79"":""    2 000,00р. "",""O79"":""    1 720,00р. "",""P79"":""            1 720,00р. ""}",,
I-20240801-13F72D8BCC547290,P-2024-08-01,,Цена материала,Историческая ставка материала,Параметр старой модели,legacy_parameter,,,,,,,,р./м²,m2,,,,,,,,1100,,,,,Историческая ставка без подтвержденной валюты и даты действия.,"{""historical_unit_price"":{""status_codes"":[""static"",""historical_price""],""source_cell"":""Расчет!H2""}}",static;historical_price,source-materials/Medvedev.Works.Calc.zip,Medvedev.Works.Calc/Примеры расчетов/Кукня_01.08.24.xls,Расчет,H2,1 100р.,,
I-20240801-D499B44A51A19C4D,P-2024-08-01,,Цена кромки,Историческая ставка кромки,Параметр старой модели,legacy_parameter,,,,,,,,р./м,m,,,,,,,,200,,,,,Историческая ставка без подтвержденной валюты и даты действия.,"{""historical_unit_price"":{""status_codes"":[""static"",""historical_price""],""source_cell"":""Расчет!I2""}}",static;historical_price,source-materials/Medvedev.Works.Calc.zip,Medvedev.Works.Calc/Примеры расчетов/Кукня_01.08.24.xls,Расчет,I2,200,,
I-20240801-D3BA275813098DB0,P-2024-08-01,,Коэффициент J2,Коэффициент старой модели J2,Параметр старой модели,legacy_parameter,,,,,,,,коэф.,ratio,,,,,,,1,,,,,,Семантика и допустимые значения параметра не документированы.,"{""coefficient"":{""status_codes"":[""static""],""source_cell"":""Расчет!J2""}}",static;unknown;requires_expert_review,source-materials/Medvedev.Works.Calc.zip,Medvedev.Works.Calc/Примеры расчетов/Кукня_01.08.24.xls,Расчет,J2,1,,
I-20240801-B4B6B97AE0213D62,P-2024-08-01,,Делитель K2,Параметр старой модели K2,Параметр старой модели,legacy_parameter,,,,,,,,коэф.,ratio,,,,,,,0,,,,,,Семантика и допустимые значения параметра не документированы.,"{""coefficient"":{""status_codes"":[""static""],""source_cell"":""Расчет!K2""}}",static;unknown;requires_expert_review,source-materials/Medvedev.Works.Calc.zip,Medvedev.Works.Calc/Примеры расчетов/Кукня_01.08.24.xls,Расчет,K2,0,,
I-20240801-BE59B5704DC006AA,P-2024-08-01,,Коэффициент M2,Коэффициент старой модели M2,Параметр старой модели,legacy_parameter,,,,,,,,коэф.,ratio,,,,,,,1,,,,,,Семантика и допустимые значения параметра не документированы.,"{""coefficient"":{""status_codes"":[""static""],""source_cell"":""Расчет!M2""}}",static;unknown;requires_expert_review,source-materials/Medvedev.Works.Calc.zip,Medvedev.Works.Calc/Примеры расчетов/Кукня_01.08.24.xls,Расчет,M2,1,,
I-20240801-A4ACE65F7FC1A278,P-2024-08-01,,Всего м²,Общая площадь деталей,Всего м²,other_explicit,,,,,,,,м²,m2,,,,,53.079512,,,,,,,,,"{""area_m2"":{""status_codes"":[""derived""],""source_cell"":""Расчет!J106"",""source_formula"":""=SUM(J5:J104)""}}",derived,source-materials/Medvedev.Works.Calc.zip,Medvedev.Works.Calc/Примеры расчетов/Кукня_01.08.24.xls,Расчет,J106,"53,08 ",,
I-20240801-214930062CCECB11,P-2024-08-01,,При-е кол. Листов,Приблизительное количество листов,При-е кол. Листов,other_explicit,,,,,,,,,,11.795447111111,,,,,,,,,,,,Единица и прикладная семантика показателя не подтверждены.,"{""calculated_quantity"":{""status_codes"":[""derived""],""source_cell"":""Расчет!N106"",""source_formula"":""=J106/4.5""}}",derived;unknown;requires_expert_review,source-materials/Medvedev.Works.Calc.zip,Medvedev.Works.Calc/Примеры расчетов/Кукня_01.08.24.xls,Расчет,N106,"11,80 ",,
I-20240801-810636E9A7A9A80A,P-2024-08-01,C-20240801-7958F2A2A13E54EB,Стоимость Материала+кромка,Материал и кромка,Стоимость Материала+кромка,subtotal,,,,,,,,р.,currency,,,,,,,,,172462.7313,,,,,"{""historical_line_cost"":{""status_codes"":[""derived"",""historical_price""],""source_cell"":""Расчет!J107"",""source_formula"":""=SUM(K5:K104)+Данные!C103""}}",derived;historical_price,source-materials/Medvedev.Works.Calc.zip,Medvedev.Works.Calc/Примеры расчетов/Кукня_01.08.24.xls,Расчет,I107:J107,"{""I107"":"" Стоимость Материала+кромка "",""J107"":""                          172 462,73р. ""}",,
I-20240801-80734D2AFA11DA85,P-2024-08-01,C-20240801-4B7CD5B2A18B9279,Стоимость Работ,Работы по деталям,Стоимость Работ,subtotal,,,,,,,,р.,currency,,,,,,,,,22240,,,,,"{""historical_line_cost"":{""status_codes"":[""derived"",""historical_price""],""source_cell"":""Расчет!J108"",""source_formula"":""=SUM(M5:M104,O5:O104)""}}",derived;historical_price,source-materials/Medvedev.Works.Calc.zip,Medvedev.Works.Calc/Примеры расчетов/Кукня_01.08.24.xls,Расчет,I108:J108,"{""I108"":"" Стоимость Работ "",""J108"":""                            22 240,00р. ""}",,
I-20240801-9EEE475DCC40410D,P-2024-08-01,C-20240801-5508C98FCDF1C96B,Стоимость Монтажа и т. п.,Монтаж и прочие работы,Стоимость Монтажа и т. п.,subtotal,,,,,,,,р.,currency,,,,,,,,,38150,,,,,"{""historical_line_cost"":{""status_codes"":[""derived"",""historical_price""],""source_cell"":""Расчет!J109"",""source_formula"":""=SUM(N114:O161)""}}",derived;historical_price,source-materials/Medvedev.Works.Calc.zip,Medvedev.Works.Calc/Примеры расчетов/Кукня_01.08.24.xls,Расчет,I109:J109,"{""I109"":"" Стоимость Монтажа и т. п. "",""J109"":""                            38 150,00р. ""}",,
I-20240801-094F908E05AF9037,P-2024-08-01,C-20240801-007BEBEBFC677E17,Стоимость Фурнитуры,Фурнитура,Стоимость Фурнитуры,subtotal,,,,,,,,р.,currency,,,,,,,,,129520,,,,,"{""historical_line_cost"":{""status_codes"":[""derived"",""historical_price""],""source_cell"":""Расчет!J110"",""source_formula"":""=SUM(I115:I144)""}}",derived;historical_price,source-materials/Medvedev.Works.Calc.zip,Medvedev.Works.Calc/Примеры расчетов/Кукня_01.08.24.xls,Расчет,I110:J110,"{""I110"":"" Стоимость Фурнитуры "",""J110"":""129 520,00р.""}",,
I-20240801-256E4BEE0902EDC4,P-2024-08-01,C-20240801-7958F2A2A13E54EB,Всего:,Стоимость кромки — всего,Расчет стоимости кромки,subtotal,,,,,,,,р.,currency,,,,,,,,,29547.4,,,,,"{""historical_line_cost"":{""status_codes"":[""derived"",""historical_price""],""source_cell"":""Данные!C103"",""source_formula"":""=SUM(C2:C101)""}}",derived;historical_price,source-materials/Medvedev.Works.Calc.zip,Medvedev.Works.Calc/Примеры расчетов/Кукня_01.08.24.xls,Данные,B103:C103,"{""B103"":""Всего:"",""C103"":""29 547,40р.""}",,
I-20240801-FA25C071357DA0CF,P-2024-08-01,,Всего:,Общий итог проекта,Всего:,total,,,,,,,,р.,currency,,,,,,,,,362372.7313,,,,,"{""historical_line_cost"":{""status_codes"":[""derived"",""historical_price""],""source_cell"":""Расчет!P162"",""source_formula"":""=SUM(P5:P161)""}}",confirmed;derived;historical_price,source-materials/Medvedev.Works.Calc.zip,Medvedev.Works.Calc/Примеры расчетов/Кукня_01.08.24.xls,Расчет,P162,"        362 372,73р. ",,
I-20240801-668957CDA14C78A7,P-2024-08-01,C-20240801-007BEBEBFC677E17,Ножка,Ножка,Ножка,hardware,,,,,,,,,,36,,,,,,,70,2520,,,,,"{""calculated_quantity"":{""status_codes"":[""static""],""source_cell"":""Расчет!G115""},""historical_unit_price"":{""status_codes"":[""static"",""historical_price""],""source_cell"":""Расчет!H115""},""historical_line_cost"":{""status_codes"":[""derived"",""historical_price""],""source_cell"":""Расчет!I115"",""source_formula"":""=H115*G115""}}",derived;static;historical_price,source-materials/Medvedev.Works.Calc.zip,Medvedev.Works.Calc/Примеры расчетов/Кукня_01.08.24.xls,Расчет,F115:P115,"{""F115"":""Ножка"",""G115"":""36,00 "",""H115"":""           70,00р. "",""I115"":""2 520,00р."",""L115"":""150,00р."",""N115"":""                            5 400,00р. "",""P115"":""            7 920,00р. ""}",,
I-20240801-383BAF9A837C405F,P-2024-08-01,C-20240801-5508C98FCDF1C96B,Ножка,Работа — Ножка,Стоимость работ,work,,,,,,,,,,36,,,,,,,150,5400,,,,,"{""calculated_quantity"":{""status_codes"":[""static""],""source_cell"":""Расчет!G115""},""historical_unit_price"":{""status_codes"":[""static"",""historical_price""],""source_cell"":""Расчет!L115""},""historical_line_cost"":{""status_codes"":[""derived"",""historical_price""],""source_cell"":""Расчет!N115"",""source_formula"":""=L115*G115""}}",derived;static;historical_price,source-materials/Medvedev.Works.Calc.zip,Medvedev.Works.Calc/Примеры расчетов/Кукня_01.08.24.xls,Расчет,F115:P115,"{""F115"":""Ножка"",""G115"":""36,00 "",""H115"":""           70,00р. "",""I115"":""2 520,00р."",""L115"":""150,00р."",""N115"":""                            5 400,00р. "",""P115"":""            7 920,00р. ""}",,
I-20240801-1335442337736AAE,P-2024-08-01,,Ножка,Стоимость позиции — Ножка,Стоимость фурнитуры,subtotal,,,,,,,,р.,currency,,,,,,,,,7920,,,,,"{""historical_line_cost"":{""status_codes"":[""derived"",""historical_price""],""source_cell"":""Расчет!P115"",""source_formula"":""=IF($K$2=0,((H115+L115)*$M$2*G115),((H115+L115)*$M$2*G115)/$K$2)""}}",derived;historical_price,source-materials/Medvedev.Works.Calc.zip,Medvedev.Works.Calc/Примеры расчетов/Кукня_01.08.24.xls,Расчет,F115:P115,"{""F115"":""Ножка"",""G115"":""36,00 "",""H115"":""           70,00р. "",""I115"":""2 520,00р."",""L115"":""150,00р."",""N115"":""                            5 400,00р. "",""P115"":""            7 920,00р. ""}",,
I-20240801-27396027AC961303,P-2024-08-01,C-20240801-007BEBEBFC677E17,СТАРТ SOFT средней высоты SB19*.1/500,СТАРТ SOFT средней высоты SB19*.1/500,СТАРТ SOFT средней высоты SB19*.1/500,hardware,,,,,,,,,,1,,,,,,,3500,3500,,,,,"{""calculated_quantity"":{""status_codes"":[""static""],""source_cell"":""Расчет!G116""},""historical_unit_price"":{""status_codes"":[""static"",""historical_price""],""source_cell"":""Расчет!H116""},""historical_line_cost"":{""status_codes"":[""derived"",""historical_price""],""source_cell"":""Расчет!I116"",""source_formula"":""=H116*G116""}}",derived;static;historical_price,source-materials/Medvedev.Works.Calc.zip,Medvedev.Works.Calc/Примеры расчетов/Кукня_01.08.24.xls,Расчет,F116:P116,"{""F116"":""СТАРТ SOFT средней высоты SB19*.1/500"",""G116"":""1,00 "",""H116"":""      3 500,00р. "",""I116"":""3 500,00р."",""L116"":""400,00р."",""N116"":""                               400,00р. "",""P116"":""            3 900,00р. ""}",,
I-20240801-8875C01C332CBB13,P-2024-08-01,C-20240801-5508C98FCDF1C96B,СТАРТ SOFT средней высоты SB19*.1/500,Работа — СТАРТ SOFT средней высоты SB19*.1/500,Стоимость работ,work,,,,,,,,,,1,,,,,,,400,400,,,,,"{""calculated_quantity"":{""status_codes"":[""static""],""source_cell"":""Расчет!G116""},""historical_unit_price"":{""status_codes"":[""static"",""historical_price""],""source_cell"":""Расчет!L116""},""historical_line_cost"":{""status_codes"":[""derived"",""historical_price""],""source_cell"":""Расчет!N116"",""source_formula"":""=L116*G116""}}",derived;static;historical_price,source-materials/Medvedev.Works.Calc.zip,Medvedev.Works.Calc/Примеры расчетов/Кукня_01.08.24.xls,Расчет,F116:P116,"{""F116"":""СТАРТ SOFT средней высоты SB19*.1/500"",""G116"":""1,00 "",""H116"":""      3 500,00р. "",""I116"":""3 500,00р."",""L116"":""400,00р."",""N116"":""                               400,00р. "",""P116"":""            3 900,00р. ""}",,
I-20240801-A07EEAB6E6C9CD59,P-2024-08-01,,СТАРТ SOFT средней высоты SB19*.1/500,Стоимость позиции — СТАРТ SOFT средней высоты SB19*.1/500,Стоимость фурнитуры,subtotal,,,,,,,,р.,currency,,,,,,,,,3900,,,,,"{""historical_line_cost"":{""status_codes"":[""derived"",""historical_price""],""source_cell"":""Расчет!P116"",""source_formula"":""=IF($K$2=0,((H116+L116)*$M$2*G116),((H116+L116)*$M$2*G116)/$K$2)""}}",derived;historical_price,source-materials/Medvedev.Works.Calc.zip,Medvedev.Works.Calc/Примеры расчетов/Кукня_01.08.24.xls,Расчет,F116:P116,"{""F116"":""СТАРТ SOFT средней высоты SB19*.1/500"",""G116"":""1,00 "",""H116"":""      3 500,00р. "",""I116"":""3 500,00р."",""L116"":""400,00р."",""N116"":""                               400,00р. "",""P116"":""            3 900,00р. ""}",,
I-20240801-5A0183F4F0EADF3B,P-2024-08-01,C-20240801-007BEBEBFC677E17,СТАРТ SOFT стандартной высоты SB18*.1/500,СТАРТ SOFT стандартной высоты SB18*.1/500,СТАРТ SOFT стандартной высоты SB18*.1/500,hardware,,,,,,,,,,1,,,,,,,3000,3000,,,,,"{""calculated_quantity"":{""status_codes"":[""static""],""source_cell"":""Расчет!G117""},""historical_unit_price"":{""status_codes"":[""static"",""historical_price""],""source_cell"":""Расчет!H117""},""historical_line_cost"":{""status_codes"":[""derived"",""historical_price""],""source_cell"":""Расчет!I117"",""source_formula"":""=H117*G117""}}",derived;static;historical_price,source-materials/Medvedev.Works.Calc.zip,Medvedev.Works.Calc/Примеры расчетов/Кукня_01.08.24.xls,Расчет,F117:P117,"{""F117"":""СТАРТ SOFT стандартной высоты SB18*.1/500"",""G117"":""1,00 "",""H117"":""      3 000,00р. "",""I117"":""3 000,00р."",""L117"":""400,00р."",""N117"":""                               400,00р. "",""P117"":""            3 400,00р. ""}",,
I-20240801-FA388EF05AECD100,P-2024-08-01,C-20240801-5508C98FCDF1C96B,СТАРТ SOFT стандартной высоты SB18*.1/500,Работа — СТАРТ SOFT стандартной высоты SB18*.1/500,Стоимость работ,work,,,,,,,,,,1,,,,,,,400,400,,,,,"{""calculated_quantity"":{""status_codes"":[""static""],""source_cell"":""Расчет!G117""},""historical_unit_price"":{""status_codes"":[""static"",""historical_price""],""source_cell"":""Расчет!L117""},""historical_line_cost"":{""status_codes"":[""derived"",""historical_price""],""source_cell"":""Расчет!N117"",""source_formula"":""=L117*G117""}}",derived;static;historical_price,source-materials/Medvedev.Works.Calc.zip,Medvedev.Works.Calc/Примеры расчетов/Кукня_01.08.24.xls,Расчет,F117:P117,"{""F117"":""СТАРТ SOFT стандартной высоты SB18*.1/500"",""G117"":""1,00 "",""H117"":""      3 000,00р. "",""I117"":""3 000,00р."",""L117"":""400,00р."",""N117"":""                               400,00р. "",""P117"":""            3 400,00р. ""}",,
I-20240801-052ADCD2E978F189,P-2024-08-01,,СТАРТ SOFT стандартной высоты SB18*.1/500,Стоимость позиции — СТАРТ SOFT стандартной высоты SB18*.1/500,Стоимость фурнитуры,subtotal,,,,,,,,р.,currency,,,,,,,,,3400,,,,,"{""historical_line_cost"":{""status_codes"":[""derived"",""historical_price""],""source_cell"":""Расчет!P117"",""source_formula"":""=IF($K$2=0,((H117+L117)*$M$2*G117),((H117+L117)*$M$2*G117)/$K$2)""}}",derived;historical_price,source-materials/Medvedev.Works.Calc.zip,Medvedev.Works.Calc/Примеры расчетов/Кукня_01.08.24.xls,Расчет,F117:P117,"{""F117"":""СТАРТ SOFT стандартной высоты SB18*.1/500"",""G117"":""1,00 "",""H117"":""      3 000,00р. "",""I117"":""3 000,00р."",""L117"":""400,00р."",""N117"":""                               400,00р. "",""P117"":""            3 400,00р. ""}",,
I-20240801-02AB6F96F176F00F,P-2024-08-01,C-20240801-007BEBEBFC677E17,СТАРТ SOFT ЭКСТРА SB21*.1/500,СТАРТ SOFT ЭКСТРА SB21*.1/500,СТАРТ SOFT ЭКСТРА SB21*.1/500,hardware,,,,,,,,,,4,,,,,,,3000,12000,,,,,"{""calculated_quantity"":{""status_codes"":[""static""],""source_cell"":""Расчет!G118""},""historical_unit_price"":{""status_codes"":[""static"",""historical_price""],""source_cell"":""Расчет!H118""},""historical_line_cost"":{""status_codes"":[""derived"",""historical_price""],""source_cell"":""Расчет!I118"",""source_formula"":""=H118*G118""}}",derived;static;historical_price,source-materials/Medvedev.Works.Calc.zip,Medvedev.Works.Calc/Примеры расчетов/Кукня_01.08.24.xls,Расчет,F118:P118,"{""F118"":""СТАРТ SOFT ЭКСТРА SB21*.1/500"",""G118"":""4,00 "",""H118"":""      3 000,00р. "",""I118"":""12 000,00р."",""L118"":""400,00р."",""N118"":""                            1 600,00р. "",""P118"":""          13 600,00р. ""}",,
I-20240801-4F2B943B279281AB,P-2024-08-01,C-20240801-5508C98FCDF1C96B,СТАРТ SOFT ЭКСТРА SB21*.1/500,Работа — СТАРТ SOFT ЭКСТРА SB21*.1/500,Стоимость работ,work,,,,,,,,,,4,,,,,,,400,1600,,,,,"{""calculated_quantity"":{""status_codes"":[""static""],""source_cell"":""Расчет!G118""},""historical_unit_price"":{""status_codes"":[""static"",""historical_price""],""source_cell"":""Расчет!L118""},""historical_line_cost"":{""status_codes"":[""derived"",""historical_price""],""source_cell"":""Расчет!N118"",""source_formula"":""=L118*G118""}}",derived;static;historical_price,source-materials/Medvedev.Works.Calc.zip,Medvedev.Works.Calc/Примеры расчетов/Кукня_01.08.24.xls,Расчет,F118:P118,"{""F118"":""СТАРТ SOFT ЭКСТРА SB21*.1/500"",""G118"":""4,00 "",""H118"":""      3 000,00р. "",""I118"":""12 000,00р."",""L118"":""400,00р."",""N118"":""                            1 600,00р. "",""P118"":""          13 600,00р. ""}",,
I-20240801-67D14BC2CC15C57F,P-2024-08-01,,СТАРТ SOFT ЭКСТРА SB21*.1/500,Стоимость позиции — СТАРТ SOFT ЭКСТРА SB21*.1/500,Стоимость фурнитуры,subtotal,,,,,,,,р.,currency,,,,,,,,,13600,,,,,"{""historical_line_cost"":{""status_codes"":[""derived"",""historical_price""],""source_cell"":""Расчет!P118"",""source_formula"":""=IF($K$2=0,((H118+L118)*$M$2*G118),((H118+L118)*$M$2*G118)/$K$2)""}}",derived;historical_price,source-materials/Medvedev.Works.Calc.zip,Medvedev.Works.Calc/Примеры расчетов/Кукня_01.08.24.xls,Расчет,F118:P118,"{""F118"":""СТАРТ SOFT ЭКСТРА SB21*.1/500"",""G118"":""4,00 "",""H118"":""      3 000,00р. "",""I118"":""12 000,00р."",""L118"":""400,00р."",""N118"":""                            1 600,00р. "",""P118"":""          13 600,00р. ""}",,
I-20240801-40404C358654F193,P-2024-08-01,C-20240801-007BEBEBFC677E17,акриловый камень 3650х760,акриловый камень 3650х760,акриловый камень 3650х760,material,,,,,,,,,,2,,,,,,,30000,60000,,,,,"{""calculated_quantity"":{""status_codes"":[""static""],""source_cell"":""Расчет!G119""},""historical_unit_price"":{""status_codes"":[""static"",""historical_price""],""source_cell"":""Расчет!H119""},""historical_line_cost"":{""status_codes"":[""derived"",""historical_price""],""source_cell"":""Расчет!I119"",""source_formula"":""=H119*G119""}}",derived;static;historical_price,source-materials/Medvedev.Works.Calc.zip,Medvedev.Works.Calc/Примеры расчетов/Кукня_01.08.24.xls,Расчет,F119:P119,"{""F119"":""акриловый камень 3650х760"",""G119"":""2,00 "",""H119"":""    30 000,00р. "",""I119"":""60 000,00р."",""L119"":""0,00р."",""N119"":""                                       -  р. "",""P119"":""          60 000,00р. ""}",,
I-20240801-B04BCD76662651D9,P-2024-08-01,C-20240801-5508C98FCDF1C96B,акриловый камень 3650х760,Работа — акриловый камень 3650х760,Стоимость работ,work,,,,,,,,,,2,,,,,,,0,0,,,,,"{""calculated_quantity"":{""status_codes"":[""static""],""source_cell"":""Расчет!G119""},""historical_unit_price"":{""status_codes"":[""static"",""historical_price""],""source_cell"":""Расчет!L119""},""historical_line_cost"":{""status_codes"":[""derived"",""historical_price""],""source_cell"":""Расчет!N119"",""source_formula"":""=L119*G119""}}",derived;static;historical_price,source-materials/Medvedev.Works.Calc.zip,Medvedev.Works.Calc/Примеры расчетов/Кукня_01.08.24.xls,Расчет,F119:P119,"{""F119"":""акриловый камень 3650х760"",""G119"":""2,00 "",""H119"":""    30 000,00р. "",""I119"":""60 000,00р."",""L119"":""0,00р."",""N119"":""                                       -  р. "",""P119"":""          60 000,00р. ""}",,
I-20240801-15B555AB096BAE8D,P-2024-08-01,,акриловый камень 3650х760,Стоимость позиции — акриловый камень 3650х760,Стоимость фурнитуры,subtotal,,,,,,,,р.,currency,,,,,,,,,60000,,,,,"{""historical_line_cost"":{""status_codes"":[""derived"",""historical_price""],""source_cell"":""Расчет!P119"",""source_formula"":""=IF($K$2=0,((H119+L119)*$M$2*G119),((H119+L119)*$M$2*G119)/$K$2)""}}",derived;historical_price,source-materials/Medvedev.Works.Calc.zip,Medvedev.Works.Calc/Примеры расчетов/Кукня_01.08.24.xls,Расчет,F119:P119,"{""F119"":""акриловый камень 3650х760"",""G119"":""2,00 "",""H119"":""    30 000,00р. "",""I119"":""60 000,00р."",""L119"":""0,00р."",""N119"":""                                       -  р. "",""P119"":""          60 000,00р. ""}",,
I-20240801-8B4E57BD17B922E4,P-2024-08-01,C-20240801-007BEBEBFC677E17,навесы,навесы,навесы,hardware,,,,,,,,,,4,,,,,,,1100,4400,,,,,"{""calculated_quantity"":{""status_codes"":[""static""],""source_cell"":""Расчет!G120""},""historical_unit_price"":{""status_codes"":[""static"",""historical_price""],""source_cell"":""Расчет!H120""},""historical_line_cost"":{""status_codes"":[""derived"",""historical_price""],""source_cell"":""Расчет!I120"",""source_formula"":""=H120*G120""}}",derived;static;historical_price,source-materials/Medvedev.Works.Calc.zip,Medvedev.Works.Calc/Примеры расчетов/Кукня_01.08.24.xls,Расчет,F120:P120,"{""F120"":""навесы"",""G120"":""4,00 "",""H120"":""      1 100,00р. "",""I120"":""4 400,00р."",""L120"":""400,00р."",""N120"":""                            1 600,00р. "",""P120"":""            6 000,00р. ""}",,
I-20240801-F5A8D39F326375BA,P-2024-08-01,C-20240801-5508C98FCDF1C96B,навесы,Работа — навесы,Стоимость работ,work,,,,,,,,,,4,,,,,,,400,1600,,,,,"{""calculated_quantity"":{""status_codes"":[""static""],""source_cell"":""Расчет!G120""},""historical_unit_price"":{""status_codes"":[""static"",""historical_price""],""source_cell"":""Расчет!L120""},""historical_line_cost"":{""status_codes"":[""derived"",""historical_price""],""source_cell"":""Расчет!N120"",""source_formula"":""=L120*G120""}}",derived;static;historical_price,source-materials/Medvedev.Works.Calc.zip,Medvedev.Works.Calc/Примеры расчетов/Кукня_01.08.24.xls,Расчет,F120:P120,"{""F120"":""навесы"",""G120"":""4,00 "",""H120"":""      1 100,00р. "",""I120"":""4 400,00р."",""L120"":""400,00р."",""N120"":""                            1 600,00р. "",""P120"":""            6 000,00р. ""}",,
I-20240801-CD3787C93783C8DF,P-2024-08-01,,навесы,Стоимость позиции — навесы,Стоимость фурнитуры,subtotal,,,,,,,,р.,currency,,,,,,,,,6000,,,,,"{""historical_line_cost"":{""status_codes"":[""derived"",""historical_price""],""source_cell"":""Расчет!P120"",""source_formula"":""=IF($K$2=0,((H120+L120)*$M$2*G120),((H120+L120)*$M$2*G120)/$K$2)""}}",derived;historical_price,source-materials/Medvedev.Works.Calc.zip,Medvedev.Works.Calc/Примеры расчетов/Кукня_01.08.24.xls,Расчет,F120:P120,"{""F120"":""навесы"",""G120"":""4,00 "",""H120"":""      1 100,00р. "",""I120"":""4 400,00р."",""L120"":""400,00р."",""N120"":""                            1 600,00р. "",""P120"":""            6 000,00р. ""}",,
I-20240801-116BF94A1DAF4AA3,P-2024-08-01,C-20240801-007BEBEBFC677E17,петли,петли,петли,hardware,,,,,,,,,,51,,,,,,,600,30600,,,,,"{""calculated_quantity"":{""status_codes"":[""static""],""source_cell"":""Расчет!G121""},""historical_unit_price"":{""status_codes"":[""static"",""historical_price""],""source_cell"":""Расчет!H121""},""historical_line_cost"":{""status_codes"":[""derived"",""historical_price""],""source_cell"":""Расчет!I121"",""source_formula"":""=H121*G121""}}",derived;static;historical_price,source-materials/Medvedev.Works.Calc.zip,Medvedev.Works.Calc/Примеры расчетов/Кукня_01.08.24.xls,Расчет,F121:P121,"{""F121"":""петли"",""G121"":""51,00 "",""H121"":""         600,00р. "",""I121"":""30 600,00р."",""L121"":""200,00р."",""N121"":""                          10 200,00р. "",""P121"":""          40 800,00р. ""}",,
I-20240801-324DC74827416E27,P-2024-08-01,C-20240801-5508C98FCDF1C96B,петли,Работа — петли,Стоимость работ,work,,,,,,,,,,51,,,,,,,200,10200,,,,,"{""calculated_quantity"":{""status_codes"":[""static""],""source_cell"":""Расчет!G121""},""historical_unit_price"":{""status_codes"":[""static"",""historical_price""],""source_cell"":""Расчет!L121""},""historical_line_cost"":{""status_codes"":[""derived"",""historical_price""],""source_cell"":""Расчет!N121"",""source_formula"":""=L121*G121""}}",derived;static;historical_price,source-materials/Medvedev.Works.Calc.zip,Medvedev.Works.Calc/Примеры расчетов/Кукня_01.08.24.xls,Расчет,F121:P121,"{""F121"":""петли"",""G121"":""51,00 "",""H121"":""         600,00р. "",""I121"":""30 600,00р."",""L121"":""200,00р."",""N121"":""                          10 200,00р. "",""P121"":""          40 800,00р. ""}",,
I-20240801-2345C5B751D18E20,P-2024-08-01,,петли,Стоимость позиции — петли,Стоимость фурнитуры,subtotal,,,,,,,,р.,currency,,,,,,,,,40800,,,,,"{""historical_line_cost"":{""status_codes"":[""derived"",""historical_price""],""source_cell"":""Расчет!P121"",""source_formula"":""=IF($K$2=0,((H121+L121)*$M$2*G121),((H121+L121)*$M$2*G121)/$K$2)""}}",derived;historical_price,source-materials/Medvedev.Works.Calc.zip,Medvedev.Works.Calc/Примеры расчетов/Кукня_01.08.24.xls,Расчет,F121:P121,"{""F121"":""петли"",""G121"":""51,00 "",""H121"":""         600,00р. "",""I121"":""30 600,00р."",""L121"":""200,00р."",""N121"":""                          10 200,00р. "",""P121"":""          40 800,00р. ""}",,
I-20240801-88394B2669F6D8AF,P-2024-08-01,C-20240801-007BEBEBFC677E17,лоток,лоток,лоток,hardware,,,,,,,,,,1,,,,,,,2500,2500,,,,,"{""calculated_quantity"":{""status_codes"":[""static""],""source_cell"":""Расчет!G122""},""historical_unit_price"":{""status_codes"":[""static"",""historical_price""],""source_cell"":""Расчет!H122""},""historical_line_cost"":{""status_codes"":[""derived"",""historical_price""],""source_cell"":""Расчет!I122"",""source_formula"":""=H122*G122""}}",derived;static;historical_price,source-materials/Medvedev.Works.Calc.zip,Medvedev.Works.Calc/Примеры расчетов/Кукня_01.08.24.xls,Расчет,F122:P122,"{""F122"":""лоток"",""G122"":""1,00 "",""H122"":""      2 500,00р. "",""I122"":""2 500,00р."",""L122"":""150,00р."",""N122"":""                               150,00р. "",""P122"":""            2 650,00р. ""}",,
I-20240801-49BA6C523D03782F,P-2024-08-01,C-20240801-5508C98FCDF1C96B,лоток,Работа — лоток,Стоимость работ,work,,,,,,,,,,1,,,,,,,150,150,,,,,"{""calculated_quantity"":{""status_codes"":[""static""],""source_cell"":""Расчет!G122""},""historical_unit_price"":{""status_codes"":[""static"",""historical_price""],""source_cell"":""Расчет!L122""},""historical_line_cost"":{""status_codes"":[""derived"",""historical_price""],""source_cell"":""Расчет!N122"",""source_formula"":""=L122*G122""}}",derived;static;historical_price,source-materials/Medvedev.Works.Calc.zip,Medvedev.Works.Calc/Примеры расчетов/Кукня_01.08.24.xls,Расчет,F122:P122,"{""F122"":""лоток"",""G122"":""1,00 "",""H122"":""      2 500,00р. "",""I122"":""2 500,00р."",""L122"":""150,00р."",""N122"":""                               150,00р. "",""P122"":""            2 650,00р. ""}",,
I-20240801-415B8B8FA0ABEADF,P-2024-08-01,,лоток,Стоимость позиции — лоток,Стоимость фурнитуры,subtotal,,,,,,,,р.,currency,,,,,,,,,2650,,,,,"{""historical_line_cost"":{""status_codes"":[""derived"",""historical_price""],""source_cell"":""Расчет!P122"",""source_formula"":""=IF($K$2=0,((H122+L122)*$M$2*G122),((H122+L122)*$M$2*G122)/$K$2)""}}",derived;historical_price,source-materials/Medvedev.Works.Calc.zip,Medvedev.Works.Calc/Примеры расчетов/Кукня_01.08.24.xls,Расчет,F122:P122,"{""F122"":""лоток"",""G122"":""1,00 "",""H122"":""      2 500,00р. "",""I122"":""2 500,00р."",""L122"":""150,00р."",""N122"":""                               150,00р. "",""P122"":""            2 650,00р. ""}",,
I-20240801-F0F4A350DA921CF4,P-2024-08-01,C-20240801-007BEBEBFC677E17,сушка для посуды,сушка для посуды,сушка для посуды,hardware,,,,,,,,,,1,,,,,,,11000,11000,,,,,"{""calculated_quantity"":{""status_codes"":[""static""],""source_cell"":""Расчет!G123""},""historical_unit_price"":{""status_codes"":[""static"",""historical_price""],""source_cell"":""Расчет!H123""},""historical_line_cost"":{""status_codes"":[""derived"",""historical_price""],""source_cell"":""Расчет!I123"",""source_formula"":""=H123*G123""}}",derived;static;historical_price,source-materials/Medvedev.Works.Calc.zip,Medvedev.Works.Calc/Примеры расчетов/Кукня_01.08.24.xls,Расчет,F123:P123,"{""F123"":""сушка для посуды"",""G123"":""1,00 "",""H123"":""    11 000,00р. "",""I123"":""11 000,00р."",""L123"":""400,00р."",""N123"":""                               400,00р. "",""P123"":""          11 400,00р. ""}",,
I-20240801-03E70528268E9168,P-2024-08-01,C-20240801-5508C98FCDF1C96B,сушка для посуды,Работа — сушка для посуды,Стоимость работ,work,,,,,,,,,,1,,,,,,,400,400,,,,,"{""calculated_quantity"":{""status_codes"":[""static""],""source_cell"":""Расчет!G123""},""historical_unit_price"":{""status_codes"":[""static"",""historical_price""],""source_cell"":""Расчет!L123""},""historical_line_cost"":{""status_codes"":[""derived"",""historical_price""],""source_cell"":""Расчет!N123"",""source_formula"":""=L123*G123""}}",derived;static;historical_price,source-materials/Medvedev.Works.Calc.zip,Medvedev.Works.Calc/Примеры расчетов/Кукня_01.08.24.xls,Расчет,F123:P123,"{""F123"":""сушка для посуды"",""G123"":""1,00 "",""H123"":""    11 000,00р. "",""I123"":""11 000,00р."",""L123"":""400,00р."",""N123"":""                               400,00р. "",""P123"":""          11 400,00р. ""}",,
I-20240801-94D6FFEB58C2A4E9,P-2024-08-01,,сушка для посуды,Стоимость позиции — сушка для посуды,Стоимость фурнитуры,subtotal,,,,,,,,р.,currency,,,,,,,,,11400,,,,,"{""historical_line_cost"":{""status_codes"":[""derived"",""historical_price""],""source_cell"":""Расчет!P123"",""source_formula"":""=IF($K$2=0,((H123+L123)*$M$2*G123),((H123+L123)*$M$2*G123)/$K$2)""}}",derived;historical_price,source-materials/Medvedev.Works.Calc.zip,Medvedev.Works.Calc/Примеры расчетов/Кукня_01.08.24.xls,Расчет,F123:P123,"{""F123"":""сушка для посуды"",""G123"":""1,00 "",""H123"":""    11 000,00р. "",""I123"":""11 000,00р."",""L123"":""400,00р."",""N123"":""                               400,00р. "",""P123"":""          11 400,00р. ""}",,
I-20240801-890429EAEF3E92F9,P-2024-08-01,C-20240801-5508C98FCDF1C96B,Установка посудомойки,Установка посудомойки,Установка посудомойки,installation,,,,,,,,,,1,,,,,,,3000,3000,,,,,"{""calculated_quantity"":{""status_codes"":[""static""],""source_cell"":""Расчет!G124""},""historical_unit_price"":{""status_codes"":[""static"",""historical_price""],""source_cell"":""Расчет!L124""},""historical_line_cost"":{""status_codes"":[""derived"",""historical_price""],""source_cell"":""Расчет!N124"",""source_formula"":""=L124*G124""}}",derived;static;historical_price,source-materials/Medvedev.Works.Calc.zip,Medvedev.Works.Calc/Примеры расчетов/Кукня_01.08.24.xls,Расчет,F124:P124,"{""F124"":""Установка посудомойки"",""G124"":""1,00 "",""H124"":""                 -  р. "",""I124"":""0,00р."",""L124"":""3 000,00р."",""N124"":""                            3 000,00р. "",""P124"":""            3 000,00р. ""}",,
I-20240801-B2D2504E7C04EA54,P-2024-08-01,,Установка посудомойки,Стоимость позиции — Установка посудомойки,Стоимость фурнитуры,subtotal,,,,,,,,р.,currency,,,,,,,,,3000,,,,,"{""historical_line_cost"":{""status_codes"":[""derived"",""historical_price""],""source_cell"":""Расчет!P124"",""source_formula"":""=IF($K$2=0,((H124+L124)*$M$2*G124),((H124+L124)*$M$2*G124)/$K$2)""}}",derived;historical_price,source-materials/Medvedev.Works.Calc.zip,Medvedev.Works.Calc/Примеры расчетов/Кукня_01.08.24.xls,Расчет,F124:P124,"{""F124"":""Установка посудомойки"",""G124"":""1,00 "",""H124"":""                 -  р. "",""I124"":""0,00р."",""L124"":""3 000,00р."",""N124"":""                            3 000,00р. "",""P124"":""            3 000,00р. ""}",,
I-20240801-DE1DFEE956AF3E7F,P-2024-08-01,C-20240801-5508C98FCDF1C96B,Установка холодильников,Установка холодильников,Установка холодильников,installation,,,,,,,,,,2,,,,,,,3000,6000,,,,,"{""calculated_quantity"":{""status_codes"":[""static""],""source_cell"":""Расчет!G125""},""historical_unit_price"":{""status_codes"":[""static"",""historical_price""],""source_cell"":""Расчет!L125""},""historical_line_cost"":{""status_codes"":[""derived"",""historical_price""],""source_cell"":""Расчет!N125"",""source_formula"":""=L125*G125""}}",derived;static;historical_price,source-materials/Medvedev.Works.Calc.zip,Medvedev.Works.Calc/Примеры расчетов/Кукня_01.08.24.xls,Расчет,F125:P125,"{""F125"":""Установка холодильников"",""G125"":""2,00 "",""H125"":""                 -  р. "",""I125"":""0,00р."",""L125"":""3 000,00р."",""N125"":""                            6 000,00р. "",""P125"":""            6 000,00р. ""}",,
I-20240801-2595069996D10A31,P-2024-08-01,,Установка холодильников,Стоимость позиции — Установка холодильников,Стоимость фурнитуры,subtotal,,,,,,,,р.,currency,,,,,,,,,6000,,,,,"{""historical_line_cost"":{""status_codes"":[""derived"",""historical_price""],""source_cell"":""Расчет!P125"",""source_formula"":""=IF($K$2=0,((H125+L125)*$M$2*G125),((H125+L125)*$M$2*G125)/$K$2)""}}",derived;historical_price,source-materials/Medvedev.Works.Calc.zip,Medvedev.Works.Calc/Примеры расчетов/Кукня_01.08.24.xls,Расчет,F125:P125,"{""F125"":""Установка холодильников"",""G125"":""2,00 "",""H125"":""                 -  р. "",""I125"":""0,00р."",""L125"":""3 000,00р."",""N125"":""                            6 000,00р. "",""P125"":""            6 000,00р. ""}",,
I-20240801-DDC375CC916FAAC7,P-2024-08-01,C-20240801-5508C98FCDF1C96B,Установка духовки,Установка духовки,Установка духовки,installation,,,,,,,,,,2,,,,,,,1000,2000,,,,,"{""calculated_quantity"":{""status_codes"":[""static""],""source_cell"":""Расчет!G126""},""historical_unit_price"":{""status_codes"":[""static"",""historical_price""],""source_cell"":""Расчет!L126""},""historical_line_cost"":{""status_codes"":[""derived"",""historical_price""],""source_cell"":""Расчет!N126"",""source_formula"":""=L126*G126""}}",derived;static;historical_price,source-materials/Medvedev.Works.Calc.zip,Medvedev.Works.Calc/Примеры расчетов/Кукня_01.08.24.xls,Расчет,F126:P126,"{""F126"":""Установка духовки"",""G126"":""2,00 "",""H126"":""                 -  р. "",""I126"":""0,00р."",""L126"":""1 000,00р."",""N126"":""                            2 000,00р. "",""P126"":""            2 000,00р. ""}",,
I-20240801-49CEA9B51822FA2F,P-2024-08-01,,Установка духовки,Стоимость позиции — Установка духовки,Стоимость фурнитуры,subtotal,,,,,,,,р.,currency,,,,,,,,,2000,,,,,"{""historical_line_cost"":{""status_codes"":[""derived"",""historical_price""],""source_cell"":""Расчет!P126"",""source_formula"":""=IF($K$2=0,((H126+L126)*$M$2*G126),((H126+L126)*$M$2*G126)/$K$2)""}}",derived;historical_price,source-materials/Medvedev.Works.Calc.zip,Medvedev.Works.Calc/Примеры расчетов/Кукня_01.08.24.xls,Расчет,F126:P126,"{""F126"":""Установка духовки"",""G126"":""2,00 "",""H126"":""                 -  р. "",""I126"":""0,00р."",""L126"":""1 000,00р."",""N126"":""                            2 000,00р. "",""P126"":""            2 000,00р. ""}",,
I-20240801-EAFC7F9692C0CCB9,P-2024-08-01,C-20240801-5508C98FCDF1C96B,Установка вытяжки,Установка вытяжки,Установка вытяжки,installation,,,,,,,,,,1,,,,,,,3000,3000,,,,,"{""calculated_quantity"":{""status_codes"":[""static""],""source_cell"":""Расчет!G127""},""historical_unit_price"":{""status_codes"":[""static"",""historical_price""],""source_cell"":""Расчет!L127""},""historical_line_cost"":{""status_codes"":[""derived"",""historical_price""],""source_cell"":""Расчет!N127"",""source_formula"":""=L127*G127""}}",derived;static;historical_price,source-materials/Medvedev.Works.Calc.zip,Medvedev.Works.Calc/Примеры расчетов/Кукня_01.08.24.xls,Расчет,F127:P127,"{""F127"":""Установка вытяжки"",""G127"":""1,00 "",""H127"":""                 -  р. "",""I127"":""0,00р."",""L127"":""3 000,00р."",""N127"":""                            3 000,00р. "",""P127"":""            3 000,00р. ""}",,
I-20240801-7037D468CD1212CC,P-2024-08-01,,Установка вытяжки,Стоимость позиции — Установка вытяжки,Стоимость фурнитуры,subtotal,,,,,,,,р.,currency,,,,,,,,,3000,,,,,"{""historical_line_cost"":{""status_codes"":[""derived"",""historical_price""],""source_cell"":""Расчет!P127"",""source_formula"":""=IF($K$2=0,((H127+L127)*$M$2*G127),((H127+L127)*$M$2*G127)/$K$2)""}}",derived;historical_price,source-materials/Medvedev.Works.Calc.zip,Medvedev.Works.Calc/Примеры расчетов/Кукня_01.08.24.xls,Расчет,F127:P127,"{""F127"":""Установка вытяжки"",""G127"":""1,00 "",""H127"":""                 -  р. "",""I127"":""0,00р."",""L127"":""3 000,00р."",""N127"":""                            3 000,00р. "",""P127"":""            3 000,00р. ""}",,
I-20240801-3854979F0FCF528F,P-2024-08-01,C-20240801-5508C98FCDF1C96B,Установка мойки,Установка мойки,Установка мойки,installation,,,,,,,,,,1,,,,,,,3000,3000,,,,,"{""calculated_quantity"":{""status_codes"":[""static""],""source_cell"":""Расчет!G128""},""historical_unit_price"":{""status_codes"":[""static"",""historical_price""],""source_cell"":""Расчет!L128""},""historical_line_cost"":{""status_codes"":[""derived"",""historical_price""],""source_cell"":""Расчет!N128"",""source_formula"":""=L128*G128""}}",derived;static;historical_price,source-materials/Medvedev.Works.Calc.zip,Medvedev.Works.Calc/Примеры расчетов/Кукня_01.08.24.xls,Расчет,F128:P128,"{""F128"":""Установка мойки"",""G128"":""1,00 "",""H128"":""                 -  р. "",""I128"":""0,00р."",""L128"":""3 000,00р."",""N128"":""                            3 000,00р. "",""P128"":""            3 000,00р. ""}",,
I-20240801-F2C45B09ABEE38F1,P-2024-08-01,,Установка мойки,Стоимость позиции — Установка мойки,Стоимость фурнитуры,subtotal,,,,,,,,р.,currency,,,,,,,,,3000,,,,,"{""historical_line_cost"":{""status_codes"":[""derived"",""historical_price""],""source_cell"":""Расчет!P128"",""source_formula"":""=IF($K$2=0,((H128+L128)*$M$2*G128),((H128+L128)*$M$2*G128)/$K$2)""}}",derived;historical_price,source-materials/Medvedev.Works.Calc.zip,Medvedev.Works.Calc/Примеры расчетов/Кукня_01.08.24.xls,Расчет,F128:P128,"{""F128"":""Установка мойки"",""G128"":""1,00 "",""H128"":""                 -  р. "",""I128"":""0,00р."",""L128"":""3 000,00р."",""N128"":""                            3 000,00р. "",""P128"":""            3 000,00р. ""}",,
I-20240801-D962B10082AA3449,P-2024-08-01,C-20240801-5508C98FCDF1C96B,Установка варочной панели,Установка варочной панели,Установка варочной панели,installation,,,,,,,,,,1,,,,,,,1000,1000,,,,,"{""calculated_quantity"":{""status_codes"":[""static""],""source_cell"":""Расчет!G129""},""historical_unit_price"":{""status_codes"":[""static"",""historical_price""],""source_cell"":""Расчет!L129""},""historical_line_cost"":{""status_codes"":[""derived"",""historical_price""],""source_cell"":""Расчет!N129"",""source_formula"":""=L129*G129""}}",derived;static;historical_price,source-materials/Medvedev.Works.Calc.zip,Medvedev.Works.Calc/Примеры расчетов/Кукня_01.08.24.xls,Расчет,F129:P129,"{""F129"":""Установка варочной панели"",""G129"":""1,00 "",""H129"":""                 -  р. "",""I129"":""0,00р."",""L129"":""1 000,00р."",""N129"":""                            1 000,00р. "",""P129"":""            1 000,00р. ""}",,
I-20240801-E5035517384DB629,P-2024-08-01,,Установка варочной панели,Стоимость позиции — Установка варочной панели,Стоимость фурнитуры,subtotal,,,,,,,,р.,currency,,,,,,,,,1000,,,,,"{""historical_line_cost"":{""status_codes"":[""derived"",""historical_price""],""source_cell"":""Расчет!P129"",""source_formula"":""=IF($K$2=0,((H129+L129)*$M$2*G129),((H129+L129)*$M$2*G129)/$K$2)""}}",derived;historical_price,source-materials/Medvedev.Works.Calc.zip,Medvedev.Works.Calc/Примеры расчетов/Кукня_01.08.24.xls,Расчет,F129:P129,"{""F129"":""Установка варочной панели"",""G129"":""1,00 "",""H129"":""                 -  р. "",""I129"":""0,00р."",""L129"":""1 000,00р."",""N129"":""                            1 000,00р. "",""P129"":""            1 000,00р. ""}",,
I-20250401-41D922772AA010DF,P-2025-04-01,C-20250401-6EC975EB2EAF6B44,Кромка 19х1,Кромка 19х1,,material,,Кромка 19х1,Кромка 19х1,,,,ВПМФ,м,m,105.23,130,,,,,1.2,29,3770,,,,,"{""calculated_quantity"":{""status_codes"":[""static""],""source_cell"":""Лист1!D6""},""order_quantity"":{""status_codes"":[""static""],""source_cell"":""Лист1!F6""},""coefficient"":{""status_codes"":[""static""],""source_cell"":""Лист1!E6""},""historical_unit_price"":{""status_codes"":[""static"",""historical_price""],""source_cell"":""Лист1!G6""},""historical_line_cost"":{""status_codes"":[""derived"",""historical_price""],""source_cell"":""Лист1!H6"",""source_formula"":""=F6*G6""}}",derived;static;historical_price,source-materials/Medvedev.Works.Calc.zip,Medvedev.Works.Calc/Примеры расчетов/Кухня_01.04.25.xlsx,Лист1,A6:I6,"{""A6"":"""",""B6"":""Кромка 19х1"",""C6"":""м"",""D6"":""105.23"",""E6"":""1.2"",""F6"":""130"",""G6"":""29"",""H6"":""3770"",""I6"":""ВПМФ""}",=F6*G6,Лист1!H6
I-20250401-AD1FE0D76B3FD452,P-2025-04-01,C-20250401-6EC975EB2EAF6B44,"ЛДСП Увадрев, 2750x1830x16 мм, белый, глад. шёлк, влагостой.","ЛДСП Увадрев, 2750x1830x16 мм, белый, глад. шёлк, влагостой.",,material,U1655/16 SM1,"ЛДСП Увадрев, 2750x1830x16 мм, белый, глад. шёлк, влагостой.","ЛДСП Увадрев, 2750x1830x16 мм, белый, глад. шёлк, влагостой.",16,2750x1830x16 мм,"белый, глад. шёлк, влагостой.",Группа Партнер,кв.м,m2,15.93,20,,,,,1.2,1160,23200,,,,,"{""thickness_mm"":{""status_codes"":[""static""],""source_cell"":""Лист1!B7""},""calculated_quantity"":{""status_codes"":[""static""],""source_cell"":""Лист1!D7""},""order_quantity"":{""status_codes"":[""static""],""source_cell"":""Лист1!F7""},""coefficient"":{""status_codes"":[""static""],""source_cell"":""Лист1!E7""},""historical_unit_price"":{""status_codes"":[""static"",""historical_price""],""source_cell"":""Лист1!G7""},""historical_line_cost"":{""status_codes"":[""derived"",""historical_price""],""source_cell"":""Лист1!H7"",""source_formula"":""=F7*G7""}}",derived;static;historical_price,source-materials/Medvedev.Works.Calc.zip,Medvedev.Works.Calc/Примеры расчетов/Кухня_01.04.25.xlsx,Лист1,A7:I7,"{""A7"":""U1655/16 SM1"",""B7"":""ЛДСП Увадрев, 2750x1830x16 мм, белый, глад. шёлк, влагостой."",""C7"":""кв.м"",""D7"":""15.93"",""E7"":""1.2"",""F7"":""20"",""G7"":""1160"",""H7"":""23200"",""I7"":""Группа Партнер""}",=F7*G7,Лист1!H7
I-20250401-502438B773AB3A2D,P-2025-04-01,C-20250401-6EC975EB2EAF6B44,ЛХДФ 3 мм белая,ЛХДФ 3 мм белая,,material,,ЛХДФ 3 мм белая,ЛХДФ 3 мм белая,3,,белая,ВПМФ,кв.м,m2,2.73,4,,,,,1.15,290,1160,,,,,"{""thickness_mm"":{""status_codes"":[""static""],""source_cell"":""Лист1!B8""},""calculated_quantity"":{""status_codes"":[""static""],""source_cell"":""Лист1!D8""},""order_quantity"":{""status_codes"":[""static""],""source_cell"":""Лист1!F8""},""coefficient"":{""status_codes"":[""static""],""source_cell"":""Лист1!E8""},""historical_unit_price"":{""status_codes"":[""static"",""historical_price""],""source_cell"":""Лист1!G8""},""historical_line_cost"":{""status_codes"":[""derived"",""historical_price""],""source_cell"":""Лист1!H8"",""source_formula"":""=F8*G8""}}",derived;static;historical_price,source-materials/Medvedev.Works.Calc.zip,Medvedev.Works.Calc/Примеры расчетов/Кухня_01.04.25.xlsx,Лист1,A8:I8,"{""A8"":"""",""B8"":""ЛХДФ 3 мм белая"",""C8"":""кв.м"",""D8"":""2.73"",""E8"":""1.15"",""F8"":""4"",""G8"":""290"",""H8"":""1160"",""I8"":""ВПМФ""}",=F8*G8,Лист1!H8
I-20250401-4966347FF4A6617F,P-2025-04-01,C-20250401-6EC975EB2EAF6B44,"Шуруп 3,5х15 оцинкованый, полупотай","Шуруп 3,5х15 оцинкованый, полупотай",,hardware,015.55.639,,,,,,МКФ,шт,pcs,26,26,,,,,1,1,26,,,,,"{""calculated_quantity"":{""status_codes"":[""static""],""source_cell"":""Лист1!D9""},""order_quantity"":{""status_codes"":[""static""],""source_cell"":""Лист1!F9""},""coefficient"":{""status_codes"":[""static""],""source_cell"":""Лист1!E9""},""historical_unit_price"":{""status_codes"":[""static"",""historical_price""],""source_cell"":""Лист1!G9""},""historical_line_cost"":{""status_codes"":[""derived"",""historical_price""],""source_cell"":""Лист1!H9"",""source_formula"":""=F9*G9""}}",derived;static;historical_price,source-materials/Medvedev.Works.Calc.zip,Medvedev.Works.Calc/Примеры расчетов/Кухня_01.04.25.xlsx,Лист1,A9:I9,"{""A9"":""015.55.639"",""B9"":""Шуруп 3,5х15 оцинкованый, полупотай"",""C9"":""шт"",""D9"":""26"",""E9"":""1"",""F9"":""26"",""G9"":""1"",""H9"":""26"",""I9"":""МКФ""}",=F9*G9,Лист1!H9
I-20250401-C52E3664E9766A71,P-2025-04-01,C-20250401-6EC975EB2EAF6B44,"Шуруп 3,5х19","Шуруп 3,5х19",,hardware,,,,,,,Крепика,шт,pcs,112,112,,,,,1,0.2,22.4,,,,,"{""calculated_quantity"":{""status_codes"":[""static""],""source_cell"":""Лист1!D10""},""order_quantity"":{""status_codes"":[""static""],""source_cell"":""Лист1!F10""},""coefficient"":{""status_codes"":[""static""],""source_cell"":""Лист1!E10""},""historical_unit_price"":{""status_codes"":[""static"",""historical_price""],""source_cell"":""Лист1!G10""},""historical_line_cost"":{""status_codes"":[""derived"",""historical_price""],""source_cell"":""Лист1!H10"",""source_formula"":""=F10*G10""}}",derived;static;historical_price,source-materials/Medvedev.Works.Calc.zip,Medvedev.Works.Calc/Примеры расчетов/Кухня_01.04.25.xlsx,Лист1,A10:I10,"{""A10"":"""",""B10"":""Шуруп 3,5х19"",""C10"":""шт"",""D10"":""112"",""E10"":""1"",""F10"":""112"",""G10"":""0.2"",""H10"":""22.4"",""I10"":""Крепика""}",=F10*G10,Лист1!H10
I-20250401-AE546AE9CE9076AB,P-2025-04-01,C-20250401-6EC975EB2EAF6B44,"AVS HF-HКS, Прямая планка под евровинт подъём 0 мм","AVS HF-HКS, Прямая планка под евровинт подъём 0 мм",,hardware,9548980,,,,,,Фиера,шт,pcs,8,8,,,,,1,72,576,,,,,"{""calculated_quantity"":{""status_codes"":[""static""],""source_cell"":""Лист1!D11""},""order_quantity"":{""status_codes"":[""static""],""source_cell"":""Лист1!F11""},""coefficient"":{""status_codes"":[""static""],""source_cell"":""Лист1!E11""},""historical_unit_price"":{""status_codes"":[""static"",""historical_price""],""source_cell"":""Лист1!G11""},""historical_line_cost"":{""status_codes"":[""derived"",""historical_price""],""source_cell"":""Лист1!H11"",""source_formula"":""=F11*G11""}}",derived;static;historical_price,source-materials/Medvedev.Works.Calc.zip,Medvedev.Works.Calc/Примеры расчетов/Кухня_01.04.25.xlsx,Лист1,A11:I11,"{""A11"":""9548980"",""B11"":""AVS HF-HКS, Прямая планка под евровинт подъём 0 мм"",""C11"":""шт"",""D11"":""8"",""E11"":""1"",""F11"":""8"",""G11"":""72"",""H11"":""576"",""I11"":""Фиера""}",=F11*G11,Лист1!H11
I-20250401-07E9159BD38E326C,P-2025-04-01,C-20250401-6EC975EB2EAF6B44,"CLIP top BLUMOTION, Петля  накладная, 110 гр","CLIP top BLUMOTION, Петля  накладная, 110 гр",,hardware,8884623,,,,,,Фиера,шт,pcs,4,4,,,,,1,360,1440,,,,,"{""calculated_quantity"":{""status_codes"":[""static""],""source_cell"":""Лист1!D12""},""order_quantity"":{""status_codes"":[""static""],""source_cell"":""Лист1!F12""},""coefficient"":{""status_codes"":[""static""],""source_cell"":""Лист1!E12""},""historical_unit_price"":{""status_codes"":[""static"",""historical_price""],""source_cell"":""Лист1!G12""},""historical_line_cost"":{""status_codes"":[""derived"",""historical_price""],""source_cell"":""Лист1!H12"",""source_formula"":""=F12*G12""}}",derived;static;historical_price,source-materials/Medvedev.Works.Calc.zip,Medvedev.Works.Calc/Примеры расчетов/Кухня_01.04.25.xlsx,Лист1,A12:I12,"{""A12"":""8884623"",""B12"":""CLIP top BLUMOTION, Петля  накладная, 110 гр"",""C12"":""шт"",""D12"":""4"",""E12"":""1"",""F12"":""4"",""G12"":""360"",""H12"":""1440"",""I12"":""Фиера""}",=F12*G12,Лист1!H12
I-20250401-31024E76CA8FDFAD,P-2025-04-01,C-20250401-6EC975EB2EAF6B44,"CLIP TOP, ПЕТЛЯ TIP-ON, накладная,107ГР","CLIP TOP, ПЕТЛЯ TIP-ON, накладная,107ГР",,hardware,7657333,,,,,,Фиера,шт,pcs,4,4,,,,,1,165,660,,,,,"{""calculated_quantity"":{""status_codes"":[""static""],""source_cell"":""Лист1!D13""},""order_quantity"":{""status_codes"":[""static""],""source_cell"":""Лист1!F13""},""coefficient"":{""status_codes"":[""static""],""source_cell"":""Лист1!E13""},""historical_unit_price"":{""status_codes"":[""static"",""historical_price""],""source_cell"":""Лист1!G13""},""historical_line_cost"":{""status_codes"":[""derived"",""historical_price""],""source_cell"":""Лист1!H13"",""source_formula"":""=F13*G13""}}",derived;static;historical_price,source-materials/Medvedev.Works.Calc.zip,Medvedev.Works.Calc/Примеры расчетов/Кухня_01.04.25.xlsx,Лист1,A13:I13,"{""A13"":""7657333"",""B13"":""CLIP TOP, ПЕТЛЯ TIP-ON, накладная,107ГР"",""C13"":""шт"",""D13"":""4"",""E13"":""1"",""F13"":""4"",""G13"":""165"",""H13"":""660"",""I13"":""Фиера""}",=F13*G13,Лист1!H13
I-20250401-F44FB66238015B20,P-2025-04-01,C-20250401-6EC975EB2EAF6B44,"MODUL ответная планка для холодильника, крест., 0 мм, EXPANDO","MODUL ответная планка для холодильника, крест., 0 мм, EXPANDO",,hardware,8618728,,,,,,Фиера,шт,pcs,5,5,,,,,1,56,280,,,,,"{""calculated_quantity"":{""status_codes"":[""static""],""source_cell"":""Лист1!D14""},""order_quantity"":{""status_codes"":[""static""],""source_cell"":""Лист1!F14""},""coefficient"":{""status_codes"":[""static""],""source_cell"":""Лист1!E14""},""historical_unit_price"":{""status_codes"":[""static"",""historical_price""],""source_cell"":""Лист1!G14""},""historical_line_cost"":{""status_codes"":[""derived"",""historical_price""],""source_cell"":""Лист1!H14"",""source_formula"":""=F14*G14""}}",derived;static;historical_price,source-materials/Medvedev.Works.Calc.zip,Medvedev.Works.Calc/Примеры расчетов/Кухня_01.04.25.xlsx,Лист1,A14:I14,"{""A14"":""8618728"",""B14"":""MODUL ответная планка для холодильника, крест., 0 мм, EXPANDO"",""C14"":""шт"",""D14"":""5"",""E14"":""1"",""F14"":""5"",""G14"":""56"",""H14"":""280"",""I14"":""Фиера""}",=F14*G14,Лист1!H14
I-20250401-AFA6CE8C9F768638,P-2025-04-01,C-20250401-6EC975EB2EAF6B44,"MODUL, петля мебельная для холодильника 95гр","MODUL, петля мебельная для холодильника 95гр",,hardware,5966662,,,,,,Фиера,шт,pcs,5,5,,,,,1,211,1055,,,,,"{""calculated_quantity"":{""status_codes"":[""static""],""source_cell"":""Лист1!D15""},""order_quantity"":{""status_codes"":[""static""],""source_cell"":""Лист1!F15""},""coefficient"":{""status_codes"":[""static""],""source_cell"":""Лист1!E15""},""historical_unit_price"":{""status_codes"":[""static"",""historical_price""],""source_cell"":""Лист1!G15""},""historical_line_cost"":{""status_codes"":[""derived"",""historical_price""],""source_cell"":""Лист1!H15"",""source_formula"":""=F15*G15""}}",derived;static;historical_price,source-materials/Medvedev.Works.Calc.zip,Medvedev.Works.Calc/Примеры расчетов/Кухня_01.04.25.xlsx,Лист1,A15:I15,"{""A15"":""5966662"",""B15"":""MODUL, петля мебельная для холодильника 95гр"",""C15"":""шт"",""D15"":""5"",""E15"":""1"",""F15"":""5"",""G15"":""211"",""H15"":""1055"",""I15"":""Фиера""}",=F15*G15,Лист1!H15
I-20250401-F5E5C96A1B81CA45,P-2025-04-01,C-20250401-6EC975EB2EAF6B44,"TIP-ON ДЛЯ РАСПАШНЫХ ДВЕРЕЙ, КОРОТКИЙ, БЕЛЫЙ","TIP-ON ДЛЯ РАСПАШНЫХ ДВЕРЕЙ, КОРОТКИЙ, БЕЛЫЙ",,hardware,4753115,,,,,,Фиера,шт.,pcs,2,2,,,,,1,550,1100,,,,,"{""calculated_quantity"":{""status_codes"":[""static""],""source_cell"":""Лист1!D16""},""order_quantity"":{""status_codes"":[""static""],""source_cell"":""Лист1!F16""},""coefficient"":{""status_codes"":[""static""],""source_cell"":""Лист1!E16""},""historical_unit_price"":{""status_codes"":[""static"",""historical_price""],""source_cell"":""Лист1!G16""},""historical_line_cost"":{""status_codes"":[""derived"",""historical_price""],""source_cell"":""Лист1!H16"",""source_formula"":""=F16*G16""}}",derived;static;historical_price,source-materials/Medvedev.Works.Calc.zip,Medvedev.Works.Calc/Примеры расчетов/Кухня_01.04.25.xlsx,Лист1,A16:I16,"{""A16"":""4753115"",""B16"":""TIP-ON ДЛЯ РАСПАШНЫХ ДВЕРЕЙ, КОРОТКИЙ, БЕЛЫЙ"",""C16"":""шт."",""D16"":""2"",""E16"":""1"",""F16"":""2"",""G16"":""550"",""H16"":""1100"",""I16"":""Фиера""}",=F16*G16,Лист1!H16
I-20250401-CD70185F1D8988ED,P-2025-04-01,C-20250401-6EC975EB2EAF6B44,BI-MATERIALE Демпфер D5 мм,BI-MATERIALE Демпфер D5 мм,,hardware,3034 91,,,,,,МДМ,шт,pcs,31,31,,,,,1,7.5,232.5,,,,,"{""calculated_quantity"":{""status_codes"":[""static""],""source_cell"":""Лист1!D17""},""order_quantity"":{""status_codes"":[""static""],""source_cell"":""Лист1!F17""},""coefficient"":{""status_codes"":[""static""],""source_cell"":""Лист1!E17""},""historical_unit_price"":{""status_codes"":[""static"",""historical_price""],""source_cell"":""Лист1!G17""},""historical_line_cost"":{""status_codes"":[""derived"",""historical_price""],""source_cell"":""Лист1!H17"",""source_formula"":""=F17*G17""}}",derived;static;historical_price,source-materials/Medvedev.Works.Calc.zip,Medvedev.Works.Calc/Примеры расчетов/Кухня_01.04.25.xlsx,Лист1,A17:I17,"{""A17"":""3034 91"",""B17"":""BI-MATERIALE Демпфер D5 мм"",""C17"":""шт"",""D17"":""31"",""E17"":""1"",""F17"":""31"",""G17"":""7.5"",""H17"":""232.5"",""I17"":""МДМ""}",=F17*G17,Лист1!H17
I-20250401-1C34F5DAF3798B0A,P-2025-04-01,C-20250401-6EC975EB2EAF6B44,"FORZA FIX Заглушка эксцентрика, белая","FORZA FIX Заглушка эксцентрика, белая",,hardware,CF20PB,,,,,,МДМ,шт,pcs,12,12,,,,,1,2,24,,,,,"{""calculated_quantity"":{""status_codes"":[""static""],""source_cell"":""Лист1!D18""},""order_quantity"":{""status_codes"":[""static""],""source_cell"":""Лист1!F18""},""coefficient"":{""status_codes"":[""static""],""source_cell"":""Лист1!E18""},""historical_unit_price"":{""status_codes"":[""static"",""historical_price""],""source_cell"":""Лист1!G18""},""historical_line_cost"":{""status_codes"":[""derived"",""historical_price""],""source_cell"":""Лист1!H18"",""source_formula"":""=F18*G18""}}",derived;static;historical_price,source-materials/Medvedev.Works.Calc.zip,Medvedev.Works.Calc/Примеры расчетов/Кухня_01.04.25.xlsx,Лист1,A18:I18,"{""A18"":""CF20PB"",""B18"":""FORZA FIX Заглушка эксцентрика, белая"",""C18"":""шт"",""D18"":""12"",""E18"":""1"",""F18"":""12"",""G18"":""2"",""H18"":""24"",""I18"":""МДМ""}",=F18*G18,Лист1!H18
I-20250401-F1154752A0F3FD49,P-2025-04-01,C-20250401-6EC975EB2EAF6B44,FORZA FIX Эксцентрик для плит толщиной 16 мм,FORZA FIX Эксцентрик для плит толщиной 16 мм,,hardware,EC22ZL,,,,,,МДМ,шт,pcs,12,12,,,,,1,9.5,114,,,,,"{""calculated_quantity"":{""status_codes"":[""static""],""source_cell"":""Лист1!D19""},""order_quantity"":{""status_codes"":[""static""],""source_cell"":""Лист1!F19""},""coefficient"":{""status_codes"":[""static""],""source_cell"":""Лист1!E19""},""historical_unit_price"":{""status_codes"":[""static"",""historical_price""],""source_cell"":""Лист1!G19""},""historical_line_cost"":{""status_codes"":[""derived"",""historical_price""],""source_cell"":""Лист1!H19"",""source_formula"":""=F19*G19""}}",derived;static;historical_price,source-materials/Medvedev.Works.Calc.zip,Medvedev.Works.Calc/Примеры расчетов/Кухня_01.04.25.xlsx,Лист1,A19:I19,"{""A19"":""EC22ZL"",""B19"":""FORZA FIX Эксцентрик для плит толщиной 16 мм"",""C19"":""шт"",""D19"":""12"",""E19"":""1"",""F19"":""12"",""G19"":""9.5"",""H19"":""114"",""I19"":""МДМ""}",=F19*G19,Лист1!H19
I-20250401-C9E62327A900042D,P-2025-04-01,C-20250401-6EC975EB2EAF6B44,VB шток евровинт,VB шток евровинт,,hardware,TI17 ZL,,,,,,МДМ,шт,pcs,32,32,,,,,1,13,416,,,,,"{""calculated_quantity"":{""status_codes"":[""static""],""source_cell"":""Лист1!D20""},""order_quantity"":{""status_codes"":[""static""],""source_cell"":""Лист1!F20""},""coefficient"":{""status_codes"":[""static""],""source_cell"":""Лист1!E20""},""historical_unit_price"":{""status_codes"":[""static"",""historical_price""],""source_cell"":""Лист1!G20""},""historical_line_cost"":{""status_codes"":[""derived"",""historical_price""],""source_cell"":""Лист1!H20"",""source_formula"":""=F20*G20""}}",derived;static;historical_price,source-materials/Medvedev.Works.Calc.zip,Medvedev.Works.Calc/Примеры расчетов/Кухня_01.04.25.xlsx,Лист1,A20:I20,"{""A20"":""TI17 ZL"",""B20"":""VB шток евровинт"",""C20"":""шт"",""D20"":""32"",""E20"":""1"",""F20"":""32"",""G20"":""13"",""H20"":""416"",""I20"":""МДМ""}",=F20*G20,Лист1!H20
I-20250401-8EBC3E7327EEB241,P-2025-04-01,C-20250401-6EC975EB2EAF6B44,"VB эксцентрик в пластиковом корпусе, белый","VB эксцентрик в пластиковом корпусе, белый",,hardware,SE04PB,,,,,,МДМ,шт,pcs,32,32,,,,,1,16,512,,,,,"{""calculated_quantity"":{""status_codes"":[""static""],""source_cell"":""Лист1!D21""},""order_quantity"":{""status_codes"":[""static""],""source_cell"":""Лист1!F21""},""coefficient"":{""status_codes"":[""static""],""source_cell"":""Лист1!E21""},""historical_unit_price"":{""status_codes"":[""static"",""historical_price""],""source_cell"":""Лист1!G21""},""historical_line_cost"":{""status_codes"":[""derived"",""historical_price""],""source_cell"":""Лист1!H21"",""source_formula"":""=F21*G21""}}",derived;static;historical_price,source-materials/Medvedev.Works.Calc.zip,Medvedev.Works.Calc/Примеры расчетов/Кухня_01.04.25.xlsx,Лист1,A21:I21,"{""A21"":""SE04PB"",""B21"":""VB эксцентрик в пластиковом корпусе, белый"",""C21"":""шт"",""D21"":""32"",""E21"":""1"",""F21"":""32"",""G21"":""16"",""H21"":""512"",""I21"":""МДМ""}",=F21*G21,Лист1!H21
I-20250401-1AB2F6BB86014FFA,P-2025-04-01,C-20250401-6EC975EB2EAF6B44,Винт крепежный для пластиковой ножки,Винт крепежный для пластиковой ножки,,hardware,07.135,,,,,,МДМ,шт,pcs,28,28,,,,,1,21,588,,,,,"{""calculated_quantity"":{""status_codes"":[""static""],""source_cell"":""Лист1!D22""},""order_quantity"":{""status_codes"":[""static""],""source_cell"":""Лист1!F22""},""coefficient"":{""status_codes"":[""static""],""source_cell"":""Лист1!E22""},""historical_unit_price"":{""status_codes"":[""static"",""historical_price""],""source_cell"":""Лист1!G22""},""historical_line_cost"":{""status_codes"":[""derived"",""historical_price""],""source_cell"":""Лист1!H22"",""source_formula"":""=F22*G22""}}",derived;static;historical_price,source-materials/Medvedev.Works.Calc.zip,Medvedev.Works.Calc/Примеры расчетов/Кухня_01.04.25.xlsx,Лист1,A22:I22,"{""A22"":""07.135"",""B22"":""Винт крепежный для пластиковой ножки"",""C22"":""шт"",""D22"":""28"",""E22"":""1"",""F22"":""28"",""G22"":""21"",""H22"":""588"",""I22"":""МДМ""}",=F22*G22,Лист1!H22
I-20250401-2DF13F9C3565D097,P-2025-04-01,C-20250401-6EC975EB2EAF6B44,"Демпфер самоклеящийся D=13 мм, 20 шт.","Демпфер самоклеящийся D=13 мм, 20 шт.",,hardware,HWP-4,,,,,,МДМ,шт.,pcs,31,31,,,,,1,8.5,263.5,,,,,"{""calculated_quantity"":{""status_codes"":[""static""],""source_cell"":""Лист1!D23""},""order_quantity"":{""status_codes"":[""static""],""source_cell"":""Лист1!F23""},""coefficient"":{""status_codes"":[""static""],""source_cell"":""Лист1!E23""},""historical_unit_price"":{""status_codes"":[""static"",""historical_price""],""source_cell"":""Лист1!G23""},""historical_line_cost"":{""status_codes"":[""derived"",""historical_price""],""source_cell"":""Лист1!H23"",""source_formula"":""=F23*G23""}}",derived;static;historical_price,source-materials/Medvedev.Works.Calc.zip,Medvedev.Works.Calc/Примеры расчетов/Кухня_01.04.25.xlsx,Лист1,A23:I23,"{""A23"":""HWP-4"",""B23"":""Демпфер самоклеящийся D=13 мм, 20 шт."",""C23"":""шт."",""D23"":""31"",""E23"":""1"",""F23"":""31"",""G23"":""8.5"",""H23"":""263.5"",""I23"":""МДМ""}",=F23*G23,Лист1!H23
I-20250401-2EC5F2873155F3F3,P-2025-04-01,C-20250401-6EC975EB2EAF6B44,Евровинт 6х11.5,Евровинт 6х11.5,,hardware,EC 6.0X11.5,,,,,,МДМ,шт,pcs,36,36,,,,,1,1.5,54,,,,,"{""calculated_quantity"":{""status_codes"":[""static""],""source_cell"":""Лист1!D24""},""order_quantity"":{""status_codes"":[""static""],""source_cell"":""Лист1!F24""},""coefficient"":{""status_codes"":[""static""],""source_cell"":""Лист1!E24""},""historical_unit_price"":{""status_codes"":[""static"",""historical_price""],""source_cell"":""Лист1!G24""},""historical_line_cost"":{""status_codes"":[""derived"",""historical_price""],""source_cell"":""Лист1!H24"",""source_formula"":""=F24*G24""}}",derived;static;historical_price,source-materials/Medvedev.Works.Calc.zip,Medvedev.Works.Calc/Примеры расчетов/Кухня_01.04.25.xlsx,Лист1,A24:I24,"{""A24"":""EC 6.0X11.5"",""B24"":""Евровинт 6х11.5"",""C24"":""шт"",""D24"":""36"",""E24"":""1"",""F24"":""36"",""G24"":""1.5"",""H24"":""54"",""I24"":""МДМ""}",=F24*G24,Лист1!H24
I-20250401-D33ECF486C5C13FB,P-2025-04-01,C-20250401-6EC975EB2EAF6B44,Евровинт 7х50,Евровинт 7х50,,hardware,"KON 7,0X50 IB",,,,,,МДМ,шт,pcs,56,56,,,,,1,6,336,,,,,"{""calculated_quantity"":{""status_codes"":[""static""],""source_cell"":""Лист1!D25""},""order_quantity"":{""status_codes"":[""static""],""source_cell"":""Лист1!F25""},""coefficient"":{""status_codes"":[""static""],""source_cell"":""Лист1!E25""},""historical_unit_price"":{""status_codes"":[""static"",""historical_price""],""source_cell"":""Лист1!G25""},""historical_line_cost"":{""status_codes"":[""derived"",""historical_price""],""source_cell"":""Лист1!H25"",""source_formula"":""=F25*G25""}}",derived;static;historical_price,source-materials/Medvedev.Works.Calc.zip,Medvedev.Works.Calc/Примеры расчетов/Кухня_01.04.25.xlsx,Лист1,A25:I25,"{""A25"":""KON 7,0X50 IB"",""B25"":""Евровинт 7х50"",""C25"":""шт"",""D25"":""56"",""E25"":""1"",""F25"":""56"",""G25"":""6"",""H25"":""336"",""I25"":""МДМ""}",=F25*G25,Лист1!H25
I-20250401-5E833C959B72323F,P-2025-04-01,C-20250401-6EC975EB2EAF6B44,Клипса для пластикого цоколя,Клипса для пластикого цоколя,,hardware,06.151,,,,,,МДМ,шт.,pcs,14,14,,,,,1,10,140,,,,,"{""calculated_quantity"":{""status_codes"":[""static""],""source_cell"":""Лист1!D26""},""order_quantity"":{""status_codes"":[""static""],""source_cell"":""Лист1!F26""},""coefficient"":{""status_codes"":[""static""],""source_cell"":""Лист1!E26""},""historical_unit_price"":{""status_codes"":[""static"",""historical_price""],""source_cell"":""Лист1!G26""},""historical_line_cost"":{""status_codes"":[""derived"",""historical_price""],""source_cell"":""Лист1!H26"",""source_formula"":""=F26*G26""}}",derived;static;historical_price,source-materials/Medvedev.Works.Calc.zip,Medvedev.Works.Calc/Примеры расчетов/Кухня_01.04.25.xlsx,Лист1,A26:I26,"{""A26"":""06.151"",""B26"":""Клипса для пластикого цоколя"",""C26"":""шт."",""D26"":""14"",""E26"":""1"",""F26"":""14"",""G26"":""10"",""H26"":""140"",""I26"":""МДМ""}",=F26*G26,Лист1!H26
I-20250401-A6F02708630D9EF3,P-2025-04-01,C-20250401-6EC975EB2EAF6B44,"Ножка пластиковая неразборная, высота 100 мм","Ножка пластиковая неразборная, высота 100 мм",,hardware,02.A100.NR,,,,,,МДМ,шт.,pcs,28,28,,,,,1,46.5,1302,,,,,"{""calculated_quantity"":{""status_codes"":[""static""],""source_cell"":""Лист1!D27""},""order_quantity"":{""status_codes"":[""static""],""source_cell"":""Лист1!F27""},""coefficient"":{""status_codes"":[""static""],""source_cell"":""Лист1!E27""},""historical_unit_price"":{""status_codes"":[""static"",""historical_price""],""source_cell"":""Лист1!G27""},""historical_line_cost"":{""status_codes"":[""derived"",""historical_price""],""source_cell"":""Лист1!H27"",""source_formula"":""=F27*G27""}}",derived;static;historical_price,source-materials/Medvedev.Works.Calc.zip,Medvedev.Works.Calc/Примеры расчетов/Кухня_01.04.25.xlsx,Лист1,A27:I27,"{""A27"":""02.A100.NR"",""B27"":""Ножка пластиковая неразборная, высота 100 мм"",""C27"":""шт."",""D27"":""28"",""E27"":""1"",""F27"":""28"",""G27"":""46.5"",""H27"":""1302"",""I27"":""МДМ""}",=F27*G27,Лист1!H27
I-20250401-CCB763B0D236B9F7,P-2025-04-01,C-20250401-6EC975EB2EAF6B44,Шкант 8х30,Шкант 8х30,,hardware,8 X 30К,,,,,,МДМ,шт,pcs,32,32,,,,,1,0.6,19.2,,,,,"{""calculated_quantity"":{""status_codes"":[""static""],""source_cell"":""Лист1!D28""},""order_quantity"":{""status_codes"":[""static""],""source_cell"":""Лист1!F28""},""coefficient"":{""status_codes"":[""static""],""source_cell"":""Лист1!E28""},""historical_unit_price"":{""status_codes"":[""static"",""historical_price""],""source_cell"":""Лист1!G28""},""historical_line_cost"":{""status_codes"":[""derived"",""historical_price""],""source_cell"":""Лист1!H28"",""source_formula"":""=F28*G28""}}",derived;static;historical_price,source-materials/Medvedev.Works.Calc.zip,Medvedev.Works.Calc/Примеры расчетов/Кухня_01.04.25.xlsx,Лист1,A28:I28,"{""A28"":""8 X 30К"",""B28"":""Шкант 8х30"",""C28"":""шт"",""D28"":""32"",""E28"":""1"",""F28"":""32"",""G28"":""0.6"",""H28"":""19.2"",""I28"":""МДМ""}",=F28*G28,Лист1!H28
I-20250401-622C31FF7E13C11F,P-2025-04-01,C-20250401-6EC975EB2EAF6B44,Шток эксцентрика евровинт (34 мм),Шток эксцентрика евровинт (34 мм),,hardware,TE01,,,,,,МДМ,шт,pcs,12,12,,,,,1,10.5,126,,,,,"{""calculated_quantity"":{""status_codes"":[""static""],""source_cell"":""Лист1!D29""},""order_quantity"":{""status_codes"":[""static""],""source_cell"":""Лист1!F29""},""coefficient"":{""status_codes"":[""static""],""source_cell"":""Лист1!E29""},""historical_unit_price"":{""status_codes"":[""static"",""historical_price""],""source_cell"":""Лист1!G29""},""historical_line_cost"":{""status_codes"":[""derived"",""historical_price""],""source_cell"":""Лист1!H29"",""source_formula"":""=F29*G29""}}",derived;static;historical_price,source-materials/Medvedev.Works.Calc.zip,Medvedev.Works.Calc/Примеры расчетов/Кухня_01.04.25.xlsx,Лист1,A29:I29,"{""A29"":""TE01"",""B29"":""Шток эксцентрика евровинт (34 мм)"",""C29"":""шт"",""D29"":""12"",""E29"":""1"",""F29"":""12"",""G29"":""10.5"",""H29"":""126"",""I29"":""МДМ""}",=F29*G29,Лист1!H29
I-20250401-CB1696A87891558F,P-2025-04-01,C-20250401-6EC975EB2EAF6B44,Присадка,Присадка,,work,,,,,,,,,,,,,,,,,,5728,,,,,"{""historical_line_cost"":{""status_codes"":[""static"",""historical_price""],""source_cell"":""Лист1!H30""}}",static;historical_price,source-materials/Medvedev.Works.Calc.zip,Medvedev.Works.Calc/Примеры расчетов/Кухня_01.04.25.xlsx,Лист1,B30:H30,"{""B30"":""Присадка"",""H30"":""5728""}",,
I-20250401-6CAC38AB792A8F57,P-2025-04-01,C-20250401-6EC975EB2EAF6B44,Раскрой,Раскрой,,work,,,,,,,,,,,,,,,,,,6140,,,,,"{""historical_line_cost"":{""status_codes"":[""static"",""historical_price""],""source_cell"":""Лист1!H31""}}",static;historical_price,source-materials/Medvedev.Works.Calc.zip,Medvedev.Works.Calc/Примеры расчетов/Кухня_01.04.25.xlsx,Лист1,B31:H31,"{""B31"":""Раскрой"",""H31"":""6140""}",,
I-20250401-40FA8EDCA0A5C546,P-2025-04-01,C-20250401-6EC975EB2EAF6B44,Упаковка,Упаковка,,work,,,,,,,,,,,,,,,,,,3208,,,,,"{""historical_line_cost"":{""status_codes"":[""static"",""historical_price""],""source_cell"":""Лист1!H32""}}",static;historical_price,source-materials/Medvedev.Works.Calc.zip,Medvedev.Works.Calc/Примеры расчетов/Кухня_01.04.25.xlsx,Лист1,B32:H32,"{""B32"":""Упаковка"",""H32"":""3208""}",,
I-20250401-E166355571763F8A,P-2025-04-01,C-20250401-6EC975EB2EAF6B44,,Итого компонента «Корпус»,,subtotal,,,,,,,,,,,,,,,,,,52492.6,,,,,"{""historical_line_cost"":{""status_codes"":[""derived"",""historical_price""],""source_cell"":""Лист1!H33"",""source_formula"":""=SUM(H6:H32)""}}",derived;historical_price,source-materials/Medvedev.Works.Calc.zip,Medvedev.Works.Calc/Примеры расчетов/Кухня_01.04.25.xlsx,Лист1,H33,"{""H33"":""52492.6""}",=SUM(H6:H32),Лист1!H33
I-20250401-05891964202132FA,P-2025-04-01,C-20250401-478AAD077324AFFF,Монтаж бытовой техники,Монтаж бытовой техники,"Компонент ""Установка""",installation,,,,,,,,,,3,,,,,,,1000,3000,,,,,"{""calculated_quantity"":{""status_codes"":[""static""],""source_cell"":""Лист1!L6""},""historical_unit_price"":{""status_codes"":[""static"",""historical_price""],""source_cell"":""Лист1!M6""},""historical_line_cost"":{""status_codes"":[""derived"",""historical_price""],""source_cell"":""Лист1!N6"",""source_formula"":""=L6*M6""}}",derived;static;historical_price,source-materials/Medvedev.Works.Calc.zip,Medvedev.Works.Calc/Примеры расчетов/Кухня_01.04.25.xlsx,Лист1,K6:N6,"{""K6"":""Монтаж бытовой техники"",""L6"":""3"",""M6"":""1000"",""N6"":""3000""}",=L6*M6,Лист1!N6
I-20250401-EDAC2F5C4A7D70F1,P-2025-04-01,C-20250401-478AAD077324AFFF,Монтаж встраиваемой техники,Монтаж встраиваемой техники,"Компонент ""Установка""",installation,,,,,,,,,,3,,,,,,,3000,9000,,,,,"{""calculated_quantity"":{""status_codes"":[""static""],""source_cell"":""Лист1!L7""},""historical_unit_price"":{""status_codes"":[""static"",""historical_price""],""source_cell"":""Лист1!M7""},""historical_line_cost"":{""status_codes"":[""derived"",""historical_price""],""source_cell"":""Лист1!N7"",""source_formula"":""=L7*M7""}}",derived;static;historical_price,source-materials/Medvedev.Works.Calc.zip,Medvedev.Works.Calc/Примеры расчетов/Кухня_01.04.25.xlsx,Лист1,K7:N7,"{""K7"":""Монтаж встраиваемой техники"",""L7"":""3"",""M7"":""3000"",""N7"":""9000""}",=L7*M7,Лист1!N7
I-20250401-14ED98FEC2685FDC,P-2025-04-01,C-20250401-478AAD077324AFFF,Монтаж мойки,Монтаж мойки,"Компонент ""Установка""",installation,,,,,,,,,,1,,,,,,,1600,1600,,,,,"{""calculated_quantity"":{""status_codes"":[""static""],""source_cell"":""Лист1!L8""},""historical_unit_price"":{""status_codes"":[""static"",""historical_price""],""source_cell"":""Лист1!M8""},""historical_line_cost"":{""status_codes"":[""derived"",""historical_price""],""source_cell"":""Лист1!N8"",""source_formula"":""=L8*M8""}}",derived;static;historical_price,source-materials/Medvedev.Works.Calc.zip,Medvedev.Works.Calc/Примеры расчетов/Кухня_01.04.25.xlsx,Лист1,K8:N8,"{""K8"":""Монтаж мойки"",""L8"":""1"",""M8"":""1600"",""N8"":""1600""}",=L8*M8,Лист1!N8
I-20250401-1AE394FC20ECC8CF,P-2025-04-01,C-20250401-478AAD077324AFFF,Монтаж направляющих ящиков,Монтаж направляющих ящиков,"Компонент ""Установка""",installation,,,,,,,,,,9,,,,,,,400,3600,,,,,"{""calculated_quantity"":{""status_codes"":[""static""],""source_cell"":""Лист1!L9""},""historical_unit_price"":{""status_codes"":[""static"",""historical_price""],""source_cell"":""Лист1!M9""},""historical_line_cost"":{""status_codes"":[""derived"",""historical_price""],""source_cell"":""Лист1!N9"",""source_formula"":""=L9*M9""}}",derived;static;historical_price,source-materials/Medvedev.Works.Calc.zip,Medvedev.Works.Calc/Примеры расчетов/Кухня_01.04.25.xlsx,Лист1,K9:N9,"{""K9"":""Монтаж направляющих ящиков"",""L9"":""9"",""M9"":""400"",""N9"":""3600""}",=L9*M9,Лист1!N9
I-20250401-ADFD067497DEEF40,P-2025-04-01,C-20250401-478AAD077324AFFF,Монтаж опор,Монтаж опор,"Компонент ""Установка""",installation,,,,,,,,,,28,,,,,,,300,8400,,,,,"{""calculated_quantity"":{""status_codes"":[""static""],""source_cell"":""Лист1!L10""},""historical_unit_price"":{""status_codes"":[""static"",""historical_price""],""source_cell"":""Лист1!M10""},""historical_line_cost"":{""status_codes"":[""derived"",""historical_price""],""source_cell"":""Лист1!N10"",""source_formula"":""=L10*M10""}}",derived;static;historical_price,source-materials/Medvedev.Works.Calc.zip,Medvedev.Works.Calc/Примеры расчетов/Кухня_01.04.25.xlsx,Лист1,K10:N10,"{""K10"":""Монтаж опор"",""L10"":""28"",""M10"":""300"",""N10"":""8400""}",=L10*M10,Лист1!N10
I-20250401-5E9816C57863CDF5,P-2025-04-01,C-20250401-478AAD077324AFFF,Монтаж панелей в изделии,Монтаж панелей в изделии,"Компонент ""Установка""",installation,,,,,,,,,,85,,,,,,,300,25500,,,,,"{""calculated_quantity"":{""status_codes"":[""static""],""source_cell"":""Лист1!L11""},""historical_unit_price"":{""status_codes"":[""static"",""historical_price""],""source_cell"":""Лист1!M11""},""historical_line_cost"":{""status_codes"":[""derived"",""historical_price""],""source_cell"":""Лист1!N11"",""source_formula"":""=L11*M11""}}",derived;static;historical_price,source-materials/Medvedev.Works.Calc.zip,Medvedev.Works.Calc/Примеры расчетов/Кухня_01.04.25.xlsx,Лист1,K11:N11,"{""K11"":""Монтаж панелей в изделии"",""L11"":""85"",""M11"":""300"",""N11"":""25500""}",=L11*M11,Лист1!N11
I-20250401-1A35B7A4C6B9BE33,P-2025-04-01,C-20250401-478AAD077324AFFF,Монтаж петель,Монтаж петель,"Компонент ""Установка""",installation,,,,,,,,,,13,,,,,,,300,3900,,,,,"{""calculated_quantity"":{""status_codes"":[""static""],""source_cell"":""Лист1!L12""},""historical_unit_price"":{""status_codes"":[""static"",""historical_price""],""source_cell"":""Лист1!M12""},""historical_line_cost"":{""status_codes"":[""derived"",""historical_price""],""source_cell"":""Лист1!N12"",""source_formula"":""=L12*M12""}}",derived;static;historical_price,source-materials/Medvedev.Works.Calc.zip,Medvedev.Works.Calc/Примеры расчетов/Кухня_01.04.25.xlsx,Лист1,K12:N12,"{""K12"":""Монтаж петель"",""L12"":""13"",""M12"":""300"",""N12"":""3900""}",=L12*M12,Лист1!N12
I-20250401-0C90B6FDC38720A9,P-2025-04-01,C-20250401-478AAD077324AFFF,Регулировка фасадов,Регулировка фасадов,"Компонент ""Установка""",installation,,,,,,,,,,16,,,,,,,300,4800,,,,,"{""calculated_quantity"":{""status_codes"":[""static""],""source_cell"":""Лист1!L13""},""historical_unit_price"":{""status_codes"":[""static"",""historical_price""],""source_cell"":""Лист1!M13""},""historical_line_cost"":{""status_codes"":[""derived"",""historical_price""],""source_cell"":""Лист1!N13"",""source_formula"":""=L13*M13""}}",derived;static;historical_price,source-materials/Medvedev.Works.Calc.zip,Medvedev.Works.Calc/Примеры расчетов/Кухня_01.04.25.xlsx,Лист1,K13:N13,"{""K13"":""Регулировка фасадов"",""L13"":""16"",""M13"":""300"",""N13"":""4800""}",=L13*M13,Лист1!N13
I-20250401-EE44C8377FA474E5,P-2025-04-01,C-20250401-478AAD077324AFFF,,Итого компонента «Установка»,,subtotal,,,,,,,,,,,,,,,,,,59800,,,,,"{""historical_line_cost"":{""status_codes"":[""derived"",""historical_price""],""source_cell"":""Лист1!N14"",""source_formula"":""=SUM(N6:N13)""}}",derived;historical_price,source-materials/Medvedev.Works.Calc.zip,Medvedev.Works.Calc/Примеры расчетов/Кухня_01.04.25.xlsx,Лист1,N14,"{""N14"":""59800""}",=SUM(N6:N13),Лист1!N14
I-20250401-B20DC9FE087BA38F,P-2025-04-01,C-20250401-EAA592D37C08BD2F,"LEGRABOX pure в сборе (F 241, 500 мм)","LEGRABOX pure в сборе (F 241, 500 мм)",,hardware,,,,,,,Фиера,компл.,set,8,8,,,,,1,14100,112800,,,,,"{""calculated_quantity"":{""status_codes"":[""static""],""source_cell"":""Лист1!D38""},""order_quantity"":{""status_codes"":[""static""],""source_cell"":""Лист1!F38""},""coefficient"":{""status_codes"":[""static""],""source_cell"":""Лист1!E38""},""historical_unit_price"":{""status_codes"":[""static"",""historical_price""],""source_cell"":""Лист1!G38""},""historical_line_cost"":{""status_codes"":[""derived"",""historical_price""],""source_cell"":""Лист1!H38"",""source_formula"":""=F38*G38""}}",derived;static;historical_price,source-materials/Medvedev.Works.Calc.zip,Medvedev.Works.Calc/Примеры расчетов/Кухня_01.04.25.xlsx,Лист1,A38:I38,"{""B38"":""LEGRABOX pure в сборе (F 241, 500 мм)"",""C38"":""компл."",""D38"":""8"",""E38"":""1"",""F38"":""8"",""G38"":""14100"",""H38"":""112800"",""I38"":""Фиера""}",=F38*G38,Лист1!H38
I-20250401-1FBF4639968B481F,P-2025-04-01,C-20250401-EAA592D37C08BD2F,Выдвижная корзина-сушка CARMA KRS05/1/3/900,Выдвижная корзина-сушка CARMA KRS05/1/3/900,,hardware,KRS05/1/3/900,,,,,,Боярд,компл.,set,1,1,,,,,1,13748,13748,,,,,"{""calculated_quantity"":{""status_codes"":[""static""],""source_cell"":""Лист1!D39""},""order_quantity"":{""status_codes"":[""static""],""source_cell"":""Лист1!F39""},""coefficient"":{""status_codes"":[""static""],""source_cell"":""Лист1!E39""},""historical_unit_price"":{""status_codes"":[""static"",""historical_price""],""source_cell"":""Лист1!G39""},""historical_line_cost"":{""status_codes"":[""derived"",""historical_price""],""source_cell"":""Лист1!H39"",""source_formula"":""=F39*G39""}}",derived;static;historical_price,source-materials/Medvedev.Works.Calc.zip,Medvedev.Works.Calc/Примеры расчетов/Кухня_01.04.25.xlsx,Лист1,A39:I39,"{""A39"":""KRS05/1/3/900"",""B39"":""Выдвижная корзина-сушка CARMA KRS05/1/3/900"",""C39"":""компл."",""D39"":""1"",""E39"":""1"",""F39"":""1"",""G39"":""13748"",""H39"":""13748"",""I39"":""Боярд""}",=F39*G39,Лист1!H39
I-20250401-D0341C090E592499,P-2025-04-01,C-20250401-EAA592D37C08BD2F,,Итого варианта ящиков №1,,subtotal,,,,,,,,,,,,,,,,,,126548,,,,,"{""historical_line_cost"":{""status_codes"":[""derived"",""historical_price""],""source_cell"":""Лист1!H40"",""source_formula"":""=SUM(H38:H39)""}}",derived;historical_price,source-materials/Medvedev.Works.Calc.zip,Medvedev.Works.Calc/Примеры расчетов/Кухня_01.04.25.xlsx,Лист1,H40,"{""H40"":""126548""}",=SUM(H38:H39),Лист1!H40
I-20250401-720CD116CE1B5BCA,P-2025-04-01,C-20250401-655014B85127E375,"ANDEMBOX Antaro в сборе (D 224, 500 мм)","ANDEMBOX Antaro в сборе (D 224, 500 мм)",,hardware,,,,,,,Фиера,компл.,set,8,8,,,,,1,7424,59392,,,,,"{""calculated_quantity"":{""status_codes"":[""static""],""source_cell"":""Лист1!D43""},""order_quantity"":{""status_codes"":[""static""],""source_cell"":""Лист1!F43""},""coefficient"":{""status_codes"":[""static""],""source_cell"":""Лист1!E43""},""historical_unit_price"":{""status_codes"":[""static"",""historical_price""],""source_cell"":""Лист1!G43""},""historical_line_cost"":{""status_codes"":[""derived"",""historical_price""],""source_cell"":""Лист1!H43"",""source_formula"":""=F43*G43""}}",derived;static;historical_price,source-materials/Medvedev.Works.Calc.zip,Medvedev.Works.Calc/Примеры расчетов/Кухня_01.04.25.xlsx,Лист1,A43:I43,"{""B43"":""ANDEMBOX Antaro в сборе (D 224, 500 мм)"",""C43"":""компл."",""D43"":""8"",""E43"":""1"",""F43"":""8"",""G43"":""7424"",""H43"":""59392"",""I43"":""Фиера""}",=F43*G43,Лист1!H43
I-20250401-9B4D4E85ABFE4AE4,P-2025-04-01,C-20250401-655014B85127E375,Выдвижная корзина-сушка CARMA KRS05/1/3/900,Выдвижная корзина-сушка CARMA KRS05/1/3/900,,hardware,KRS05/1/3/900,,,,,,Боярд,компл.,set,1,1,,,,,1,13748,13748,,,,,"{""calculated_quantity"":{""status_codes"":[""static""],""source_cell"":""Лист1!D44""},""order_quantity"":{""status_codes"":[""static""],""source_cell"":""Лист1!F44""},""coefficient"":{""status_codes"":[""static""],""source_cell"":""Лист1!E44""},""historical_unit_price"":{""status_codes"":[""static"",""historical_price""],""source_cell"":""Лист1!G44""},""historical_line_cost"":{""status_codes"":[""derived"",""historical_price""],""source_cell"":""Лист1!H44"",""source_formula"":""=F44*G44""}}",derived;static;historical_price,source-materials/Medvedev.Works.Calc.zip,Medvedev.Works.Calc/Примеры расчетов/Кухня_01.04.25.xlsx,Лист1,A44:I44,"{""A44"":""KRS05/1/3/900"",""B44"":""Выдвижная корзина-сушка CARMA KRS05/1/3/900"",""C44"":""компл."",""D44"":""1"",""E44"":""1"",""F44"":""1"",""G44"":""13748"",""H44"":""13748"",""I44"":""Боярд""}",=F44*G44,Лист1!H44
I-20250401-DD08C0016A6AF898,P-2025-04-01,C-20250401-655014B85127E375,,Итого варианта ящиков №2,,subtotal,,,,,,,,,,,,,,,,,,73140,,,,,"{""historical_line_cost"":{""status_codes"":[""derived"",""historical_price""],""source_cell"":""Лист1!H45"",""source_formula"":""=SUM(H43:H44)""}}",derived;historical_price,source-materials/Medvedev.Works.Calc.zip,Medvedev.Works.Calc/Примеры расчетов/Кухня_01.04.25.xlsx,Лист1,H45,"{""H45"":""73140""}",=SUM(H43:H44),Лист1!H45
I-20250401-07718AD136E7229E,P-2025-04-01,C-20250401-6EB83D327C85AC20,СТАРТ SOFT с прямыми боковинами высокий SB20W.1/500,СТАРТ SOFT с прямыми боковинами высокий SB20W.1/500,,hardware,SB20W.1/500,,,,,,Боярд,компл.,set,8,8,,,,,1,3393,27144,,,,,"{""calculated_quantity"":{""status_codes"":[""static""],""source_cell"":""Лист1!D49""},""order_quantity"":{""status_codes"":[""static""],""source_cell"":""Лист1!F49""},""coefficient"":{""status_codes"":[""static""],""source_cell"":""Лист1!E49""},""historical_unit_price"":{""status_codes"":[""static"",""historical_price""],""source_cell"":""Лист1!G49""},""historical_line_cost"":{""status_codes"":[""derived"",""historical_price""],""source_cell"":""Лист1!H49"",""source_formula"":""=F49*G49""}}",derived;static;historical_price,source-materials/Medvedev.Works.Calc.zip,Medvedev.Works.Calc/Примеры расчетов/Кухня_01.04.25.xlsx,Лист1,A49:I49,"{""A49"":""SB20W.1/500"",""B49"":""СТАРТ SOFT с прямыми боковинами высокий SB20W.1/500"",""C49"":""компл."",""D49"":""8"",""E49"":""1"",""F49"":""8"",""G49"":""3393"",""H49"":""27144"",""I49"":""Боярд""}",=F49*G49,Лист1!H49
I-20250401-8354B9AEC6906613,P-2025-04-01,C-20250401-6EB83D327C85AC20,BARRA Корзина одноуровневая 900мм,BARRA Корзина одноуровневая 900мм,,hardware,PKA901SLCH,,,,,,МДМ,компл.,set,1,1,,,,,1,8259,8259,,,,,"{""calculated_quantity"":{""status_codes"":[""static""],""source_cell"":""Лист1!D50""},""order_quantity"":{""status_codes"":[""static""],""source_cell"":""Лист1!F50""},""coefficient"":{""status_codes"":[""static""],""source_cell"":""Лист1!E50""},""historical_unit_price"":{""status_codes"":[""static"",""historical_price""],""source_cell"":""Лист1!G50""},""historical_line_cost"":{""status_codes"":[""derived"",""historical_price""],""source_cell"":""Лист1!H50"",""source_formula"":""=F50*G50""}}",derived;static;historical_price,source-materials/Medvedev.Works.Calc.zip,Medvedev.Works.Calc/Примеры расчетов/Кухня_01.04.25.xlsx,Лист1,A50:I50,"{""A50"":""PKA901SLCH"",""B50"":""BARRA Корзина одноуровневая 900мм"",""C50"":""компл."",""D50"":""1"",""E50"":""1"",""F50"":""1"",""G50"":""8259"",""H50"":""8259"",""I50"":""МДМ""}",=F50*G50,Лист1!H50
I-20250401-B97FEA50BAAFD37F,P-2025-04-01,C-20250401-6EB83D327C85AC20,,Итого варианта ящиков №3,,subtotal,,,,,,,,,,,,,,,,,,35403,,,,,"{""historical_line_cost"":{""status_codes"":[""derived"",""historical_price""],""source_cell"":""Лист1!H51"",""source_formula"":""=SUM(H49:H50)""}}",derived;historical_price,source-materials/Medvedev.Works.Calc.zip,Medvedev.Works.Calc/Примеры расчетов/Кухня_01.04.25.xlsx,Лист1,H51,"{""H51"":""35403""}",=SUM(H49:H50),Лист1!H51
I-20250401-B78B82024E26FDDB,P-2025-04-01,C-20250401-2B8A971E18625AE3,"МДФ Шпонированный с 2-ух сторон, Декор планки","МДФ Шпонированный с 2-ух сторон, Декор планки",,facade,,"МДФ Шпонированный с 2-ух сторон, Декор планки","МДФ Шпонированный с 2-ух сторон, Декор планки",,,,Решетников,кв.м,m2,0.83,1,,,,,1.15,13000,13000,,,,,"{""calculated_quantity"":{""status_codes"":[""static""],""source_cell"":""Лист1!D56""},""order_quantity"":{""status_codes"":[""static""],""source_cell"":""Лист1!F56""},""coefficient"":{""status_codes"":[""static""],""source_cell"":""Лист1!E56""},""historical_unit_price"":{""status_codes"":[""static"",""historical_price""],""source_cell"":""Лист1!G56""},""historical_line_cost"":{""status_codes"":[""derived"",""historical_price""],""source_cell"":""Лист1!H56"",""source_formula"":""=F56*G56""}}",derived;static;historical_price,source-materials/Medvedev.Works.Calc.zip,Medvedev.Works.Calc/Примеры расчетов/Кухня_01.04.25.xlsx,Лист1,A56:I56,"{""A56"":"""",""B56"":""МДФ Шпонированный с 2-ух сторон, Декор планки"",""C56"":""кв.м"",""D56"":""0.83"",""E56"":""1.15"",""F56"":""1"",""G56"":""13000"",""H56"":""13000"",""I56"":""Решетников""}",=F56*G56,Лист1!H56
I-20250401-ECE81784C3B8C0BE,P-2025-04-01,C-20250401-2B8A971E18625AE3,МДФ 16мм Шпонированный с 2-ух сторон,МДФ 16мм Шпонированный с 2-ух сторон,,facade,,МДФ 16мм Шпонированный с 2-ух сторон,МДФ 16мм Шпонированный с 2-ух сторон,16,,,Решетников,кв.м,m2,6.44,7.5,,,,,1.15,13000,97500,,,,,"{""thickness_mm"":{""status_codes"":[""static""],""source_cell"":""Лист1!B57""},""calculated_quantity"":{""status_codes"":[""static""],""source_cell"":""Лист1!D57""},""order_quantity"":{""status_codes"":[""static""],""source_cell"":""Лист1!F57""},""coefficient"":{""status_codes"":[""static""],""source_cell"":""Лист1!E57""},""historical_unit_price"":{""status_codes"":[""static"",""historical_price""],""source_cell"":""Лист1!G57""},""historical_line_cost"":{""status_codes"":[""derived"",""historical_price""],""source_cell"":""Лист1!H57"",""source_formula"":""=F57*G57""}}",derived;static;historical_price,source-materials/Medvedev.Works.Calc.zip,Medvedev.Works.Calc/Примеры расчетов/Кухня_01.04.25.xlsx,Лист1,A57:I57,"{""A57"":"""",""B57"":""МДФ 16мм Шпонированный с 2-ух сторон"",""C57"":""кв.м"",""D57"":""6.44"",""E57"":""1.15"",""F57"":""7.5"",""G57"":""13000"",""H57"":""97500"",""I57"":""Решетников""}",=F57*G57,Лист1!H57
I-20250401-E13F31CB70E39CA9,P-2025-04-01,C-20250401-2B8A971E18625AE3,МДФ 19мм Шпонированный с 2-ух сторон,МДФ 19мм Шпонированный с 2-ух сторон,,facade,,МДФ 19мм Шпонированный с 2-ух сторон,МДФ 19мм Шпонированный с 2-ух сторон,19,,,Решетников,кв.м,m2,4.06,5,,,,,1.15,13000,65000,,,,,"{""thickness_mm"":{""status_codes"":[""static""],""source_cell"":""Лист1!B58""},""calculated_quantity"":{""status_codes"":[""static""],""source_cell"":""Лист1!D58""},""order_quantity"":{""status_codes"":[""static""],""source_cell"":""Лист1!F58""},""coefficient"":{""status_codes"":[""static""],""source_cell"":""Лист1!E58""},""historical_unit_price"":{""status_codes"":[""static"",""historical_price""],""source_cell"":""Лист1!G58""},""historical_line_cost"":{""status_codes"":[""derived"",""historical_price""],""source_cell"":""Лист1!H58"",""source_formula"":""=F58*G58""}}",derived;static;historical_price,source-materials/Medvedev.Works.Calc.zip,Medvedev.Works.Calc/Примеры расчетов/Кухня_01.04.25.xlsx,Лист1,A58:I58,"{""A58"":"""",""B58"":""МДФ 19мм Шпонированный с 2-ух сторон"",""C58"":""кв.м"",""D58"":""4.06"",""E58"":""1.15"",""F58"":""5"",""G58"":""13000"",""H58"":""65000"",""I58"":""Решетников""}",=F58*G58,Лист1!H58
I-20250401-D97694C32219BFDC,P-2025-04-01,C-20250401-2B8A971E18625AE3,МДФ 16мм матовая эмаль с 1 стороны,МДФ 16мм матовая эмаль с 1 стороны,,facade,,МДФ 16мм матовая эмаль с 1 стороны,МДФ 16мм матовая эмаль с 1 стороны,16,,,,кв.м,m2,2.62,3,,,,,1.15,6000,18000,,,,,"{""thickness_mm"":{""status_codes"":[""static""],""source_cell"":""Лист1!B59""},""calculated_quantity"":{""status_codes"":[""static""],""source_cell"":""Лист1!D59""},""order_quantity"":{""status_codes"":[""static""],""source_cell"":""Лист1!F59""},""coefficient"":{""status_codes"":[""static""],""source_cell"":""Лист1!E59""},""historical_unit_price"":{""status_codes"":[""static"",""historical_price""],""source_cell"":""Лист1!G59""},""historical_line_cost"":{""status_codes"":[""derived"",""historical_price""],""source_cell"":""Лист1!H59"",""source_formula"":""=F59*G59""}}",derived;static;historical_price,source-materials/Medvedev.Works.Calc.zip,Medvedev.Works.Calc/Примеры расчетов/Кухня_01.04.25.xlsx,Лист1,A59:I59,"{""A59"":"""",""B59"":""МДФ 16мм матовая эмаль с 1 стороны"",""C59"":""кв.м"",""D59"":""2.62"",""E59"":""1.15"",""F59"":""3"",""G59"":""6000"",""H59"":""18000"",""I59"":""""}",=F59*G59,Лист1!H59
I-20250401-35BFCB3E3BA4092F,P-2025-04-01,C-20250401-2B8A971E18625AE3,"МДФ 19мм фрезерованый, матовая эмаль с 1 стороны","МДФ 19мм фрезерованый, матовая эмаль с 1 стороны",,facade,,"МДФ 19мм фрезерованый, матовая эмаль с 1 стороны","МДФ 19мм фрезерованый, матовая эмаль с 1 стороны",19,,,,кв.м,m2,1.6,2,,,,,1.15,14000,28000,,,,,"{""thickness_mm"":{""status_codes"":[""static""],""source_cell"":""Лист1!B60""},""calculated_quantity"":{""status_codes"":[""static""],""source_cell"":""Лист1!D60""},""order_quantity"":{""status_codes"":[""static""],""source_cell"":""Лист1!F60""},""coefficient"":{""status_codes"":[""static""],""source_cell"":""Лист1!E60""},""historical_unit_price"":{""status_codes"":[""static"",""historical_price""],""source_cell"":""Лист1!G60""},""historical_line_cost"":{""status_codes"":[""derived"",""historical_price""],""source_cell"":""Лист1!H60"",""source_formula"":""=F60*G60""}}",derived;static;historical_price,source-materials/Medvedev.Works.Calc.zip,Medvedev.Works.Calc/Примеры расчетов/Кухня_01.04.25.xlsx,Лист1,A60:I60,"{""A60"":"""",""B60"":""МДФ 19мм фрезерованый, матовая эмаль с 1 стороны"",""C60"":""кв.м"",""D60"":""1.6"",""E60"":""1.15"",""F60"":""2"",""G60"":""14000"",""H60"":""28000"",""I60"":""""}",=F60*G60,Лист1!H60
I-20250401-E0319ACF3C497CAA,P-2025-04-01,C-20250401-2B8A971E18625AE3,,Итого варианта фасадов №1,,subtotal,,,,,,,,,,,,,,,,,,221500,,,,,"{""historical_line_cost"":{""status_codes"":[""derived"",""historical_price""],""source_cell"":""Лист1!H61"",""source_formula"":""=SUM(H56:H60)""}}",derived;historical_price,source-materials/Medvedev.Works.Calc.zip,Medvedev.Works.Calc/Примеры расчетов/Кухня_01.04.25.xlsx,Лист1,H61,"{""H61"":""221500""}",=SUM(H56:H60),Лист1!H61
I-20250401-34715522351B3D02,P-2025-04-01,C-20250401-ADDAD16553681E5C,МДФ 16мм Пленка,МДФ 16мм Пленка,,facade,,МДФ 16мм Пленка,МДФ 16мм Пленка,16,,,,кв.м,m2,9.1,10.5,,,,,1.15,4378,45969,,,,,"{""thickness_mm"":{""status_codes"":[""static""],""source_cell"":""Лист1!B65""},""calculated_quantity"":{""status_codes"":[""static""],""source_cell"":""Лист1!D65""},""order_quantity"":{""status_codes"":[""static""],""source_cell"":""Лист1!F65""},""coefficient"":{""status_codes"":[""static""],""source_cell"":""Лист1!E65""},""historical_unit_price"":{""status_codes"":[""static"",""historical_price""],""source_cell"":""Лист1!G65""},""historical_line_cost"":{""status_codes"":[""derived"",""historical_price""],""source_cell"":""Лист1!H65"",""source_formula"":""=F65*G65""}}",derived;static;historical_price,source-materials/Medvedev.Works.Calc.zip,Medvedev.Works.Calc/Примеры расчетов/Кухня_01.04.25.xlsx,Лист1,A65:I65,"{""A65"":"""",""B65"":""МДФ 16мм Пленка"",""C65"":""кв.м"",""D65"":""9.1"",""E65"":""1.15"",""F65"":""10.5"",""G65"":""4378"",""H65"":""45969""}",=F65*G65,Лист1!H65
I-20250401-62769C93AEACFA9D,P-2025-04-01,C-20250401-ADDAD16553681E5C,"МДФ 19мм Пленка, фрезеровка","МДФ 19мм Пленка, фрезеровка",,facade,,"МДФ 19мм Пленка, фрезеровка","МДФ 19мм Пленка, фрезеровка",19,,,,кв.м,m2,5.7,6.6,,,,,1.15,4860,32076,,,,,"{""thickness_mm"":{""status_codes"":[""static""],""source_cell"":""Лист1!B66""},""calculated_quantity"":{""status_codes"":[""static""],""source_cell"":""Лист1!D66""},""order_quantity"":{""status_codes"":[""static""],""source_cell"":""Лист1!F66""},""coefficient"":{""status_codes"":[""static""],""source_cell"":""Лист1!E66""},""historical_unit_price"":{""status_codes"":[""static"",""historical_price""],""source_cell"":""Лист1!G66""},""historical_line_cost"":{""status_codes"":[""derived"",""historical_price""],""source_cell"":""Лист1!H66"",""source_formula"":""=F66*G66""}}",derived;static;historical_price,source-materials/Medvedev.Works.Calc.zip,Medvedev.Works.Calc/Примеры расчетов/Кухня_01.04.25.xlsx,Лист1,A66:I66,"{""A66"":"""",""B66"":""МДФ 19мм Пленка, фрезеровка"",""C66"":""кв.м"",""D66"":""5.7"",""E66"":""1.15"",""F66"":""6.6"",""G66"":""4860"",""H66"":""32076""}",=F66*G66,Лист1!H66
I-20250401-FDBD03CFC553524C,P-2025-04-01,C-20250401-ADDAD16553681E5C,Кромка 19х1,Кромка 19х1,,material,,Кромка 19х1,Кромка 19х1,,,,,м,m,89,107,,,,,1.2,29,3103,,,,,"{""calculated_quantity"":{""status_codes"":[""static""],""source_cell"":""Лист1!D67""},""order_quantity"":{""status_codes"":[""static""],""source_cell"":""Лист1!F67""},""coefficient"":{""status_codes"":[""static""],""source_cell"":""Лист1!E67""},""historical_unit_price"":{""status_codes"":[""static"",""historical_price""],""source_cell"":""Лист1!G67""},""historical_line_cost"":{""status_codes"":[""derived"",""historical_price""],""source_cell"":""Лист1!H67"",""source_formula"":""=F67*G67""}}",derived;static;historical_price,source-materials/Medvedev.Works.Calc.zip,Medvedev.Works.Calc/Примеры расчетов/Кухня_01.04.25.xlsx,Лист1,A67:I67,"{""A67"":"""",""B67"":""Кромка 19х1"",""C67"":""м"",""D67"":""89"",""E67"":""1.2"",""F67"":""107"",""G67"":""29"",""H67"":""3103""}",=F67*G67,Лист1!H67
I-20250401-C300944D0B7247C8,P-2025-04-01,C-20250401-ADDAD16553681E5C,"ЛДСП, 16 мм","ЛДСП, 16 мм",,material,,"ЛДСП, 16 мм","ЛДСП, 16 мм",16,,,,кв.м,m2,14.8,17,,,,,1.15,1160,19720,,,,,"{""thickness_mm"":{""status_codes"":[""static""],""source_cell"":""Лист1!B68""},""calculated_quantity"":{""status_codes"":[""static""],""source_cell"":""Лист1!D68""},""order_quantity"":{""status_codes"":[""static""],""source_cell"":""Лист1!F68""},""coefficient"":{""status_codes"":[""static""],""source_cell"":""Лист1!E68""},""historical_unit_price"":{""status_codes"":[""static"",""historical_price""],""source_cell"":""Лист1!G68""},""historical_line_cost"":{""status_codes"":[""derived"",""historical_price""],""source_cell"":""Лист1!H68"",""source_formula"":""=F68*G68""}}",derived;static;historical_price,source-materials/Medvedev.Works.Calc.zip,Medvedev.Works.Calc/Примеры расчетов/Кухня_01.04.25.xlsx,Лист1,A68:I68,"{""B68"":""ЛДСП, 16 мм"",""C68"":""кв.м"",""D68"":""14.8"",""E68"":""1.15"",""F68"":""17"",""G68"":""1160"",""H68"":""19720""}",=F68*G68,Лист1!H68
I-20250401-997E7AD63E01A911,P-2025-04-01,C-20250401-ADDAD16553681E5C,Раскрой,Раскрой,,work,,,,,,,,,,,,,,,,,,1700,,,,,"{""historical_line_cost"":{""status_codes"":[""static"",""historical_price""],""source_cell"":""Лист1!H69""}}",static;historical_price,source-materials/Medvedev.Works.Calc.zip,Medvedev.Works.Calc/Примеры расчетов/Кухня_01.04.25.xlsx,Лист1,B69:H69,"{""B69"":""Раскрой"",""H69"":""1700""}",,
I-20250401-3FC88A9F7E7802E5,P-2025-04-01,C-20250401-ADDAD16553681E5C,Покраска лаком,Покраска лаком,,work,,,,,,,,кв.м,m2,14.8,17,,,,,1.15,6000,102000,,,,,"{""calculated_quantity"":{""status_codes"":[""static""],""source_cell"":""Лист1!D70""},""order_quantity"":{""status_codes"":[""static""],""source_cell"":""Лист1!F70""},""coefficient"":{""status_codes"":[""static""],""source_cell"":""Лист1!E70""},""historical_unit_price"":{""status_codes"":[""static"",""historical_price""],""source_cell"":""Лист1!G70""},""historical_line_cost"":{""status_codes"":[""derived"",""historical_price""],""source_cell"":""Лист1!H70"",""source_formula"":""=F70*G70""}}",derived;static;historical_price,source-materials/Medvedev.Works.Calc.zip,Medvedev.Works.Calc/Примеры расчетов/Кухня_01.04.25.xlsx,Лист1,B70:H70,"{""B70"":""Покраска лаком"",""C70"":""кв.м"",""D70"":""14.8"",""E70"":""1.15"",""F70"":""17"",""G70"":""6000"",""H70"":""102000""}",=F70*G70,Лист1!H70
I-20250401-0EF2450BD184843C,P-2025-04-01,C-20250401-ADDAD16553681E5C,,Итого варианта фасадов №2,,subtotal,,,,,,,,,,,,,,,,,,204568,,,,,"{""historical_line_cost"":{""status_codes"":[""derived"",""historical_price""],""source_cell"":""Лист1!H71"",""source_formula"":""=SUM(H65:H70)""}}",derived;historical_price,source-materials/Medvedev.Works.Calc.zip,Medvedev.Works.Calc/Примеры расчетов/Кухня_01.04.25.xlsx,Лист1,H71,"{""H71"":""204568""}",=SUM(H65:H70),Лист1!H71
I-20250401-DCF970079F3E9ED4,P-2025-04-01,C-20250401-E397CAF9E55D9603,"Компонент ""Столешница""",Итого компонента «Столешница»,,subtotal,,,,,,,,,,,,,,,,,,1050000,,,,,"{""historical_line_cost"":{""status_codes"":[""static"",""historical_price""],""source_cell"":""Лист1!H73""}}",static;historical_price,source-materials/Medvedev.Works.Calc.zip,Medvedev.Works.Calc/Примеры расчетов/Кухня_01.04.25.xlsx,Лист1,A73:H73,"{""A73"":""Компонент \""Столешница\"""",""H73"":""1050000""}",,
